0	0	0	0	0	0
256	0	0	200	8	4
512	0	0	403	16	7
768	0	0	602	22	10
1024	0	0	799	30	14
1280	0	0	997	38	17
1536	0	0	1191	45	21
1792	0	0	1388	53	24
2048	0	0	1587	60	28
2303	0	0	1784	67	31
2559	0	0	1982	74	34
2815	0	0	2196	83	38
3071	0	0	2398	90	42
3327	0	0	2591	97	45
3583	0	0	2785	105	48
3839	0	0	2982	111	52
4095	0	0	3180	118	55
0	256	0	47	246	16
256	256	0	247	252	19
512	256	0	449	259	23
768	256	0	647	266	27
1024	256	0	845	272	29
1280	256	0	1041	279	33
1536	256	0	1237	286	37
1792	256	0	1435	293	40
2048	256	0	1633	300	44
2303	256	0	1830	307	47
2559	256	0	2032	313	50
2815	256	0	2244	320	54
3071	256	0	2446	327	57
3327	256	0	2636	334	61
3583	256	0	2831	341	64
3839	256	0	3030	348	67
4095	256	0	3228	354	71
0	512	0	94	486	32
256	512	0	295	493	35
512	512	0	497	499	39
768	512	0	695	506	42
1024	512	0	893	513	46
1280	512	0	1088	519	49
1536	512	0	1284	526	52
1792	512	0	1484	535	56
2048	512	0	1681	542	60
2303	512	0	1876	549	62
2559	512	0	2084	556	66
2815	512	0	2293	562	70
3071	512	0	2492	569	73
3327	512	0	2683	576	78
3583	512	0	2879	583	81
3839	512	0	3077	591	84
4095	512	0	3276	598	88
0	768	0	141	731	47
256	768	0	342	737	51
512	768	0	544	743	55
768	768	0	741	751	58
1024	768	0	938	757	62
1280	768	0	1134	765	65
1536	768	0	1332	771	68
1792	768	0	1529	778	72
2048	768	0	1727	785	74
2303	768	0	1924	792	79
2559	768	0	2134	799	83
2815	768	0	2340	807	86
3071	768	0	2538	813	90
3327	768	0	2728	820	93
3583	768	0	2926	827	96
3839	768	0	3124	835	100
4095	768	0	3322	842	104
0	1024	0	188	974	63
256	1024	0	391	980	67
512	1024	0	590	987	70
768	1024	0	788	995	74
1024	1024	0	984	1002	79
1280	1024	0	1180	1009	81
1536	1024	0	1379	1016	85
1792	1024	0	1576	1022	89
2048	1024	0	1774	1028	91
2303	1024	0	1971	1035	95
2559	1024	0	2184	1042	99
2815	1024	0	2388	1049	102
3071	1024	0	2583	1056	105
3327	1024	0	2775	1061	108
3583	1024	0	2973	1068	112
3839	1024	0	3172	1075	116
4095	1024	0	3369	1081	119
0	1280	0	235	1211	80
256	1280	0	438	1218	84
512	1280	0	636	1225	87
768	1280	0	833	1230	91
1024	1280	0	1031	1237	94
1280	1280	0	1226	1244	97
1536	1280	0	1424	1251	101
1792	1280	0	1623	1259	104
2048	1280	0	1821	1265	107
2303	1280	0	2021	1273	111
2559	1280	0	2235	1280	114
2815	1280	0	2436	1287	118
3071	1280	0	2627	1295	121
3327	1280	0	2822	1303	124
3583	1280	0	3020	1309	128
3839	1280	0	3217	1316	132
4095	1280	0	3417	1324	135
0	1536	0	282	1461	96
256	1536	0	484	1469	99
512	1536	0	682	1476	103
768	1536	0	879	1484	107
1024	1536	0	1075	1490	109
1280	1536	0	1272	1497	113
1536	1536	0	1471	1504	117
1792	1536	0	1669	1511	119
2048	1536	0	1867	1518	123
2303	1536	0	2072	1524	126
2559	1536	0	2281	1532	130
2815	1536	0	2483	1539	133
3071	1536	0	2673	1546	136
3327	1536	0	2868	1553	140
3583	1536	0	3067	1560	144
3839	1536	0	3265	1566	147
4095	1536	0	3462	1574	150
0	1792	0	329	1707	112
256	1792	0	530	1714	115
512	1792	0	728	1721	118
768	1792	0	925	1728	121
1024	1792	0	1121	1736	125
1280	1792	0	1319	1742	129
1536	1792	0	1518	1750	132
1792	1792	0	1715	1757	135
2048	1792	0	1913	1764	139
2303	1792	0	2122	1771	141
2559	1792	0	2329	1777	145
2815	1792	0	2527	1785	149
3071	1792	0	2718	1792	152
3327	1792	0	2915	1799	156
3583	1792	0	3113	1806	159
3839	1792	0	3311	1813	163
4095	1792	0	3507	1819	166
0	2048	0	375	1952	127
256	2048	0	577	1958	131
512	2048	0	774	1965	134
768	2048	0	971	1972	137
1024	2048	0	1168	1980	141
1280	2048	0	1366	1988	144
1536	2048	0	1564	1993	147
1792	2048	0	1762	2000	151
2048	2048	0	1959	2007	154
2303	2048	0	2172	2015	157
2559	2048	0	2377	2023	161
2815	2048	0	2571	2030	164
3071	2048	0	2763	2037	168
3327	2048	0	2962	2045	171
3583	2048	0	3160	2054	174
3839	2048	0	3358	2061	178
4095	2048	0	3553	2069	181
0	2303	0	424	2211	143
256	2303	0	623	2218	146
512	2303	0	821	2225	149
768	2303	0	1019	2233	153
1024	2303	0	1214	2242	156
1280	2303	0	1414	2250	159
1536	2303	0	1613	2257	163
1792	2303	0	1810	2264	167
2048	2303	0	2011	2271	170
2303	2303	0	2224	2278	173
2559	2303	0	2424	2285	175
2815	2303	0	2617	2293	179
3071	2303	0	2812	2299	183
3327	2303	0	3009	2306	186
3583	2303	0	3207	2313	190
3839	2303	0	3405	2319	193
4095	2303	0	3600	2326	195
0	2559	0	471	2457	158
256	2559	0	669	2464	161
512	2559	0	867	2470	164
768	2559	0	1064	2477	168
1024	2559	0	1260	2485	171
1280	2559	0	1459	2492	175
1536	2559	0	1658	2499	179
1792	2559	0	1856	2507	181
2048	2559	0	2061	2513	185
2303	2559	0	2270	2520	189
2559	2559	0	2472	2527	191
2815	2559	0	2662	2535	194
3071	2559	0	2858	2541	197
3327	2559	0	3056	2547	202
3583	2559	0	3253	2553	205
3839	2559	0	3452	2560	206
4095	2559	0	3645	2567	210
0	2815	0	517	2699	174
256	2815	0	717	2707	176
512	2815	0	913	2714	180
768	2815	0	1109	2721	183
1024	2815	0	1308	2728	187
1280	2815	0	1506	2734	190
1536	2815	0	1703	2741	193
1792	2815	0	1902	2748	196
2048	2815	0	2110	2755	200
2303	2815	0	2317	2761	203
2559	2815	0	2517	2768	207
2815	2815	0	2706	2775	210
3071	2815	0	2903	2782	213
3327	2815	0	3102	2788	217
3583	2815	0	3300	2794	220
3839	2815	0	3496	2801	221
4095	2815	0	3691	2810	221
0	3071	0	564	2942	188
256	3071	0	761	2949	191
512	3071	0	959	2958	195
768	3071	0	1160	2965	198
1024	3071	0	1357	2970	202
1280	3071	0	1554	2977	205
1536	3071	0	1751	2984	208
1792	3071	0	1949	2992	212
2048	3071	0	2160	3000	215
2303	3071	0	2365	3007	219
2559	3071	0	2561	3013	222
2815	3071	0	2753	3020	224
3071	3071	0	2949	3027	229
3327	3071	0	3148	3033	233
3583	3071	0	3347	3040	235
3839	3071	0	3542	3046	237
4095	3071	0	3737	3052	240
0	3327	0	610	3184	203
256	3327	0	808	3191	207
512	3327	0	1006	3198	210
768	3327	0	1207	3205	214
1024	3327	0	1404	3211	217
1280	3327	0	1601	3218	220
1536	3327	0	1798	3225	223
1792	3327	0	1998	3232	229
2048	3327	0	2211	3239	231
2303	3327	0	2413	3246	234
2559	3327	0	2605	3252	238
2815	3327	0	2799	3258	241
3071	3327	0	2998	3266	244
3327	3327	0	3195	3273	247
3583	3327	0	3392	3280	250
3839	3327	0	3589	3288	252
4095	3327	0	3783	3293	253
0	3583	0	656	3428	219
256	3583	0	855	3435	222
512	3583	0	1051	3442	225
768	3583	0	1248	3449	230
1024	3583	0	1448	3456	233
1280	3583	0	1646	3463	236
1536	3583	0	1843	3470	239
1792	3583	0	2048	3477	242
2048	3583	0	2258	3484	245
2303	3583	0	2459	3491	249
2559	3583	0	2649	3498	252
2815	3583	0	2845	3505	255
3071	3583	0	3043	3511	259
3327	3583	0	3242	3518	261
3583	3583	0	3440	3524	265
3839	3583	0	3633	3531	266
4095	3583	0	3828	3537	267
0	3839	0	702	3674	235
256	3839	0	899	3680	238
512	3839	0	1096	3687	240
768	3839	0	1294	3694	243
1024	3839	0	1493	3701	246
1280	3839	0	1691	3708	250
1536	3839	0	1888	3715	253
1792	3839	0	2096	3722	256
2048	3839	0	2305	3729	260
2303	3839	0	2505	3736	263
2559	3839	0	2694	3743	265
2815	3839	0	2891	3749	269
3071	3839	0	3089	3756	272
3327	3839	0	3288	3762	276
3583	3839	0	3486	3769	279
3839	3839	0	3679	3776	281
4095	3839	0	3874	3781	281
0	4095	0	747	3918	243
256	4095	0	944	3925	246
512	4095	0	1141	3931	249
768	4095	0	1340	3938	252
1024	4095	0	1538	3945	257
1280	4095	0	1735	3952	260
1536	4095	0	1935	3959	262
1792	4095	0	2145	3966	266
2048	4095	0	2350	3971	270
2303	4095	0	2547	3978	273
2559	4095	0	2738	3985	276
2815	4095	0	2936	3991	280
3071	4095	0	3136	3998	283
3327	4095	0	3333	4005	287
3583	4095	0	3529	4011	290
3839	4095	0	3724	4017	293
4095	4095	0	3918	4024	297
0	0	256	4	4	229
256	0	256	204	11	231
512	0	256	407	18	235
768	0	256	607	24	238
1024	0	256	805	31	241
1280	0	256	1003	39	245
1536	0	256	1199	46	247
1792	0	256	1397	54	251
2048	0	256	1597	62	254
2303	0	256	1792	68	257
2559	0	256	1990	77	260
2815	0	256	2205	84	263
3071	0	256	2406	92	267
3327	0	256	2600	99	270
3583	0	256	2793	107	273
3839	0	256	2991	113	276
4095	0	256	3188	121	280
0	256	256	50	251	244
256	256	256	252	258	246
512	256	256	454	265	249
768	256	256	653	272	251
1024	256	256	852	278	255
1280	256	256	1049	285	259
1536	256	256	1245	292	261
1792	256	256	1444	299	265
2048	256	256	1642	306	268
2303	256	256	1838	313	271
2559	256	256	2041	318	274
2815	256	256	2253	325	277
3071	256	256	2454	332	281
3327	256	256	2645	340	285
3583	256	256	2840	347	287
3839	256	256	3038	354	290
4095	256	256	3236	360	294
0	512	256	98	492	258
256	512	256	301	499	261
512	512	256	503	506	263
768	512	256	700	513	267
1024	512	256	899	520	270
1280	512	256	1095	526	273
1536	512	256	1293	534	276
1792	512	256	1492	541	279
2048	512	256	1689	548	282
2303	512	256	1885	555	286
2559	512	256	2093	563	289
2815	512	256	2301	569	292
3071	512	256	2500	576	296
3327	512	256	2691	583	298
3583	512	256	2888	590	301
3839	512	256	3085	597	305
4095	512	256	3284	604	308
0	768	256	145	739	272
256	768	256	347	744	276
512	768	256	550	750	278
768	768	256	748	757	282
1024	768	256	945	765	284
1280	768	256	1143	772	288
1536	768	256	1339	778	291
1792	768	256	1537	786	294
2048	768	256	1736	793	297
2303	768	256	1933	800	301
2559	768	256	2142	807	304
2815	768	256	2349	814	307
3071	768	256	2546	820	310
3327	768	256	2736	827	313
3583	768	256	2934	835	317
3839	768	256	3133	842	320
4095	768	256	3330	849	323
0	1024	256	192	982	287
256	1024	256	395	989	290
512	1024	256	595	995	293
768	1024	256	793	1002	297
1024	1024	256	992	1010	299
1280	1024	256	1187	1017	303
1536	1024	256	1386	1024	306
1792	1024	256	1583	1029	309
2048	1024	256	1781	1036	312
2303	1024	256	1979	1043	315
2559	1024	256	2192	1050	318
2815	1024	256	2396	1057	322
3071	1024	256	2591	1064	324
3327	1024	256	2783	1070	328
3583	1024	256	2981	1076	332
3839	1024	256	3179	1083	334
4095	1024	256	3377	1090	338
0	1280	256	239	1219	302
256	1280	256	443	1226	305
512	1280	256	642	1232	308
768	1280	256	840	1238	311
1024	1280	256	1038	1245	314
1280	1280	256	1233	1253	318
1536	1280	256	1432	1260	320
1792	1280	256	1631	1267	323
2048	1280	256	1828	1273	327
2303	1280	256	2029	1281	329
2559	1280	256	2243	1290	333
2815	1280	256	2444	1297	337
3071	1280	256	2635	1304	339
3327	1280	256	2830	1311	343
3583	1280	256	3028	1317	345
3839	1280	256	3225	1325	349
4095	1280	256	3424	1334	353
0	1536	256	286	1469	316
256	1536	256	488	1477	320
512	1536	256	688	1485	323
768	1536	256	886	1492	326
1024	1536	256	1082	1499	329
1280	1536	256	1279	1506	333
1536	1536	256	1479	1513	335
1792	1536	256	1677	1521	338
2048	1536	256	1875	1528	341
2303	1536	256	2080	1534	344
2559	1536	256	2289	1541	348
2815	1536	256	2490	1548	351
3071	1536	256	2681	1555	354
3327	1536	256	2876	1562	358
3583	1536	256	3074	1569	360
3839	1536	256	3272	1575	364
4095	1536	256	3469	1582	367
0	1792	256	333	1716	331
256	1792	256	536	1723	334
512	1792	256	733	1730	337
768	1792	256	932	1738	341
1024	1792	256	1128	1746	344
1280	1792	256	1326	1752	347
1536	1792	256	1525	1759	350
1792	1792	256	1722	1766	353
2048	1792	256	1920	1773	356
2303	1792	256	2130	1780	359
2559	1792	256	2336	1786	362
2815	1792	256	2534	1793	365
3071	1792	256	2725	1800	369
3327	1792	256	2922	1808	372
3583	1792	256	3121	1815	376
3839	1792	256	3319	1822	380
4095	1792	256	3514	1828	382
0	2048	256	381	1961	346
256	2048	256	582	1968	349
512	2048	256	779	1975	352
768	2048	256	977	1982	355
1024	2048	256	1175	1989	358
1280	2048	256	1373	1996	361
1536	2048	256	1570	2002	365
1792	2048	256	1769	2009	368
2048	2048	256	1966	2016	371
2303	2048	256	2179	2024	374
2559	2048	256	2384	2032	377
2815	2048	256	2579	2039	381
3071	2048	256	2770	2048	385
3327	2048	256	2970	2056	388
3583	2048	256	3168	2063	392
3839	2048	256	3364	2070	394
4095	2048	256	3560	2078	397
0	2303	256	429	2221	361
256	2303	256	628	2227	363
512	2303	256	827	2235	367
768	2303	256	1025	2243	370
1024	2303	256	1221	2251	373
1280	2303	256	1420	2258	376
1536	2303	256	1619	2266	380
1792	2303	256	1816	2273	384
2048	2303	256	2017	2280	387
2303	2303	256	2231	2287	389
2559	2303	256	2432	2294	392
2815	2303	256	2625	2302	396
3071	2303	256	2819	2308	399
3327	2303	256	3017	2315	402
3583	2303	256	3215	2322	406
3839	2303	256	3412	2329	409
4095	2303	256	3606	2335	412
0	2559	256	475	2466	375
256	2559	256	674	2473	378
512	2559	256	873	2479	382
768	2559	256	1070	2486	385
1024	2559	256	1266	2494	389
1280	2559	256	1466	2500	392
1536	2559	256	1665	2509	395
1792	2559	256	1863	2516	398
2048	2559	256	2068	2522	402
2303	2559	256	2277	2528	404
2559	2559	256	2478	2535	408
2815	2559	256	2669	2543	410
3071	2559	256	2865	2550	413
3327	2559	256	3063	2556	418
3583	2559	256	3260	2563	420
3839	2559	256	3459	2569	423
4095	2559	256	3652	2576	427
0	2815	256	521	2708	390
256	2815	256	721	2715	394
512	2815	256	918	2722	396
768	2815	256	1114	2728	400
1024	2815	256	1313	2735	404
1280	2815	256	1512	2742	406
1536	2815	256	1710	2749	410
1792	2815	256	1909	2756	413
2048	2815	256	2117	2764	416
2303	2815	256	2323	2770	419
2559	2815	256	2523	2777	423
2815	2815	256	2712	2784	425
3071	2815	256	2910	2790	429
3327	2815	256	3110	2797	431
3583	2815	256	3307	2803	435
3839	2815	256	3503	2811	438
4095	2815	256	3698	2818	439
0	3071	256	568	2950	405
256	3071	256	766	2958	409
512	3071	256	963	2965	411
768	3071	256	1162	2972	415
1024	3071	256	1360	2978	418
1280	3071	256	1559	2985	420
1536	3071	256	1758	2993	424
1792	3071	256	1955	3000	427
2048	3071	256	2167	3007	431
2303	3071	256	2372	3014	435
2559	3071	256	2567	3020	437
2815	3071	256	2758	3027	440
3071	3071	256	2955	3034	444
3327	3071	256	3155	3040	447
3583	3071	256	3353	3047	449
3839	3071	256	3548	3053	453
4095	3071	256	3744	3060	455
0	3327	256	614	3192	420
256	3327	256	812	3199	423
512	3327	256	1011	3206	426
768	3327	256	1208	3213	429
1024	3327	256	1407	3219	432
1280	3327	256	1606	3226	436
1536	3327	256	1804	3234	439
1792	3327	256	2004	3240	442
2048	3327	256	2218	3247	446
2303	3327	256	2420	3254	448
2559	3327	256	2613	3262	451
2815	3327	256	2805	3268	455
3071	3327	256	3004	3274	458
3327	3327	256	3203	3281	462
3583	3327	256	3399	3288	464
3839	3327	256	3596	3295	467
4095	3327	256	3790	3301	470
0	3583	256	660	3436	435
256	3583	256	859	3443	437
512	3583	256	1058	3451	440
768	3583	256	1258	3458	443
1024	3583	256	1457	3465	447
1280	3583	256	1652	3472	450
1536	3583	256	1849	3479	454
1792	3583	256	2055	3486	457
2048	3583	256	2266	3493	461
2303	3583	256	2466	3499	464
2559	3583	256	2657	3507	467
2815	3583	256	2853	3514	470
3071	3583	256	3050	3520	472
3327	3583	256	3248	3526	477
3583	3583	256	3446	3533	480
3839	3583	256	3641	3540	482
4095	3583	256	3836	3546	486
0	3839	256	706	3682	448
256	3839	256	904	3688	452
512	3839	256	1104	3695	455
768	3839	256	1304	3702	458
1024	3839	256	1500	3710	462
1280	3839	256	1698	3717	466
1536	3839	256	1894	3724	468
1792	3839	256	2103	3730	471
2048	3839	256	2312	3737	474
2303	3839	256	2512	3744	478
2559	3839	256	2701	3751	481
2815	3839	256	2898	3758	484
3071	3839	256	3096	3765	488
3327	3839	256	3295	3771	492
3583	3839	256	3492	3777	495
3839	3839	256	3685	3783	499
4095	3839	256	3879	3789	501
0	4095	256	751	3926	462
256	4095	256	949	3934	466
512	4095	256	1150	3940	470
768	4095	256	1349	3946	472
1024	4095	256	1545	3953	475
1280	4095	256	1740	3960	478
1536	4095	256	1940	3967	482
1792	4095	256	2151	3974	486
2048	4095	256	2358	3980	489
2303	4095	256	2555	3987	493
2559	4095	256	2745	3994	496
2815	4095	256	2942	3999	499
3071	4095	256	3142	4006	503
3327	4095	256	3339	4013	506
3583	4095	256	3535	4018	510
3839	4095	256	3730	4026	514
4095	4095	256	3923	4031	516
0	0	512	7	7	444
256	0	512	207	15	447
512	0	512	412	22	448
768	0	512	612	28	452
1024	0	512	810	35	456
1280	0	512	1009	42	458
1536	0	512	1205	50	462
1792	0	512	1404	57	465
2048	0	512	1603	64	468
2303	0	512	1799	70	472
2559	0	512	1997	79	475
2815	0	512	2213	87	478
3071	0	512	2413	95	481
3327	0	512	2606	102	484
3583	0	512	2800	110	487
3839	0	512	2998	116	491
4095	0	512	3196	124	494
0	256	512	54	255	459
256	256	512	255	263	461
512	256	512	458	270	464
768	256	512	658	277	466
1024	256	512	857	283	470
1280	256	512	1054	291	474
1536	256	512	1250	298	477
1792	256	512	1450	305	479
2048	256	512	1648	312	482
2303	256	512	1845	319	485
2559	256	512	2049	325	488
2815	256	512	2260	332	492
3071	256	512	2461	339	496
3327	256	512	2652	346	499
3583	256	512	2847	353	503
3839	256	512	3046	360	506
4095	256	512	3244	366	509
0	512	512	101	498	473
256	512	512	304	505	475
512	512	512	506	512	478
768	512	512	706	519	481
1024	512	512	905	526	484
1280	512	512	1101	533	488
1536	512	512	1298	541	491
1792	512	512	1498	548	494
2048	512	512	1695	555	497
2303	512	512	1892	562	500
2559	512	512	2101	569	504
2815	512	512	2309	575	508
3071	512	512	2508	582	511
3327	512	512	2699	590	515
3583	512	512	2895	597	518
3839	512	512	3093	604	521
4095	512	512	3292	611	525
0	768	512	148	745	487
256	768	512	351	751	490
512	768	512	555	758	493
768	768	512	752	765	496
1024	768	512	950	773	500
1280	768	512	1148	779	504
1536	768	512	1346	785	507
1792	768	512	1544	792	510
2048	768	512	1742	799	514
2303	768	512	1940	807	516
2559	768	512	2150	814	520
2815	768	512	2357	821	524
3071	768	512	2553	827	527
3327	768	512	2744	835	530
3583	768	512	2941	843	534
3839	768	512	3140	849	538
4095	768	512	3337	856	542
0	1024	512	195	991	503
256	1024	512	399	997	506
512	1024	512	600	1003	510
768	1024	512	798	1010	512
1024	1024	512	998	1017	516
1280	1024	512	1193	1024	519
1536	1024	512	1392	1031	522
1792	1024	512	1590	1037	526
2048	1024	512	1789	1043	528
2303	1024	512	1986	1050	533
2559	1024	512	2201	1057	537
2815	1024	512	2404	1064	540
3071	1024	512	2598	1071	544
3327	1024	512	2790	1077	548
3583	1024	512	2988	1084	550
3839	1024	512	3186	1090	554
4095	1024	512	3384	1098	558
0	1280	512	243	1227	518
256	1280	512	447	1234	522
512	1280	512	646	1241	524
768	1280	512	846	1247	528
1024	1280	512	1044	1253	533
1280	1280	512	1239	1260	536
1536	1280	512	1438	1267	539
1792	1280	512	1638	1274	542
2048	1280	512	1835	1281	545
2303	1280	512	2036	1290	549
2559	1280	512	2251	1298	551
2815	1280	512	2451	1305	556
3071	1280	512	2642	1312	560
3327	1280	512	2838	1319	562
3583	1280	512	3035	1325	566
3839	1280	512	3232	1333	569
4095	1280	512	3430	1342	572
0	1536	512	289	1477	535
256	1536	512	493	1485	539
512	1536	512	693	1493	541
768	1536	512	891	1500	545
1024	1536	512	1087	1506	548
1280	1536	512	1285	1514	552
1536	1536	512	1485	1520	555
1792	1536	512	1682	1528	557
2048	1536	512	1881	1536	561
2303	1536	512	2087	1542	565
2559	1536	512	2296	1549	568
2815	1536	512	2497	1556	571
3071	1536	512	2687	1563	575
3327	1536	512	2882	1570	578
3583	1536	512	3081	1577	582
3839	1536	512	3279	1583	584
4095	1536	512	3475	1589	588
0	1792	512	337	1724	551
256	1792	512	540	1731	553
512	1792	512	738	1738	557
768	1792	512	937	1746	561
1024	1792	512	1133	1753	563
1280	1792	512	1331	1760	567
1536	1792	512	1531	1767	571
1792	1792	512	1729	1774	573
2048	1792	512	1927	1781	577
2303	1792	512	2136	1788	580
2559	1792	512	2343	1794	583
2815	1792	512	2541	1801	587
3071	1792	512	2731	1807	590
3327	1792	512	2928	1815	593
3583	1792	512	3127	1822	597
3839	1792	512	3326	1829	600
4095	1792	512	3521	1835	604
0	2048	512	384	1968	565
256	2048	512	586	1975	569
512	2048	512	784	1983	572
768	2048	512	982	1990	575
1024	2048	512	1180	1997	579
1280	2048	512	1378	2004	582
1536	2048	512	1576	2010	586
1792	2048	512	1776	2017	590
2048	2048	512	1973	2024	593
2303	2048	512	2186	2032	595
2559	2048	512	2390	2039	599
2815	2048	512	2585	2046	601
3071	2048	512	2777	2055	605
3327	2048	512	2976	2063	609
3583	2048	512	3174	2070	612
3839	2048	512	3371	2078	616
4095	2048	512	3567	2086	619
0	2303	512	433	2229	581
256	2303	512	633	2235	584
512	2303	512	831	2243	587
768	2303	512	1030	2251	591
1024	2303	512	1226	2258	594
1280	2303	512	1426	2266	597
1536	2303	512	1625	2274	601
1792	2303	512	1823	2281	605
2048	2303	512	2024	2288	608
2303	2303	512	2238	2295	611
2559	2303	512	2438	2303	615
2815	2303	512	2631	2310	617
3071	2303	512	2826	2316	621
3327	2303	512	3023	2323	624
3583	2303	512	3222	2329	628
3839	2303	512	3419	2336	631
4095	2303	512	3613	2343	634
0	2559	512	479	2474	596
256	2559	512	679	2481	600
512	2559	512	878	2487	602
768	2559	512	1075	2493	606
1024	2559	512	1272	2500	610
1280	2559	512	1472	2508	613
1536	2559	512	1671	2515	617
1792	2559	512	1868	2523	620
2048	2559	512	2074	2529	623
2303	2559	512	2284	2536	628
2559	2559	512	2484	2543	630
2815	2559	512	2675	2550	633
3071	2559	512	2871	2557	636
3327	2559	512	3069	2563	640
3583	2559	512	3267	2570	643
3839	2559	512	3465	2577	647
4095	2559	512	3659	2583	650
0	2815	512	525	2715	612
256	2815	512	725	2722	615
512	2815	512	923	2729	618
768	2815	512	1119	2735	622
1024	2815	512	1318	2742	625
1280	2815	512	1517	2749	629
1536	2815	512	1716	2756	632
1792	2815	512	1915	2764	635
2048	2815	512	2123	2771	639
2303	2815	512	2329	2777	642
2559	2815	512	2529	2784	646
2815	2815	512	2719	2791	648
3071	2815	512	2916	2797	651
3327	2815	512	3116	2804	655
3583	2815	512	3314	2811	659
3839	2815	512	3510	2818	662
4095	2815	512	3704	2825	665
0	3071	512	572	2958	627
256	3071	512	770	2965	630
512	3071	512	969	2972	634
768	3071	512	1166	2980	637
1024	3071	512	1364	2986	641
1280	3071	512	1564	2993	644
1536	3071	512	1763	3001	647
1792	3071	512	1961	3008	651
2048	3071	512	2174	3014	654
2303	3071	512	2377	3021	657
2559	3071	512	2573	3028	661
2815	3071	512	2766	3035	665
3071	3071	512	2964	3041	667
3327	3071	512	3162	3047	671
3583	3071	512	3360	3054	674
3839	3071	512	3555	3060	677
4095	3071	512	3749	3067	681
0	3327	512	618	3199	642
256	3327	512	816	3206	646
512	3327	512	1015	3213	650
768	3327	512	1212	3220	653
1024	3327	512	1412	3227	656
1280	3327	512	1611	3234	660
1536	3327	512	1810	3241	663
1792	3327	512	2010	3248	667
2048	3327	512	2224	3254	670
2303	3327	512	2425	3262	673
2559	3327	512	2618	3269	677
2815	3327	512	2812	3275	680
3071	3327	512	3011	3281	684
3327	3327	512	3209	3288	688
3583	3327	512	3406	3295	690
3839	3327	512	3602	3302	694
4095	3327	512	3796	3308	697
0	3583	512	664	3444	658
256	3583	512	864	3451	661
512	3583	512	1063	3458	664
768	3583	512	1265	3465	668
1024	3583	512	1462	3472	672
1280	3583	512	1658	3480	674
1536	3583	512	1855	3486	678
1792	3583	512	2060	3493	682
2048	3583	512	2271	3500	686
2303	3583	512	2471	3507	689
2559	3583	512	2663	3514	692
2815	3583	512	2858	3521	697
3071	3583	512	3056	3527	701
3327	3583	512	3254	3533	703
3583	3583	512	3452	3540	706
3839	3583	512	3646	3547	710
4095	3583	512	3841	3553	713
0	3839	512	711	3690	674
256	3839	512	909	3696	677
512	3839	512	1110	3702	679
768	3839	512	1310	3709	684
1024	3839	512	1507	3717	687
1280	3839	512	1703	3724	691
1536	3839	512	1901	3731	695
1792	3839	512	2109	3737	698
2048	3839	512	2318	3744	701
2303	3839	512	2517	3752	705
2559	3839	512	2706	3759	708
2815	3839	512	2904	3765	712
3071	3839	512	3102	3772	716
3327	3839	512	3301	3778	718
3583	3839	512	3498	3784	721
3839	3839	512	3691	3790	725
4095	3839	512	3886	3796	728
0	4095	512	756	3933	690
256	4095	512	954	3940	693
512	4095	512	1153	3946	696
768	4095	512	1352	3953	700
1024	4095	512	1550	3960	703
1280	4095	512	1748	3967	707
1536	4095	512	1946	3974	711
1792	4095	512	2158	3981	713
2048	4095	512	2364	3986	717
2303	4095	512	2561	3993	719
2559	4095	512	2752	4000	723
2815	4095	512	2948	4007	727
3071	4095	512	3148	4014	730
3327	4095	512	3346	4021	734
3583	4095	512	3541	4026	738
3839	4095	512	3736	4031	740
4095	4095	512	3930	4037	744
0	0	768	10	12	669
256	0	768	211	19	670
512	0	768	415	26	674
768	0	768	616	32	678
1024	0	768	815	39	681
1280	0	768	1014	46	686
1536	0	768	1211	54	689
1792	0	768	1409	61	692
2048	0	768	1609	68	696
2303	0	768	1805	75	698
2559	0	768	2003	83	702
2815	0	768	2219	90	706
3071	0	768	2420	98	709
3327	0	768	2612	105	713
3583	0	768	2807	113	716
3839	0	768	3005	119	719
4095	0	768	3203	126	723
0	256	768	57	260	686
256	256	768	258	267	687
512	256	768	462	274	690
768	256	768	663	282	693
1024	256	768	862	288	697
1280	256	768	1059	295	701
1536	256	768	1256	302	704
1792	256	768	1456	309	708
2048	256	768	1653	317	712
2303	256	768	1850	324	714
2559	256	768	2055	330	717
2815	256	768	2268	337	721
3071	256	768	2468	344	724
3327	256	768	2659	351	727
3583	256	768	2853	358	729
3839	256	768	3052	365	733
4095	256	768	3250	370	737
0	512	768	105	503	700
256	512	768	308	510	703
512	512	768	511	517	706
768	512	768	711	524	709
1024	512	768	910	533	713
1280	512	768	1106	539	716
1536	512	768	1304	546	719
1792	512	768	1504	553	723
2048	512	768	1701	560	724
2303	512	768	1898	567	728
2559	512	768	2106	574	732
2815	512	768	2315	581	735
3071	512	768	2515	588	739
3327	512	768	2705	594	743
3583	512	768	2901	601	745
3839	512	768	3098	608	749
4095	512	768	3297	616	753
0	768	768	152	751	715
256	768	768	355	757	719
512	768	768	559	764	721
768	768	768	757	771	724
1024	768	768	955	778	728
1280	768	768	1154	785	731
1536	768	768	1351	791	734
1792	768	768	1549	798	737
2048	768	768	1749	805	740
2303	768	768	1945	812	744
2559	768	768	2156	819	748
2815	768	768	2363	826	751
3071	768	768	2559	832	754
3327	768	768	2749	840	757
3583	768	768	2947	848	761
3839	768	768	3146	855	765
4095	768	768	3343	862	767
0	1024	768	199	997	731
256	1024	768	403	1004	735
512	1024	768	604	1010	737
768	1024	768	803	1017	740
1024	1024	768	1001	1024	743
1280	1024	768	1198	1030	746
1536	1024	768	1398	1037	750
1792	1024	768	1597	1043	753
2048	1024	768	1794	1049	756
2303	1024	768	1992	1056	760
2559	1024	768	2208	1063	763
2815	1024	768	2409	1070	766
3071	1024	768	2604	1077	770
3327	1024	768	2796	1083	773
3583	1024	768	2994	1090	777
3839	1024	768	3192	1096	780
4095	1024	768	3389	1103	783
0	1280	768	247	1234	746
256	1280	768	451	1240	749
512	1280	768	651	1247	753
768	1280	768	850	1252	756
1024	1280	768	1049	1259	759
1280	1280	768	1245	1266	762
1536	1280	768	1445	1273	765
1792	1280	768	1644	1281	768
2048	1280	768	1841	1287	772
2303	1280	768	2042	1296	775
2559	1280	768	2257	1304	779
2815	1280	768	2456	1311	783
3071	1280	768	2648	1319	785
3327	1280	768	2844	1326	789
3583	1280	768	3040	1332	793
3839	1280	768	3238	1339	795
4095	1280	768	3437	1346	799
0	1536	768	293	1484	761
256	1536	768	497	1491	764
512	1536	768	697	1499	768
768	1536	768	895	1506	771
1024	1536	768	1093	1513	775
1280	1536	768	1291	1520	779
1536	1536	768	1490	1527	781
1792	1536	768	1688	1534	784
2048	1536	768	1886	1542	788
2303	1536	768	2092	1548	791
2559	1536	768	2302	1555	794
2815	1536	768	2501	1563	797
3071	1536	768	2693	1570	801
3327	1536	768	2888	1576	805
3583	1536	768	3087	1583	807
3839	1536	768	3285	1589	811
4095	1536	768	3482	1597	815
0	1792	768	340	1729	776
256	1792	768	544	1737	780
512	1792	768	742	1745	784
768	1792	768	941	1753	786
1024	1792	768	1139	1760	790
1280	1792	768	1337	1766	793
1536	1792	768	1537	1774	797
1792	1792	768	1735	1781	800
2048	1792	768	1933	1788	803
2303	1792	768	2143	1795	806
2559	1792	768	2349	1801	810
2815	1792	768	2546	1808	813
3071	1792	768	2737	1814	816
3327	1792	768	2934	1821	820
3583	1792	768	3133	1828	823
3839	1792	768	3332	1835	827
4095	1792	768	3527	1841	829
0	2048	768	388	1974	792
256	2048	768	590	1981	795
512	2048	768	789	1989	798
768	2048	768	988	1996	801
1024	2048	768	1184	2004	805
1280	2048	768	1383	2011	808
1536	2048	768	1582	2017	813
1792	2048	768	1781	2023	817
2048	2048	768	1979	2030	819
2303	2048	768	2192	2038	822
2559	2048	768	2396	2046	825
2815	2048	768	2591	2054	828
3071	2048	768	2783	2061	832
3327	2048	768	2981	2069	836
3583	2048	768	3180	2077	840
3839	2048	768	3377	2084	843
4095	2048	768	3574	2092	846
0	2303	768	436	2234	807
256	2303	768	637	2241	810
512	2303	768	837	2250	813
768	2303	768	1035	2257	817
1024	2303	768	1230	2265	820
1280	2303	768	1431	2272	824
1536	2303	768	1631	2280	828
1792	2303	768	1829	2287	831
2048	2303	768	2030	2295	836
2303	2303	768	2244	2302	838
2559	2303	768	2444	2310	842
2815	2303	768	2637	2316	845
3071	2303	768	2831	2322	848
3327	2303	768	3029	2329	851
3583	2303	768	3227	2336	856
3839	2303	768	3425	2343	858
4095	2303	768	3619	2350	862
0	2559	768	483	2480	823
256	2559	768	684	2487	826
512	2559	768	882	2493	829
768	2559	768	1080	2500	832
1024	2559	768	1277	2508	837
1280	2559	768	1478	2514	841
1536	2559	768	1676	2521	844
1792	2559	768	1873	2528	847
2048	2559	768	2079	2535	851
2303	2559	768	2290	2542	854
2559	2559	768	2490	2549	858
2815	2559	768	2681	2556	861
3071	2559	768	2877	2563	863
3327	2559	768	3075	2569	867
3583	2559	768	3273	2576	870
3839	2559	768	3471	2583	874
4095	2559	768	3665	2590	878
0	2815	768	529	2722	838
256	2815	768	730	2729	842
512	2815	768	928	2736	846
768	2815	768	1124	2742	849
1024	2815	768	1324	2749	853
1280	2815	768	1523	2755	856
1536	2815	768	1722	2763	859
1792	2815	768	1921	2770	863
2048	2815	768	2129	2777	866
2303	2815	768	2336	2783	870
2559	2815	768	2535	2790	874
2815	2815	768	2724	2797	876
3071	2815	768	2921	2804	879
3327	2815	768	3122	2812	883
3583	2815	768	3319	2818	886
3839	2815	768	3516	2825	890
4095	2815	768	3710	2832	893
0	3071	768	576	2965	854
256	3071	768	774	2972	858
512	3071	768	973	2979	861
768	3071	768	1171	2986	865
1024	3071	768	1369	2992	869
1280	3071	768	1569	2999	871
1536	3071	768	1769	3007	875
1792	3071	768	1966	3014	879
2048	3071	768	2179	3021	881
2303	3071	768	2383	3028	886
2559	3071	768	2578	3034	888
2815	3071	768	2771	3041	892
3071	3071	768	2969	3048	895
3327	3071	768	3168	3054	898
3583	3071	768	3366	3061	902
3839	3071	768	3561	3067	905
4095	3071	768	3755	3073	909
0	3327	768	622	3206	870
256	3327	768	821	3213	874
512	3327	768	1019	3220	877
768	3327	768	1217	3227	880
1024	3327	768	1417	3234	883
1280	3327	768	1616	3240	887
1536	3327	768	1815	3247	890
1792	3327	768	2015	3254	894
2048	3327	768	2231	3262	898
2303	3327	768	2430	3269	901
2559	3327	768	2623	3276	904
2815	3327	768	2818	3281	907
3071	3327	768	3016	3287	911
3327	3327	768	3215	3294	914
3583	3327	768	3412	3301	917
3839	3327	768	3607	3308	920
4095	3327	768	3801	3313	924
0	3583	768	668	3451	885
256	3583	768	868	3457	888
512	3583	768	1066	3464	892
768	3583	768	1265	3471	896
1024	3583	768	1466	3478	899
1280	3583	768	1663	3486	902
1536	3583	768	1860	3492	906
1792	3583	768	2066	3499	909
2048	3583	768	2277	3505	913
2303	3583	768	2476	3513	916
2559	3583	768	2669	3520	920
2815	3583	768	2864	3527	923
3071	3583	768	3062	3533	927
3327	3583	768	3260	3540	930
3583	3583	768	3458	3546	933
3839	3583	768	3651	3552	935
4095	3583	768	3845	3559	939
0	3839	768	715	3696	900
256	3839	768	913	3702	904
512	3839	768	1112	3708	907
768	3839	768	1311	3715	910
1024	3839	768	1510	3723	914
1280	3839	768	1708	3730	918
1536	3839	768	1907	3737	921
1792	3839	768	2115	3742	925
2048	3839	768	2323	3750	928
2303	3839	768	2521	3757	931
2559	3839	768	2711	3764	935
2815	3839	768	2909	3770	939
3071	3839	768	3106	3778	942
3327	3839	768	3305	3783	946
3583	3839	768	3502	3789	949
3839	3839	768	3697	3796	951
4095	3839	768	3891	3802	955
0	4095	768	760	3939	916
256	4095	768	958	3946	920
512	4095	768	1156	3952	923
768	4095	768	1355	3959	926
1024	4095	768	1554	3965	930
1280	4095	768	1753	3973	933
1536	4095	768	1952	3979	936
1792	4095	768	2163	3986	941
2048	4095	768	2369	3992	943
2303	4095	768	2565	3999	947
2559	4095	768	2756	4006	951
2815	4095	768	2953	4012	954
3071	4095	768	3153	4018	956
3327	4095	768	3350	4026	961
3583	4095	768	3545	4031	964
3839	4095	768	3741	4038	967
4095	4095	768	3934	4043	969
0	0	1024	14	16	897
256	0	1024	214	23	900
512	0	1024	419	30	903
768	0	1024	621	36	906
1024	0	1024	820	43	910
1280	0	1024	1020	50	912
1536	0	1024	1216	58	916
1792	0	1024	1414	65	920
2048	0	1024	1614	72	923
2303	0	1024	1811	80	927
2559	0	1024	2009	87	930
2815	0	1024	2226	94	933
3071	0	1024	2426	102	937
3327	0	1024	2619	109	940
3583	0	1024	2814	117	943
3839	0	1024	3011	123	946
4095	0	1024	3208	130	950
0	256	1024	60	265	913
256	256	1024	262	273	914
512	256	1024	467	279	917
768	256	1024	667	286	920
1024	256	1024	866	292	925
1280	256	1024	1064	299	928
1536	256	1024	1262	306	931
1792	256	1024	1462	313	935
2048	256	1024	1659	321	938
2303	256	1024	1856	328	941
2559	256	1024	2061	334	944
2815	256	1024	2274	341	948
3071	256	1024	2473	348	952
3327	256	1024	2665	355	955
3583	256	1024	2859	362	958
3839	256	1024	3058	369	961
4095	256	1024	3255	375	965
0	512	1024	108	508	928
256	512	1024	311	515	931
512	512	1024	515	522	933
768	512	1024	715	529	937
1024	512	1024	914	538	939
1280	512	1024	1111	544	944
1536	512	1024	1309	551	947
1792	512	1024	1509	558	949
2048	512	1024	1706	565	953
2303	512	1024	1903	572	957
2559	512	1024	2112	580	959
2815	512	1024	2321	586	963
3071	512	1024	2519	593	966
3327	512	1024	2710	600	969
3583	512	1024	2906	607	972
3839	512	1024	3103	614	975
4095	512	1024	3303	621	978
0	768	1024	155	756	943
256	768	1024	358	762	946
512	768	1024	563	769	950
768	768	1024	762	776	953
1024	768	1024	960	783	955
1280	768	1024	1158	791	959
1536	768	1024	1355	797	962
1792	768	1024	1554	804	964
2048	768	1024	1754	810	968
2303	768	1024	1951	818	970
2559	768	1024	2162	825	974
2815	768	1024	2369	832	978
3071	768	1024	2564	839	981
3327	768	1024	2755	846	983
3583	768	1024	2953	853	988
3839	768	1024	3151	860	991
4095	768	1024	3348	867	995
0	1024	1024	202	1001	958
256	1024	1024	407	1008	961
512	1024	1024	608	1014	964
768	1024	1024	807	1021	968
1024	1024	1024	1006	1029	971
1280	1024	1024	1203	1036	973
1536	1024	1024	1402	1043	976
1792	1024	1024	1601	1049	980
2048	1024	1024	1799	1055	983
2303	1024	1024	1997	1061	987
2559	1024	1024	2213	1068	990
2815	1024	1024	2414	1075	993
3071	1024	1024	2608	1082	997
3327	1024	1024	2801	1088	1000
3583	1024	1024	2999	1095	1002
3839	1024	1024	3197	1102	1006
4095	1024	1024	3394	1109	1010
0	1280	1024	249	1238	973
256	1280	1024	454	1246	975
512	1280	1024	655	1253	979
768	1280	1024	855	1259	982
1024	1280	1024	1053	1265	985
1280	1280	1024	1248	1272	989
1536	1280	1024	1449	1279	992
1792	1280	1024	1648	1286	995
2048	1280	1024	1845	1294	998
2303	1280	1024	2046	1301	1002
2559	1280	1024	2262	1309	1005
2815	1280	1024	2461	1316	1008
3071	1280	1024	2652	1323	1012
3327	1280	1024	2848	1331	1015
3583	1280	1024	3045	1337	1018
3839	1280	1024	3243	1344	1021
4095	1280	1024	3442	1352	1024
0	1536	1024	297	1490	988
256	1536	1024	500	1497	992
512	1536	1024	701	1505	994
768	1536	1024	900	1512	998
1024	1536	1024	1097	1519	1001
1280	1536	1024	1296	1526	1004
1536	1536	1024	1496	1534	1008
1792	1536	1024	1693	1540	1010
2048	1536	1024	1891	1548	1013
2303	1536	1024	2097	1554	1017
2559	1536	1024	2307	1561	1020
2815	1536	1024	2507	1568	1023
3071	1536	1024	2697	1576	1026
3327	1536	1024	2893	1582	1029
3583	1536	1024	3092	1589	1033
3839	1536	1024	3290	1596	1036
4095	1536	1024	3487	1603	1039
0	1792	1024	343	1736	1003
256	1792	1024	548	1743	1005
512	1792	1024	746	1751	1009
768	1792	1024	946	1759	1012
1024	1792	1024	1143	1765	1015
1280	1792	1024	1341	1771	1019
1536	1792	1024	1541	1779	1023
1792	1792	1024	1739	1786	1025
2048	1792	1024	1938	1794	1028
2303	1792	1024	2148	1800	1032
2559	1792	1024	2355	1806	1035
2815	1792	1024	2551	1814	1038
3071	1792	1024	2743	1821	1040
3327	1792	1024	2940	1828	1044
3583	1792	1024	3138	1835	1048
3839	1792	1024	3337	1842	1051
4095	1792	1024	3532	1848	1054
0	2048	1024	391	1980	1018
256	2048	1024	594	1987	1021
512	2048	1024	792	1995	1024
768	2048	1024	991	2002	1027
1024	2048	1024	1189	2009	1030
1280	2048	1024	1387	2017	1034
1536	2048	1024	1586	2022	1037
1792	2048	1024	1786	2029	1040
2048	2048	1024	1983	2036	1044
2303	2048	1024	2198	2045	1046
2559	2048	1024	2401	2054	1050
2815	2048	1024	2595	2060	1053
3071	2048	1024	2787	2068	1056
3327	2048	1024	2986	2075	1059
3583	2048	1024	3185	2083	1063
3839	2048	1024	3382	2090	1066
4095	2048	1024	3579	2098	1070
0	2303	1024	440	2241	1032
256	2303	1024	640	2247	1035
512	2303	1024	841	2255	1039
768	2303	1024	1039	2263	1042
1024	2303	1024	1234	2271	1045
1280	2303	1024	1435	2278	1049
1536	2303	1024	1635	2286	1052
1792	2303	1024	1833	2293	1055
2048	2303	1024	2034	2300	1058
2303	2303	1024	2249	2308	1062
2559	2303	1024	2448	2316	1065
2815	2303	1024	2641	2322	1068
3071	2303	1024	2835	2327	1071
3327	2303	1024	3033	2334	1074
3583	2303	1024	3232	2341	1077
3839	2303	1024	3429	2348	1081
4095	2303	1024	3623	2356	1084
0	2559	1024	487	2485	1047
256	2559	1024	687	2492	1050
512	2559	1024	885	2498	1053
768	2559	1024	1084	2507	1057
1024	2559	1024	1281	2514	1060
1280	2559	1024	1482	2520	1063
1536	2559	1024	1680	2527	1067
1792	2559	1024	1878	2534	1070
2048	2559	1024	2084	2540	1073
2303	2559	1024	2294	2547	1077
2559	2559	1024	2494	2553	1080
2815	2559	1024	2685	2560	1082
3071	2559	1024	2881	2567	1086
3327	2559	1024	3079	2573	1088
3583	2559	1024	3277	2580	1092
3839	2559	1024	3475	2587	1095
4095	2559	1024	3669	2594	1098
0	2815	1024	533	2727	1061
256	2815	1024	733	2734	1065
512	2815	1024	931	2741	1068
768	2815	1024	1128	2748	1071
1024	2815	1024	1328	2754	1074
1280	2815	1024	1528	2761	1078
1536	2815	1024	1726	2768	1082
1792	2815	1024	1925	2775	1084
2048	2815	1024	2134	2783	1088
2303	2815	1024	2340	2789	1092
2559	2815	1024	2539	2796	1095
2815	2815	1024	2728	2802	1097
3071	2815	1024	2926	2810	1101
3327	2815	1024	3126	2817	1103
3583	2815	1024	3324	2823	1107
3839	2815	1024	3519	2830	1110
4095	2815	1024	3713	2837	1113
0	3071	1024	579	2971	1076
256	3071	1024	778	2978	1079
512	3071	1024	977	2985	1083
768	3071	1024	1175	2992	1087
1024	3071	1024	1373	2998	1089
1280	3071	1024	1573	3005	1093
1536	3071	1024	1773	3012	1096
1792	3071	1024	1970	3019	1099
2048	3071	1024	2183	3026	1103
2303	3071	1024	2387	3034	1106
2559	3071	1024	2582	3039	1109
2815	3071	1024	2775	3046	1113
3071	3071	1024	2973	3053	1115
3327	3071	1024	3171	3060	1118
3583	3071	1024	3370	3066	1122
3839	3071	1024	3566	3072	1125
4095	3071	1024	3759	3078	1128
0	3327	1024	626	3211	1091
256	3327	1024	825	3218	1094
512	3327	1024	1024	3225	1098
768	3327	1024	1221	3232	1101
1024	3327	1024	1420	3239	1104
1280	3327	1024	1620	3245	1107
1536	3327	1024	1819	3252	1110
1792	3327	1024	2019	3259	1114
2048	3327	1024	2234	3267	1118
2303	3327	1024	2434	3273	1121
2559	3327	1024	2627	3280	1124
2815	3327	1024	2822	3286	1127
3071	3327	1024	3020	3293	1130
3327	3327	1024	3217	3299	1133
3583	3327	1024	3416	3306	1136
3839	3327	1024	3611	3312	1141
4095	3327	1024	3804	3318	1144
0	3583	1024	671	3455	1106
256	3583	1024	872	3462	1109
512	3583	1024	1069	3469	1113
768	3583	1024	1266	3476	1115
1024	3583	1024	1468	3484	1119
1280	3583	1024	1666	3491	1122
1536	3583	1024	1864	3497	1125
1792	3583	1024	2070	3504	1129
2048	3583	1024	2281	3511	1132
2303	3583	1024	2479	3518	1135
2559	3583	1024	2672	3525	1140
2815	3583	1024	2867	3532	1143
3071	3583	1024	3065	3537	1147
3327	3583	1024	3265	3544	1150
3583	3583	1024	3461	3551	1151
3839	3583	1024	3655	3557	1155
4095	3583	1024	3849	3563	1158
0	3839	1024	718	3701	1123
256	3839	1024	916	3706	1125
512	3839	1024	1114	3713	1126
768	3839	1024	1313	3721	1130
1024	3839	1024	1512	3728	1134
1280	3839	1024	1711	3735	1138
1536	3839	1024	1910	3742	1141
1792	3839	1024	2118	3748	1145
2048	3839	1024	2327	3755	1148
2303	3839	1024	2525	3761	1151
2559	3839	1024	2715	3768	1153
2815	3839	1024	2912	3775	1158
3071	3839	1024	3111	3782	1161
3327	3839	1024	3309	3787	1163
3583	3839	1024	3506	3794	1167
3839	3839	1024	3699	3800	1171
4095	3839	1024	3894	3807	1173
0	4095	1024	762	3944	1139
256	4095	1024	961	3951	1142
512	4095	1024	1158	3957	1142
768	4095	1024	1357	3964	1146
1024	4095	1024	1556	3971	1149
1280	4095	1024	1756	3977	1153
1536	4095	1024	1954	3984	1156
1792	4095	1024	2166	3991	1159
2048	4095	1024	2372	3997	1163
2303	4095	1024	2568	4003	1167
2559	4095	1024	2759	4010	1169
2815	4095	1024	2956	4017	1172
3071	4095	1024	3155	4024	1175
3327	4095	1024	3353	4031	1179
3583	4095	1024	3548	4036	1182
3839	4095	1024	3743	4042	1185
4095	4095	1024	3937	4048	1187
0	0	1280	17	20	1118
256	0	1280	217	27	1120
512	0	1280	423	34	1124
768	0	1280	625	40	1127
1024	0	1280	824	48	1130
1280	0	1280	1024	55	1133
1536	0	1280	1220	62	1138
1792	0	1280	1419	70	1140
2048	0	1280	1619	78	1144
2303	0	1280	1815	84	1147
2559	0	1280	2014	91	1150
2815	0	1280	2231	99	1154
3071	0	1280	2430	106	1157
3327	0	1280	2623	114	1160
3583	0	1280	2818	121	1165
3839	0	1280	3015	127	1169
4095	0	1280	3212	135	1171
0	256	1280	64	270	1133
256	256	1280	265	277	1134
512	256	1280	470	284	1139
768	256	1280	671	291	1142
1024	256	1280	870	297	1145
1280	256	1280	1068	304	1148
1536	256	1280	1265	311	1151
1792	256	1280	1466	318	1154
2048	256	1280	1664	325	1158
2303	256	1280	1861	332	1161
2559	256	1280	2066	338	1164
2815	256	1280	2278	345	1168
3071	256	1280	2477	353	1170
3327	256	1280	2669	360	1174
3583	256	1280	2864	367	1184
3839	256	1280	3062	374	1185
4095	256	1280	3259	381	1186
0	512	1280	111	513	1148
256	512	1280	314	520	1151
512	512	1280	519	527	1154
768	512	1280	718	535	1156
1024	512	1280	917	542	1160
1280	512	1280	1115	548	1163
1536	512	1280	1313	555	1166
1792	512	1280	1513	563	1169
2048	512	1280	1711	570	1173
2303	512	1280	1908	577	1176
2559	512	1280	2117	584	1179
2815	512	1280	2326	590	1182
3071	512	1280	2523	598	1186
3327	512	1280	2714	605	1190
3583	512	1280	2911	612	1192
3839	512	1280	3108	619	1203
4095	512	1280	3307	626	1205
0	768	1280	158	761	1162
256	768	1280	361	767	1166
512	768	1280	566	774	1170
768	768	1280	765	781	1171
1024	768	1280	963	788	1175
1280	768	1280	1161	795	1178
1536	768	1280	1359	802	1180
1792	768	1280	1558	809	1184
2048	768	1280	1758	816	1187
2303	768	1280	1954	822	1190
2559	768	1280	2166	830	1194
2815	768	1280	2372	838	1197
3071	768	1280	2568	845	1201
3327	768	1280	2759	852	1204
3583	768	1280	2958	858	1206
3839	768	1280	3156	865	1209
4095	768	1280	3353	872	1213
0	1024	1280	205	1006	1177
256	1024	1280	410	1013	1181
512	1024	1280	611	1020	1184
768	1024	1280	811	1027	1187
1024	1024	1280	1011	1035	1191
1280	1024	1280	1207	1041	1192
1536	1024	1280	1405	1048	1195
1792	1024	1280	1605	1053	1197
2048	1024	1280	1803	1060	1201
2303	1024	1280	2001	1067	1205
2559	1024	1280	2217	1074	1208
2815	1024	1280	2418	1081	1211
3071	1024	1280	2613	1088	1215
3327	1024	1280	2805	1093	1218
3583	1024	1280	3003	1100	1223
3839	1024	1280	3202	1107	1227
4095	1024	1280	3399	1113	1229
0	1280	1280	252	1244	1192
256	1280	1280	458	1251	1195
512	1280	1280	658	1257	1199
768	1280	1280	858	1263	1202
1024	1280	1280	1057	1270	1205
1280	1280	1280	1253	1278	1208
1536	1280	1280	1453	1285	1211
1792	1280	1280	1652	1293	1214
2048	1280	1280	1849	1299	1217
2303	1280	1280	2052	1306	1221
2559	1280	1280	2267	1314	1224
2815	1280	1280	2465	1321	1228
3071	1280	1280	2657	1329	1231
3327	1280	1280	2853	1336	1235
3583	1280	1280	3050	1342	1239
3839	1280	1280	3248	1349	1242
4095	1280	1280	3446	1356	1245
0	1536	1280	299	1496	1206
256	1536	1280	503	1503	1209
512	1536	1280	704	1511	1212
768	1536	1280	903	1518	1217
1024	1536	1280	1100	1525	1220
1280	1536	1280	1299	1532	1224
1536	1536	1280	1499	1539	1227
1792	1536	1280	1697	1546	1230
2048	1536	1280	1895	1553	1234
2303	1536	1280	2102	1560	1237
2559	1536	1280	2311	1567	1241
2815	1536	1280	2510	1574	1244
3071	1536	1280	2701	1581	1247
3327	1536	1280	2897	1588	1251
3583	1536	1280	3096	1596	1255
3839	1536	1280	3294	1601	1257
4095	1536	1280	3490	1609	1261
0	1792	1280	347	1742	1221
256	1792	1280	551	1749	1224
512	1792	1280	749	1756	1228
768	1792	1280	949	1763	1232
1024	1792	1280	1147	1770	1235
1280	1792	1280	1344	1777	1239
1536	1792	1280	1544	1785	1243
1792	1792	1280	1743	1791	1247
2048	1792	1280	1942	1799	1249
2303	1792	1280	2152	1805	1253
2559	1792	1280	2358	1811	1256
2815	1792	1280	2555	1818	1259
3071	1792	1280	2746	1826	1263
3327	1792	1280	2943	1833	1267
3583	1792	1280	3142	1840	1270
3839	1792	1280	3340	1847	1274
4095	1792	1280	3536	1853	1278
0	2048	1280	394	1986	1238
256	2048	1280	597	1993	1241
512	2048	1280	796	2000	1244
768	2048	1280	995	2008	1248
1024	2048	1280	1192	2015	1252
1280	2048	1280	1391	2022	1255
1536	2048	1280	1589	2028	1259
1792	2048	1280	1789	2035	1263
2048	2048	1280	1987	2042	1265
2303	2048	1280	2203	2051	1270
2559	2048	1280	2406	2059	1274
2815	2048	1280	2599	2066	1276
3071	2048	1280	2791	2073	1280
3327	2048	1280	2990	2081	1282
3583	2048	1280	3188	2088	1287
3839	2048	1280	3385	2095	1292
4095	2048	1280	3582	2103	1294
0	2303	1280	443	2246	1254
256	2303	1280	643	2252	1257
512	2303	1280	844	2260	1260
768	2303	1280	1042	2268	1264
1024	2303	1280	1238	2276	1267
1280	2303	1280	1439	2284	1271
1536	2303	1280	1638	2291	1275
1792	2303	1280	1836	2298	1278
2048	2303	1280	2038	2307	1282
2303	2303	1280	2253	2314	1287
2559	2303	1280	2451	2321	1290
2815	2303	1280	2644	2327	1294
3071	2303	1280	2839	2332	1297
3327	2303	1280	3036	2339	1300
3583	2303	1280	3235	2345	1304
3839	2303	1280	3433	2353	1306
4095	2303	1280	3627	2360	1309
0	2559	1280	489	2489	1270
256	2559	1280	690	2497	1272
512	2559	1280	889	2504	1276
768	2559	1280	1087	2511	1280
1024	2559	1280	1284	2518	1283
1280	2559	1280	1485	2525	1287
1536	2559	1280	1684	2532	1292
1792	2559	1280	1881	2539	1295
2048	2559	1280	2087	2544	1299
2303	2559	1280	2298	2551	1303
2559	2559	1280	2497	2558	1307
2815	2559	1280	2688	2565	1309
3071	2559	1280	2884	2572	1312
3327	2559	1280	3082	2578	1316
3583	2559	1280	3281	2585	1320
3839	2559	1280	3478	2592	1322
4095	2559	1280	3672	2599	1326
0	2815	1280	536	2732	1285
256	2815	1280	735	2739	1288
512	2815	1280	934	2746	1293
768	2815	1280	1132	2752	1296
1024	2815	1280	1331	2759	1300
1280	2815	1280	1531	2765	1304
1536	2815	1280	1729	2773	1307
1792	2815	1280	1928	2780	1311
2048	2815	1280	2138	2787	1315
2303	2815	1280	2343	2792	1318
2559	2815	1280	2541	2800	1322
2815	2815	1280	2732	2808	1324
3071	2815	1280	2929	2814	1328
3327	2815	1280	3129	2821	1332
3583	2815	1280	3327	2827	1335
3839	2815	1280	3523	2834	1338
4095	2815	1280	3717	2841	1342
0	3071	1280	582	2976	1302
256	3071	1280	781	2982	1305
512	3071	1280	981	2989	1310
768	3071	1280	1177	2996	1313
1024	3071	1280	1376	3002	1316
1280	3071	1280	1576	3009	1319
1536	3071	1280	1776	3016	1323
1792	3071	1280	1972	3023	1327
2048	3071	1280	2187	3030	1330
2303	3071	1280	2391	3038	1334
2559	3071	1280	2585	3043	1338
2815	3071	1280	2778	3050	1341
3071	3071	1280	2976	3057	1344
3327	3071	1280	3175	3064	1348
3583	3071	1280	3373	3070	1351
3839	3071	1280	3568	3076	1354
4095	3071	1280	3762	3082	1357
0	3327	1280	629	3216	1318
256	3327	1280	828	3222	1322
512	3327	1280	1027	3229	1325
768	3327	1280	1224	3236	1329
1024	3327	1280	1423	3243	1332
1280	3327	1280	1623	3249	1335
1536	3327	1280	1823	3256	1339
1792	3327	1280	2023	3264	1343
2048	3327	1280	2238	3271	1346
2303	3327	1280	2438	3278	1350
2559	3327	1280	2631	3285	1353
2815	3327	1280	2825	3291	1357
3071	3327	1280	3023	3297	1361
3327	3327	1280	3221	3304	1363
3583	3327	1280	3419	3310	1367
3839	3327	1280	3614	3317	1370
4095	3327	1280	3807	3322	1373
0	3583	1280	674	3459	1334
256	3583	1280	875	3467	1337
512	3583	1280	1072	3474	1341
768	3583	1280	1269	3481	1345
1024	3583	1280	1471	3488	1348
1280	3583	1280	1669	3495	1352
1536	3583	1280	1867	3501	1356
1792	3583	1280	2073	3508	1359
2048	3583	1280	2284	3515	1362
2303	3583	1280	2482	3522	1366
2559	3583	1280	2676	3529	1369
2815	3583	1280	2871	3536	1373
3071	3583	1280	3068	3542	1376
3327	3583	1280	3268	3548	1380
3583	3583	1280	3464	3556	1383
3839	3583	1280	3658	3561	1385
4095	3583	1280	3852	3568	1389
0	3839	1280	720	3704	1352
256	3839	1280	919	3711	1354
512	3839	1280	1117	3719	1357
768	3839	1280	1315	3726	1361
1024	3839	1280	1515	3733	1364
1280	3839	1280	1714	3740	1368
1536	3839	1280	1912	3747	1370
1792	3839	1280	2121	3753	1375
2048	3839	1280	2330	3759	1379
2303	3839	1280	2528	3766	1381
2559	3839	1280	2718	3773	1385
2815	3839	1280	2915	3779	1389
3071	3839	1280	3114	3786	1392
3327	3839	1280	3312	3792	1396
3583	3839	1280	3509	3798	1400
3839	3839	1280	3702	3804	1402
4095	3839	1280	3897	3810	1405
0	4095	1280	765	3948	1366
256	4095	1280	964	3955	1370
512	4095	1280	1161	3961	1373
768	4095	1280	1360	3968	1376
1024	4095	1280	1560	3975	1380
1280	4095	1280	1759	3982	1383
1536	4095	1280	1957	3989	1386
1792	4095	1280	2169	3995	1390
2048	4095	1280	2375	4001	1395
2303	4095	1280	2571	4008	1397
2559	4095	1280	2762	4014	1401
2815	4095	1280	2960	4022	1404
3071	4095	1280	3159	4028	1408
3327	4095	1280	3356	4035	1412
3583	4095	1280	3552	4040	1415
3839	4095	1280	3747	4046	1418
4095	4095	1280	3941	4052	1421
0	0	1536	20	24	1346
256	0	1536	220	31	1349
512	0	1536	426	38	1353
768	0	1536	628	45	1356
1024	0	1536	826	52	1360
1280	0	1536	1026	59	1363
1536	0	1536	1222	66	1366
1792	0	1536	1421	74	1370
2048	0	1536	1622	82	1374
2303	0	1536	1818	89	1377
2559	0	1536	2017	96	1381
2815	0	1536	2234	103	1383
3071	0	1536	2433	110	1387
3327	0	1536	2626	118	1392
3583	0	1536	2822	125	1395
3839	0	1536	3019	131	1400
4095	0	1536	3216	139	1402
0	256	1536	67	274	1362
256	256	1536	268	281	1365
512	256	1536	473	288	1367
768	256	1536	673	295	1371
1024	256	1536	873	301	1375
1280	256	1536	1071	308	1377
1536	256	1536	1268	315	1381
1792	256	1536	1469	322	1385
2048	256	1536	1667	329	1388
2303	256	1536	1864	336	1392
2559	256	1536	2069	342	1396
2815	256	1536	2282	349	1399
3071	256	1536	2481	357	1403
3327	256	1536	2673	364	1408
3583	256	1536	2868	371	1413
3839	256	1536	3066	378	1416
4095	256	1536	3264	385	1417
0	512	1536	114	518	1377
256	512	1536	317	524	1381
512	512	1536	521	532	1384
768	512	1536	721	539	1387
1024	512	1536	921	546	1391
1280	512	1536	1118	552	1393
1536	512	1536	1315	559	1397
1792	512	1536	1516	566	1400
2048	512	1536	1714	574	1404
2303	512	1536	1911	581	1408
2559	512	1536	2120	588	1411
2815	512	1536	2329	594	1415
3071	512	1536	2526	601	1419
3327	512	1536	2718	609	1422
3583	512	1536	2914	616	1426
3839	512	1536	3112	623	1430
4095	512	1536	3311	630	1434
0	768	1536	161	765	1393
256	768	1536	364	771	1396
512	768	1536	570	777	1400
768	768	1536	767	785	1403
1024	768	1536	966	792	1406
1280	768	1536	1164	799	1410
1536	768	1536	1362	805	1414
1792	768	1536	1561	812	1416
2048	768	1536	1761	820	1420
2303	768	1536	1957	827	1424
2559	768	1536	2170	835	1428
2815	768	1536	2377	842	1432
3071	768	1536	2571	848	1434
3327	768	1536	2762	855	1438
3583	768	1536	2961	862	1443
3839	768	1536	3159	869	1446
4095	768	1536	3356	876	1450
0	1024	1536	208	1010	1410
256	1024	1536	412	1017	1413
512	1024	1536	614	1023	1416
768	1024	1536	814	1030	1420
1024	1024	1536	1013	1038	1423
1280	1024	1536	1209	1044	1427
1536	1024	1536	1409	1051	1429
1792	1024	1536	1609	1057	1433
2048	1024	1536	1806	1064	1437
2303	1024	1536	2004	1071	1439
2559	1024	1536	2221	1078	1444
2815	1024	1536	2422	1084	1449
3071	1024	1536	2616	1091	1451
3327	1024	1536	2809	1097	1455
3583	1024	1536	3006	1104	1459
3839	1024	1536	3205	1110	1462
4095	1024	1536	3402	1117	1465
0	1280	1536	255	1247	1425
256	1280	1536	460	1253	1429
512	1280	1536	660	1260	1432
768	1280	1536	860	1266	1435
1024	1280	1536	1059	1273	1440
1280	1280	1536	1255	1280	1444
1536	1280	1536	1456	1288	1447
1792	1280	1536	1656	1297	1450
2048	1280	1536	1853	1303	1453
2303	1280	1536	2056	1310	1457
2559	1280	1536	2270	1318	1461
2815	1280	1536	2468	1325	1463
3071	1280	1536	2661	1332	1467
3327	1280	1536	2856	1339	1471
3583	1280	1536	3053	1346	1473
3839	1280	1536	3251	1353	1477
4095	1280	1536	3449	1360	1481
0	1536	1536	302	1499	1440
256	1536	1536	506	1506	1445
512	1536	1536	707	1514	1447
768	1536	1536	905	1521	1452
1024	1536	1536	1103	1528	1456
1280	1536	1536	1302	1536	1460
1536	1536	1536	1501	1543	1462
1792	1536	1536	1699	1550	1465
2048	1536	1536	1899	1557	1468
2303	1536	1536	2106	1563	1472
2559	1536	1536	2316	1571	1476
2815	1536	1536	2514	1578	1479
3071	1536	1536	2704	1585	1483
3327	1536	1536	2900	1592	1486
3583	1536	1536	3099	1599	1489
3839	1536	1536	3297	1605	1493
4095	1536	1536	3493	1612	1496
0	1792	1536	349	1746	1458
256	1792	1536	554	1753	1462
512	1792	1536	753	1760	1464
768	1792	1536	951	1768	1467
1024	1792	1536	1149	1775	1471
1280	1792	1536	1347	1781	1474
1536	1792	1536	1548	1788	1478
1792	1792	1536	1747	1794	1481
2048	1792	1536	1943	1802	1484
2303	1792	1536	2154	1809	1488
2559	1792	1536	2361	1816	1492
2815	1792	1536	2557	1823	1496
3071	1792	1536	2749	1830	1499
3327	1792	1536	2946	1837	1502
3583	1792	1536	3145	1844	1506
3839	1792	1536	3343	1850	1509
4095	1792	1536	3539	1856	1512
0	2048	1536	397	1990	1473
256	2048	1536	600	1997	1476
512	2048	1536	799	2004	1480
768	2048	1536	999	2011	1483
1024	2048	1536	1196	2019	1486
1280	2048	1536	1395	2026	1490
1536	2048	1536	1595	2032	1495
1792	2048	1536	1793	2039	1498
2048	2048	1536	1989	2048	1500
2303	2048	1536	2205	2055	1504
2559	2048	1536	2408	2062	1508
2815	2048	1536	2602	2069	1512
3071	2048	1536	2794	2077	1514
3327	2048	1536	2993	2085	1518
3583	2048	1536	3192	2092	1522
3839	2048	1536	3389	2100	1525
4095	2048	1536	3586	2107	1528
0	2303	1536	445	2250	1488
256	2303	1536	646	2257	1492
512	2303	1536	847	2265	1496
768	2303	1536	1045	2272	1499
1024	2303	1536	1241	2280	1502
1280	2303	1536	1443	2288	1507
1536	2303	1536	1642	2296	1510
1792	2303	1536	1839	2302	1514
2048	2303	1536	2041	2310	1518
2303	2303	1536	2257	2318	1521
2559	2303	1536	2454	2325	1524
2815	2303	1536	2648	2332	1527
3071	2303	1536	2843	2337	1530
3327	2303	1536	3040	2344	1534
3583	2303	1536	3238	2352	1537
3839	2303	1536	3436	2358	1540
4095	2303	1536	3631	2365	1543
0	2559	1536	493	2494	1504
256	2559	1536	693	2501	1508
512	2559	1536	892	2508	1511
768	2559	1536	1091	2515	1515
1024	2559	1536	1287	2522	1519
1280	2559	1536	1488	2529	1521
1536	2559	1536	1687	2536	1525
1792	2559	1536	1884	2543	1529
2048	2559	1536	2090	2549	1532
2303	2559	1536	2301	2555	1536
2559	2559	1536	2499	2562	1540
2815	2559	1536	2691	2569	1542
3071	2559	1536	2887	2576	1546
3327	2559	1536	3085	2582	1550
3583	2559	1536	3284	2589	1552
3839	2559	1536	3481	2596	1556
4095	2559	1536	3675	2603	1558
0	2815	1536	539	2735	1520
256	2815	1536	738	2743	1523
512	2815	1536	937	2749	1526
768	2815	1536	1134	2756	1530
1024	2815	1536	1334	2763	1534
1280	2815	1536	1533	2770	1537
1536	2815	1536	1731	2777	1541
1792	2815	1536	1931	2784	1545
2048	2815	1536	2141	2791	1548
2303	2815	1536	2347	2797	1551
2559	2815	1536	2544	2804	1555
2815	2815	1536	2735	2812	1558
3071	2815	1536	2932	2819	1562
3327	2815	1536	3132	2826	1565
3583	2815	1536	3330	2832	1569
3839	2815	1536	3526	2839	1572
4095	2815	1536	3721	2845	1575
0	3071	1536	585	2979	1535
256	3071	1536	784	2986	1539
512	3071	1536	983	2993	1542
768	3071	1536	1180	3001	1546
1024	3071	1536	1379	3007	1549
1280	3071	1536	1579	3013	1553
1536	3071	1536	1778	3020	1557
1792	3071	1536	1976	3027	1560
2048	3071	1536	2191	3034	1564
2303	3071	1536	2393	3041	1568
2559	3071	1536	2588	3048	1570
2815	3071	1536	2781	3055	1574
3071	3071	1536	2980	3061	1577
3327	3071	1536	3178	3068	1581
3583	3071	1536	3376	3075	1584
3839	3071	1536	3572	3081	1587
4095	3071	1536	3766	3087	1591
0	3327	1536	632	3220	1551
256	3327	1536	831	3227	1555
512	3327	1536	1029	3234	1559
768	3327	1536	1227	3241	1562
1024	3327	1536	1426	3248	1565
1280	3327	1536	1626	3254	1569
1536	3327	1536	1825	3262	1572
1792	3327	1536	2026	3268	1576
2048	3327	1536	2242	3275	1580
2303	3327	1536	2441	3282	1583
2559	3327	1536	2634	3289	1587
2815	3327	1536	2828	3295	1591
3071	3327	1536	3027	3302	1594
3327	3327	1536	3225	3308	1598
3583	3327	1536	3423	3316	1601
3839	3327	1536	3618	3322	1604
4095	3327	1536	3811	3327	1607
0	3583	1536	677	3464	1566
256	3583	1536	878	3471	1570
512	3583	1536	1075	3479	1575
768	3583	1536	1272	3486	1577
1024	3583	1536	1474	3493	1581
1280	3583	1536	1673	3500	1585
1536	3583	1536	1870	3506	1588
1792	3583	1536	2076	3513	1592
2048	3583	1536	2288	3520	1596
2303	3583	1536	2486	3527	1599
2559	3583	1536	2679	3534	1603
2815	3583	1536	2874	3541	1607
3071	3583	1536	3072	3547	1611
3327	3583	1536	3271	3554	1614
3583	3583	1536	3468	3561	1617
3839	3583	1536	3662	3568	1620
4095	3583	1536	3856	3574	1624
0	3839	1536	723	3709	1583
256	3839	1536	922	3715	1586
512	3839	1536	1120	3724	1589
768	3839	1536	1318	3731	1594
1024	3839	1536	1518	3738	1598
1280	3839	1536	1717	3745	1601
1536	3839	1536	1916	3751	1605
1792	3839	1536	2125	3757	1609
2048	3839	1536	2334	3764	1612
2303	3839	1536	2531	3771	1615
2559	3839	1536	2722	3778	1619
2815	3839	1536	2920	3784	1622
3071	3839	1536	3118	3791	1626
3327	3839	1536	3316	3797	1629
3583	3839	1536	3513	3803	1633
3839	3839	1536	3707	3809	1635
4095	3839	1536	3901	3815	1638
0	4095	1536	768	3953	1599
256	4095	1536	966	3960	1603
512	4095	1536	1164	3966	1606
768	4095	1536	1363	3973	1610
1024	4095	1536	1563	3980	1614
1280	4095	1536	1762	3987	1617
1536	4095	1536	1960	3994	1621
1792	4095	1536	2173	4000	1623
2048	4095	1536	2379	4006	1627
2303	4095	1536	2574	4013	1632
2559	4095	1536	2766	4020	1634
2815	4095	1536	2964	4027	1638
3071	4095	1536	3163	4033	1642
3327	4095	1536	3360	4039	1645
3583	4095	1536	3555	4045	1649
3839	4095	1536	3751	4051	1652
4095	4095	1536	3944	4057	1654
0	0	1792	24	28	1580
256	0	1792	223	35	1582
512	0	1792	428	42	1585
768	0	1792	630	48	1589
1024	0	1792	829	56	1594
1280	0	1792	1029	63	1596
1536	0	1792	1225	71	1600
1792	0	1792	1424	79	1603
2048	0	1792	1624	86	1607
2303	0	1792	1821	93	1611
2559	0	1792	2020	100	1614
2815	0	1792	2238	107	1618
3071	0	1792	2437	114	1622
3327	0	1792	2629	122	1624
3583	0	1792	2825	129	1628
3839	0	1792	3022	135	1632
4095	0	1792	3220	142	1635
0	256	1792	70	277	1596
256	256	1792	270	285	1598
512	256	1792	475	292	1601
768	256	1792	676	299	1605
1024	256	1792	876	305	1608
1280	256	1792	1073	312	1612
1536	256	1792	1270	319	1615
1792	256	1792	1471	326	1618
2048	256	1792	1669	333	1622
2303	256	1792	1867	340	1626
2559	256	1792	2072	346	1629
2815	256	1792	2286	353	1633
3071	256	1792	2483	361	1637
3327	256	1792	2676	368	1640
3583	256	1792	2871	375	1644
3839	256	1792	3069	383	1647
4095	256	1792	3268	389	1650
0	512	1792	118	521	1612
256	512	1792	320	528	1614
512	512	1792	524	535	1617
768	512	1792	723	543	1620
1024	512	1792	923	550	1624
1280	512	1792	1120	556	1628
1536	512	1792	1318	564	1631
1792	512	1792	1519	571	1634
2048	512	1792	1717	578	1638
2303	512	1792	1914	585	1641
2559	512	1792	2123	592	1645
2815	512	1792	2333	598	1650
3071	512	1792	2530	606	1652
3327	512	1792	2721	613	1656
3583	512	1792	2917	620	1659
3839	512	1792	3116	627	1662
4095	512	1792	3314	634	1666
0	768	1792	164	769	1627
256	768	1792	366	775	1630
512	768	1792	571	781	1634
768	768	1792	770	789	1637
1024	768	1792	968	796	1640
1280	768	1792	1167	803	1644
1536	768	1792	1365	809	1647
1792	768	1792	1564	817	1650
2048	768	1792	1764	824	1654
2303	768	1792	1960	831	1658
2559	768	1792	2173	839	1661
2815	768	1792	2379	846	1664
3071	768	1792	2574	852	1668
3327	768	1792	2765	860	1671
3583	768	1792	2964	867	1674
3839	768	1792	3162	874	1678
4095	768	1792	3359	881	1682
0	1024	1792	211	1015	1643
256	1024	1792	415	1021	1646
512	1024	1792	616	1027	1649
768	1024	1792	816	1034	1653
1024	1024	1792	1016	1042	1657
1280	1024	1792	1212	1049	1660
1536	1024	1792	1412	1055	1662
1792	1024	1792	1611	1061	1666
2048	1024	1792	1809	1068	1670
2303	1024	1792	2008	1075	1674
2559	1024	1792	2225	1082	1678
2815	1024	1792	2424	1089	1680
3071	1024	1792	2618	1096	1684
3327	1024	1792	2812	1102	1686
3583	1024	1792	3010	1108	1690
3839	1024	1792	3209	1115	1693
4095	1024	1792	3405	1122	1697
0	1280	1792	258	1251	1659
256	1280	1792	463	1258	1662
512	1280	1792	663	1264	1665
768	1280	1792	863	1271	1668
1024	1280	1792	1062	1278	1674
1280	1280	1792	1258	1284	1675
1536	1280	1792	1459	1293	1680
1792	1280	1792	1659	1301	1682
2048	1280	1792	1856	1308	1686
2303	1280	1792	2059	1316	1690
2559	1280	1792	2274	1323	1692
2815	1280	1792	2471	1331	1696
3071	1280	1792	2664	1338	1699
3327	1280	1792	2859	1345	1702
3583	1280	1792	3057	1351	1706
3839	1280	1792	3255	1357	1710
4095	1280	1792	3452	1365	1713
0	1536	1792	304	1504	1674
256	1536	1792	508	1511	1677
512	1536	1792	709	1518	1680
768	1536	1792	908	1526	1684
1024	1536	1792	1105	1533	1687
1280	1536	1792	1305	1540	1692
1536	1536	1792	1505	1549	1695
1792	1536	1792	1702	1555	1698
2048	1536	1792	1902	1562	1701
2303	1536	1792	2108	1569	1705
2559	1536	1792	2318	1576	1709
2815	1536	1792	2518	1583	1712
3071	1536	1792	2708	1589	1715
3327	1536	1792	2904	1597	1718
3583	1536	1792	3102	1604	1722
3839	1536	1792	3301	1610	1725
4095	1536	1792	3496	1617	1728
0	1792	1792	352	1751	1690
256	1792	1792	556	1758	1692
512	1792	1792	755	1765	1696
768	1792	1792	954	1772	1699
1024	1792	1792	1152	1780	1703
1280	1792	1792	1351	1786	1707
1536	1792	1792	1551	1793	1711
1792	1792	1792	1750	1800	1714
2048	1792	1792	1947	1807	1717
2303	1792	1792	2158	1814	1719
2559	1792	1792	2365	1820	1723
2815	1792	1792	2560	1827	1727
3071	1792	1792	2752	1834	1730
3327	1792	1792	2950	1841	1733
3583	1792	1792	3149	1848	1737
3839	1792	1792	3346	1855	1740
4095	1792	1792	3542	1861	1745
0	2048	1792	399	1994	1706
256	2048	1792	602	2002	1709
512	2048	1792	801	2009	1712
768	2048	1792	1001	2017	1715
1024	2048	1792	1198	2023	1719
1280	2048	1792	1397	2030	1723
1536	2048	1792	1597	2036	1725
1792	2048	1792	1795	2043	1729
2048	2048	1792	1991	2051	1732
2303	2048	1792	2209	2059	1735
2559	2048	1792	2411	2067	1739
2815	2048	1792	2605	2074	1742
3071	2048	1792	2798	2081	1747
3327	2048	1792	2997	2088	1750
3583	2048	1792	3195	2097	1753
3839	2048	1792	3392	2104	1756
4095	2048	1792	3589	2112	1760
0	2303	1792	448	2255	1720
256	2303	1792	649	2262	1724
512	2303	1792	850	2270	1726
768	2303	1792	1048	2277	1730
1024	2303	1792	1244	2285	1735
1280	2303	1792	1446	2293	1738
1536	2303	1792	1645	2301	1741
1792	2303	1792	1842	2307	1746
2048	2303	1792	2044	2315	1748
2303	2303	1792	2260	2323	1752
2559	2303	1792	2457	2330	1755
2815	2303	1792	2651	2337	1759
3071	2303	1792	2846	2342	1762
3327	2303	1792	3043	2349	1765
3583	2303	1792	3242	2356	1768
3839	2303	1792	3440	2363	1772
4095	2303	1792	3634	2370	1774
0	2559	1792	495	2499	1735
256	2559	1792	696	2507	1738
512	2559	1792	895	2513	1742
768	2559	1792	1094	2520	1747
1024	2559	1792	1292	2527	1750
1280	2559	1792	1492	2534	1754
1536	2559	1792	1690	2541	1758
1792	2559	1792	1887	2548	1760
2048	2559	1792	2094	2553	1764
2303	2559	1792	2305	2560	1768
2559	2559	1792	2502	2567	1771
2815	2559	1792	2694	2575	1774
3071	2559	1792	2891	2581	1777
3327	2559	1792	3089	2587	1780
3583	2559	1792	3288	2594	1784
3839	2559	1792	3485	2600	1787
4095	2559	1792	3679	2607	1790
0	2815	1792	542	2740	1752
256	2815	1792	741	2748	1755
512	2815	1792	940	2755	1759
768	2815	1792	1138	2761	1763
1024	2815	1792	1337	2768	1765
1280	2815	1792	1537	2775	1770
1536	2815	1792	1735	2782	1773
1792	2815	1792	1934	2789	1776
2048	2815	1792	2144	2796	1780
2303	2815	1792	2350	2803	1783
2559	2815	1792	2548	2811	1787
2815	2815	1792	2738	2817	1790
3071	2815	1792	2936	2824	1792
3327	2815	1792	3136	2831	1796
3583	2815	1792	3334	2837	1800
3839	2815	1792	3530	2844	1803
4095	2815	1792	3725	2850	1806
0	3071	1792	588	2984	1766
256	3071	1792	787	2992	1771
512	3071	1792	987	2998	1774
768	3071	1792	1184	3005	1777
1024	3071	1792	1383	3012	1781
1280	3071	1792	1583	3019	1785
1536	3071	1792	1782	3026	1788
1792	3071	1792	1979	3032	1792
2048	3071	1792	2194	3039	1796
2303	3071	1792	2397	3047	1798
2559	3071	1792	2592	3053	1802
2815	3071	1792	2785	3060	1805
3071	3071	1792	2983	3067	1808
3327	3071	1792	3181	3073	1812
3583	3071	1792	3380	3080	1815
3839	3071	1792	3576	3086	1818
4095	3071	1792	3770	3092	1822
0	3327	1792	635	3225	1782
256	3327	1792	833	3232	1786
512	3327	1792	1032	3239	1789
768	3327	1792	1230	3246	1793
1024	3327	1792	1430	3253	1797
1280	3327	1792	1629	3258	1799
1536	3327	1792	1828	3266	1803
1792	3327	1792	2029	3273	1807
2048	3327	1792	2245	3280	1810
2303	3327	1792	2444	3287	1814
2559	3327	1792	2637	3294	1818
2815	3327	1792	2832	3299	1821
3071	3327	1792	3031	3306	1825
3327	3327	1792	3229	3313	1827
3583	3327	1792	3427	3320	1830
3839	3327	1792	3622	3327	1834
4095	3327	1792	3815	3332	1836
0	3583	1792	680	3470	1798
256	3583	1792	881	3477	1802
512	3583	1792	1079	3484	1804
768	3583	1792	1275	3491	1808
1024	3583	1792	1477	3498	1812
1280	3583	1792	1676	3505	1815
1536	3583	1792	1873	3511	1819
1792	3583	1792	2080	3518	1822
2048	3583	1792	2292	3525	1825
2303	3583	1792	2489	3532	1829
2559	3583	1792	2683	3539	1832
2815	3583	1792	2878	3546	1836
3071	3583	1792	3076	3552	1840
3327	3583	1792	3275	3559	1843
3583	3583	1792	3472	3566	1846
3839	3583	1792	3665	3573	1849
4095	3583	1792	3859	3579	1852
0	3839	1792	726	3715	1813
256	3839	1792	925	3722	1816
512	3839	1792	1123	3728	1820
768	3839	1792	1322	3735	1824
1024	3839	1792	1522	3743	1827
1280	3839	1792	1721	3750	1831
1536	3839	1792	1919	3756	1834
1792	3839	1792	2128	3762	1837
2048	3839	1792	2338	3769	1841
2303	3839	1792	2534	3776	1845
2559	3839	1792	2726	3783	1848
2815	3839	1792	2923	3789	1851
3071	3839	1792	3122	3796	1854
3327	3839	1792	3319	3802	1858
3583	3839	1792	3516	3808	1862
3839	3839	1792	3710	3814	1864
4095	3839	1792	3904	3820	1867
0	4095	1792	770	3958	1828
256	4095	1792	969	3965	1831
512	4095	1792	1167	3971	1835
768	4095	1792	1367	3978	1838
1024	4095	1792	1566	3985	1842
1280	4095	1792	1765	3992	1846
1536	4095	1792	1963	3998	1849
1792	4095	1792	2177	4005	1852
2048	4095	1792	2382	4011	1856
2303	4095	1792	2577	4018	1859
2559	4095	1792	2769	4025	1863
2815	4095	1792	2968	4032	1867
3071	4095	1792	3166	4038	1869
3327	4095	1792	3363	4045	1873
3583	4095	1792	3558	4050	1876
3839	4095	1792	3754	4055	1880
4095	4095	1792	3947	4062	1883
0	0	2048	27	32	1811
256	0	2048	225	39	1812
512	0	2048	431	46	1816
768	0	2048	633	52	1819
1024	0	2048	832	60	1822
1280	0	2048	1032	68	1826
1536	0	2048	1228	75	1829
1792	0	2048	1428	83	1834
2048	0	2048	1628	90	1837
2303	0	2048	1824	97	1840
2559	0	2048	2024	104	1843
2815	0	2048	2242	111	1847
3071	0	2048	2440	119	1850
3327	0	2048	2633	126	1853
3583	0	2048	2828	133	1857
3839	0	2048	3025	139	1860
4095	0	2048	3223	146	1864
0	256	2048	73	282	1825
256	256	2048	273	289	1828
512	256	2048	478	296	1831
768	256	2048	679	303	1834
1024	256	2048	879	309	1837
1280	256	2048	1076	316	1841
1536	256	2048	1274	323	1844
1792	256	2048	1475	330	1849
2048	256	2048	1673	337	1851
2303	256	2048	1871	344	1854
2559	256	2048	2076	351	1858
2815	256	2048	2290	358	1862
3071	256	2048	2486	365	1865
3327	256	2048	2679	372	1869
3583	256	2048	2874	380	1871
3839	256	2048	3072	387	1875
4095	256	2048	3271	393	1879
0	512	2048	121	525	1840
256	512	2048	323	533	1844
512	512	2048	527	540	1846
768	512	2048	726	547	1850
1024	512	2048	925	555	1853
1280	512	2048	1123	561	1856
1536	512	2048	1322	568	1860
1792	512	2048	1523	576	1863
2048	512	2048	1720	582	1866
2303	512	2048	1917	589	1870
2559	512	2048	2127	597	1874
2815	512	2048	2337	603	1878
3071	512	2048	2533	610	1881
3327	512	2048	2725	617	1884
3583	512	2048	2921	624	1888
3839	512	2048	3120	631	1891
4095	512	2048	3318	638	1894
0	768	2048	167	774	1856
256	768	2048	369	779	1859
512	768	2048	574	786	1862
768	768	2048	773	794	1866
1024	768	2048	971	801	1868
1280	768	2048	1170	808	1873
1536	768	2048	1368	814	1876
1792	768	2048	1568	821	1878
2048	768	2048	1766	828	1882
2303	768	2048	1963	836	1886
2559	768	2048	2177	843	1889
2815	768	2048	2383	850	1893
3071	768	2048	2577	857	1898
3327	768	2048	2769	864	1900
3583	768	2048	2968	871	1904
3839	768	2048	3166	878	1908
4095	768	2048	3363	885	1911
0	1024	2048	214	1019	1872
256	1024	2048	417	1026	1874
512	1024	2048	619	1032	1878
768	1024	2048	819	1039	1882
1024	1024	2048	1019	1046	1885
1280	1024	2048	1214	1053	1888
1536	1024	2048	1415	1059	1891
1792	1024	2048	1615	1065	1894
2048	1024	2048	1812	1072	1899
2303	1024	2048	2011	1079	1902
2559	1024	2048	2228	1086	1906
2815	1024	2048	2427	1093	1909
3071	1024	2048	2622	1100	1912
3327	1024	2048	2816	1106	1916
3583	1024	2048	3013	1113	1919
3839	1024	2048	3212	1120	1922
4095	1024	2048	3409	1127	1927
0	1280	2048	261	1257	1888
256	1280	2048	466	1263	1890
512	1280	2048	666	1270	1894
768	1280	2048	866	1275	1897
1024	1280	2048	1065	1283	1902
1280	1280	2048	1261	1291	1905
1536	1280	2048	1463	1298	1907
1792	1280	2048	1662	1306	1911
2048	1280	2048	1860	1312	1916
2303	1280	2048	2062	1320	1918
2559	1280	2048	2278	1328	1921
2815	1280	2048	2474	1335	1925
3071	1280	2048	2668	1342	1928
3327	1280	2048	2863	1349	1931
3583	1280	2048	3060	1355	1934
3839	1280	2048	3258	1362	1938
4095	1280	2048	3456	1370	1942
0	1536	2048	308	1509	1903
256	1536	2048	512	1516	1907
512	1536	2048	713	1523	1910
768	1536	2048	911	1531	1913
1024	1536	2048	1109	1538	1917
1280	1536	2048	1308	1545	1921
1536	1536	2048	1508	1552	1922
1792	1536	2048	1706	1559	1926
2048	1536	2048	1905	1567	1930
2303	1536	2048	2111	1573	1933
2559	1536	2048	2321	1580	1937
2815	1536	2048	2520	1588	1940
3071	1536	2048	2711	1596	1944
3327	1536	2048	2907	1603	1948
3583	1536	2048	3106	1609	1950
3839	1536	2048	3304	1615	1953
4095	1536	2048	3500	1621	1957
0	1792	2048	355	1756	1918
256	1792	2048	559	1762	1922
512	1792	2048	758	1769	1925
768	1792	2048	958	1777	1928
1024	1792	2048	1156	1784	1933
1280	1792	2048	1354	1790	1936
1536	1792	2048	1554	1797	1938
1792	1792	2048	1754	1805	1942
2048	1792	2048	1952	1812	1945
2303	1792	2048	2163	1820	1949
2559	1792	2048	2369	1826	1951
2815	1792	2048	2564	1833	1955
3071	1792	2048	2756	1839	1959
3327	1792	2048	2954	1846	1961
3583	1792	2048	3152	1852	1965
3839	1792	2048	3350	1859	1968
4095	1792	2048	3545	1865	1971
0	2048	2048	403	1999	1933
256	2048	2048	606	2006	1937
512	2048	2048	804	2013	1941
768	2048	2048	1004	2021	1945
1024	2048	2048	1201	2028	1947
1280	2048	2048	1401	2035	1951
1536	2048	2048	1600	2041	1955
1792	2048	2048	1798	2049	1957
2048	2048	2048	1996	2055	1961
2303	2048	2048	2213	2063	1963
2559	2048	2048	2414	2071	1967
2815	2048	2048	2608	2078	1971
3071	2048	2048	2801	2085	1974
3327	2048	2048	3001	2093	1976
3583	2048	2048	3199	2101	1980
3839	2048	2048	3396	2108	1983
4095	2048	2048	3592	2116	1987
0	2303	2048	451	2260	1948
256	2303	2048	652	2267	1952
512	2303	2048	853	2275	1956
768	2303	2048	1051	2283	1959
1024	2303	2048	1247	2290	1961
1280	2303	2048	1449	2298	1965
1536	2303	2048	1648	2305	1969
1792	2303	2048	1846	2312	1972
2048	2303	2048	2048	2320	1975
2303	2303	2048	2264	2327	1979
2559	2303	2048	2461	2334	1983
2815	2303	2048	2655	2341	1987
3071	2303	2048	2849	2347	1990
3327	2303	2048	3047	2355	1993
3583	2303	2048	3246	2361	1997
3839	2303	2048	3444	2368	1999
4095	2303	2048	3638	2375	2003
0	2559	2048	498	2505	1963
256	2559	2048	699	2512	1966
512	2559	2048	898	2517	1970
768	2559	2048	1097	2524	1974
1024	2559	2048	1295	2532	1978
1280	2559	2048	1495	2538	1981
1536	2559	2048	1694	2545	1984
1792	2559	2048	1891	2552	1989
2048	2559	2048	2098	2558	1992
2303	2559	2048	2309	2565	1995
2559	2559	2048	2506	2572	1999
2815	2559	2048	2698	2579	2002
3071	2559	2048	2895	2585	2005
3327	2559	2048	3092	2591	2009
3583	2559	2048	3291	2598	2012
3839	2559	2048	3489	2605	2015
4095	2559	2048	3683	2612	2019
0	2815	2048	545	2745	1979
256	2815	2048	745	2752	1983
512	2815	2048	943	2760	1986
768	2815	2048	1141	2766	1990
1024	2815	2048	1340	2773	1994
1280	2815	2048	1541	2780	1997
1536	2815	2048	1739	2787	2001
1792	2815	2048	1938	2794	2005
2048	2815	2048	2148	2801	2008
2303	2815	2048	2355	2809	2012
2559	2815	2048	2551	2816	2015
2815	2815	2048	2742	2823	2018
3071	2815	2048	2940	2830	2022
3327	2815	2048	3140	2836	2025
3583	2815	2048	3337	2842	2029
3839	2815	2048	3533	2849	2032
4095	2815	2048	3729	2856	2035
0	3071	2048	591	2990	1995
256	3071	2048	790	2997	1999
512	3071	2048	990	3004	2002
768	3071	2048	1187	3010	2006
1024	3071	2048	1386	3016	2010
1280	3071	2048	1587	3023	2013
1536	3071	2048	1785	3031	2017
1792	3071	2048	1982	3038	2020
2048	3071	2048	2198	3045	2024
2303	3071	2048	2401	3052	2028
2559	3071	2048	2596	3058	2030
2815	3071	2048	2788	3065	2034
3071	3071	2048	2986	3071	2039
3327	3071	2048	3185	3078	2041
3583	3071	2048	3383	3085	2045
3839	3071	2048	3579	3090	2049
4095	3071	2048	3772	3097	2052
0	3327	2048	638	3230	2011
256	3327	2048	837	3237	2014
512	3327	2048	1036	3244	2018
768	3327	2048	1233	3250	2022
1024	3327	2048	1433	3257	2024
1280	3327	2048	1633	3264	2029
1536	3327	2048	1832	3271	2033
1792	3327	2048	2032	3278	2036
2048	3327	2048	2248	3285	2040
2303	3327	2048	2447	3292	2043
2559	3327	2048	2641	3298	2048
2815	3327	2048	2836	3304	2052
3071	3327	2048	3034	3310	2055
3327	3327	2048	3232	3317	2058
3583	3327	2048	3430	3325	2061
3839	3327	2048	3625	3331	2064
4095	3327	2048	3818	3337	2068
0	3583	2048	684	3475	2027
256	3583	2048	884	3482	2030
512	3583	2048	1081	3489	2033
768	3583	2048	1278	3495	2036
1024	3583	2048	1480	3503	2040
1280	3583	2048	1679	3510	2044
1536	3583	2048	1876	3516	2049
1792	3583	2048	2083	3523	2053
2048	3583	2048	2296	3530	2056
2303	3583	2048	2492	3537	2060
2559	3583	2048	2686	3544	2064
2815	3583	2048	2881	3551	2068
3071	3583	2048	3079	3557	2070
3327	3583	2048	3278	3565	2074
3583	3583	2048	3474	3571	2077
3839	3583	2048	3668	3578	2080
4095	3583	2048	3863	3584	2083
0	3839	2048	729	3721	2042
256	3839	2048	928	3727	2046
512	3839	2048	1126	3733	2051
768	3839	2048	1325	3740	2053
1024	3839	2048	1525	3747	2057
1280	3839	2048	1724	3755	2062
1536	3839	2048	1922	3761	2064
1792	3839	2048	2132	3767	2068
2048	3839	2048	2341	3774	2071
2303	3839	2048	2538	3781	2076
2559	3839	2048	2729	3788	2080
2815	3839	2048	2926	3794	2082
3071	3839	2048	3125	3801	2086
3327	3839	2048	3323	3807	2090
3583	3839	2048	3520	3813	2093
3839	3839	2048	3714	3819	2096
4095	3839	2048	3908	3826	2099
0	4095	2048	773	3963	2058
256	4095	2048	973	3970	2063
512	4095	2048	1170	3976	2066
768	4095	2048	1370	3983	2070
1024	4095	2048	1569	3990	2074
1280	4095	2048	1768	3997	2077
1536	4095	2048	1966	4003	2080
1792	4095	2048	2180	4010	2084
2048	4095	2048	2385	4016	2087
2303	4095	2048	2580	4024	2091
2559	4095	2048	2773	4031	2095
2815	4095	2048	2971	4037	2098
3071	4095	2048	3170	4044	2102
3327	4095	2048	3367	4050	2105
3583	4095	2048	3562	4055	2108
3839	4095	2048	3757	4061	2112
4095	4095	2048	3950	4067	2114
0	0	2303	31	36	2039
256	0	2303	229	43	2040
512	0	2303	434	50	2044
768	0	2303	636	57	2048
1024	0	2303	835	65	2052
1280	0	2303	1035	72	2055
1536	0	2303	1231	80	2060
1792	0	2303	1431	87	2064
2048	0	2303	1632	94	2066
2303	0	2303	1828	101	2070
2559	0	2303	2027	108	2074
2815	0	2303	2246	115	2077
3071	0	2303	2443	123	2081
3327	0	2303	2636	130	2084
3583	0	2303	2831	138	2087
3839	0	2303	3029	144	2091
4095	0	2303	3227	151	2094
0	256	2303	78	286	2055
256	256	2303	276	293	2058
512	256	2303	481	300	2060
768	256	2303	682	307	2064
1024	256	2303	882	313	2068
1280	256	2303	1079	320	2071
1536	256	2303	1277	327	2075
1792	256	2303	1479	334	2078
2048	256	2303	1677	342	2082
2303	256	2303	1874	349	2086
2559	256	2303	2079	355	2088
2815	256	2303	2293	362	2093
3071	256	2303	2490	369	2097
3327	256	2303	2682	377	2099
3583	256	2303	2877	385	2103
3839	256	2303	3076	392	2107
4095	256	2303	3275	397	2110
0	512	2303	124	529	2071
256	512	2303	325	537	2073
512	512	2303	530	544	2076
768	512	2303	730	551	2080
1024	512	2303	929	559	2083
1280	512	2303	1126	565	2087
1536	512	2303	1325	572	2091
1792	512	2303	1526	580	2094
2048	512	2303	1723	587	2098
2303	512	2303	1921	594	2101
2559	512	2303	2131	601	2105
2815	512	2303	2340	607	2109
3071	512	2303	2536	615	2112
3327	512	2303	2728	622	2116
3583	512	2303	2924	629	2119
3839	512	2303	3123	636	2122
4095	512	2303	3321	643	2126
0	768	2303	170	778	2087
256	768	2303	372	784	2089
512	768	2303	576	790	2093
768	768	2303	775	798	2097
1024	768	2303	974	805	2099
1280	768	2303	1173	812	2104
1536	768	2303	1371	818	2106
1792	768	2303	1570	825	2110
2048	768	2303	1769	832	2114
2303	768	2303	1966	841	2117
2559	768	2303	2180	848	2121
2815	768	2303	2386	855	2125
3071	768	2303	2580	861	2128
3327	768	2303	2772	868	2132
3583	768	2303	2971	875	2136
3839	768	2303	3169	882	2138
4095	768	2303	3366	890	2142
0	1024	2303	216	1024	2102
256	1024	2303	420	1030	2106
512	1024	2303	622	1036	2109
768	1024	2303	822	1044	2112
1024	1024	2303	1021	1051	2116
1280	1024	2303	1217	1057	2120
1536	1024	2303	1418	1064	2123
1792	1024	2303	1617	1070	2126
2048	1024	2303	1815	1077	2130
2303	1024	2303	2014	1084	2134
2559	1024	2303	2231	1091	2137
2815	1024	2303	2431	1098	2140
3071	1024	2303	2625	1105	2144
3327	1024	2303	2819	1111	2148
3583	1024	2303	3016	1117	2150
3839	1024	2303	3216	1124	2154
4095	1024	2303	3412	1132	2158
0	1280	2303	263	1261	2118
256	1280	2303	468	1268	2122
512	1280	2303	669	1275	2125
768	1280	2303	868	1281	2128
1024	1280	2303	1067	1287	2133
1280	1280	2303	1264	1295	2135
1536	1280	2303	1466	1303	2139
1792	1280	2303	1665	1310	2143
2048	1280	2303	1862	1317	2146
2303	1280	2303	2065	1325	2150
2559	1280	2303	2281	1332	2153
2815	1280	2303	2477	1340	2156
3071	1280	2303	2670	1347	2160
3327	1280	2303	2866	1354	2163
3583	1280	2303	3063	1360	2167
3839	1280	2303	3262	1368	2170
4095	1280	2303	3459	1375	2173
0	1536	2303	310	1514	2134
256	1536	2303	514	1521	2138
512	1536	2303	715	1529	2141
768	1536	2303	914	1536	2145
1024	1536	2303	1112	1543	2149
1280	1536	2303	1311	1550	2152
1536	1536	2303	1512	1558	2154
1792	1536	2303	1710	1564	2158
2048	1536	2303	1908	1572	2162
2303	1536	2303	2114	1578	2166
2559	1536	2303	2324	1585	2168
2815	1536	2303	2522	1592	2172
3071	1536	2303	2714	1601	2176
3327	1536	2303	2911	1608	2179
3583	1536	2303	3110	1615	2183
3839	1536	2303	3307	1620	2186
4095	1536	2303	3503	1627	2189
0	1792	2303	357	1760	2151
256	1792	2303	562	1767	2153
512	1792	2303	761	1775	2157
768	1792	2303	961	1782	2161
1024	1792	2303	1159	1789	2164
1280	1792	2303	1357	1795	2168
1536	1792	2303	1558	1802	2171
1792	1792	2303	1757	1810	2174
2048	1792	2303	1954	1817	2178
2303	1792	2303	2165	1824	2180
2559	1792	2303	2371	1830	2184
2815	1792	2303	2566	1837	2188
3071	1792	2303	2759	1844	2191
3327	1792	2303	2956	1851	2195
3583	1792	2303	3156	1858	2200
3839	1792	2303	3354	1865	2202
4095	1792	2303	3548	1870	2205
0	2048	2303	405	2003	2165
256	2048	2303	608	2010	2169
512	2048	2303	806	2017	2172
768	2048	2303	1006	2024	2175
1024	2048	2303	1205	2032	2179
1280	2048	2303	1404	2039	2183
1536	2048	2303	1604	2046	2187
1792	2048	2303	1802	2054	2191
2048	2048	2303	1999	2061	2194
2303	2048	2303	2216	2069	2196
2559	2048	2303	2417	2076	2201
2815	2048	2303	2611	2083	2205
3071	2048	2303	2804	2090	2208
3327	2048	2303	3003	2098	2212
3583	2048	2303	3202	2105	2213
3839	2048	2303	3398	2113	2217
4095	2048	2303	3595	2121	2221
0	2303	2303	454	2265	2181
256	2303	2303	655	2271	2185
512	2303	2303	855	2279	2188
768	2303	2303	1054	2287	2191
1024	2303	2303	1251	2295	2195
1280	2303	2303	1452	2303	2198
1536	2303	2303	1650	2311	2203
1792	2303	2303	1848	2318	2207
2048	2303	2303	2051	2325	2211
2303	2303	2303	2267	2332	2213
2559	2303	2303	2463	2339	2216
2815	2303	2303	2658	2346	2219
3071	2303	2303	2852	2353	2223
3327	2303	2303	3050	2359	2226
3583	2303	2303	3250	2366	2230
3839	2303	2303	3447	2373	2233
4095	2303	2303	3641	2380	2237
0	2559	2303	501	2510	2196
256	2559	2303	702	2517	2202
512	2559	2303	901	2523	2205
768	2559	2303	1099	2529	2208
1024	2559	2303	1297	2536	2212
1280	2559	2303	1498	2543	2215
1536	2559	2303	1697	2550	2218
1792	2559	2303	1894	2557	2222
2048	2559	2303	2100	2563	2225
2303	2559	2303	2312	2569	2229
2559	2559	2303	2509	2575	2232
2815	2559	2303	2701	2583	2235
3071	2559	2303	2898	2590	2239
3327	2559	2303	3095	2596	2242
3583	2559	2303	3294	2603	2246
3839	2559	2303	3492	2610	2250
4095	2559	2303	3685	2617	2252
0	2815	2303	548	2750	2213
256	2815	2303	747	2757	2216
512	2815	2303	946	2764	2220
768	2815	2303	1145	2770	2223
1024	2815	2303	1343	2778	2226
1280	2815	2303	1543	2785	2231
1536	2815	2303	1742	2792	2236
1792	2815	2303	1941	2799	2238
2048	2815	2303	2152	2807	2242
2303	2815	2303	2358	2813	2246
2559	2815	2303	2554	2820	2249
2815	2815	2303	2746	2828	2252
3071	2815	2303	2944	2835	2255
3327	2815	2303	3144	2841	2259
3583	2815	2303	3341	2847	2264
3839	2815	2303	3537	2854	2266
4095	2815	2303	3732	2861	2269
0	3071	2303	594	2994	2229
256	3071	2303	792	3002	2232
512	3071	2303	992	3009	2236
768	3071	2303	1190	3016	2240
1024	3071	2303	1389	3021	2243
1280	3071	2303	1589	3028	2247
1536	3071	2303	1788	3036	2251
1792	3071	2303	1985	3043	2256
2048	3071	2303	2203	3050	2259
2303	3071	2303	2405	3057	2261
2559	3071	2303	2598	3063	2265
2815	3071	2303	2792	3070	2269
3071	3071	2303	2990	3077	2272
3327	3071	2303	3189	3083	2276
3583	3071	2303	3386	3090	2280
3839	3071	2303	3582	3095	2282
4095	3071	2303	3776	3102	2286
0	3327	2303	641	3235	2245
256	3327	2303	840	3242	2248
512	3327	2303	1038	3249	2253
768	3327	2303	1235	3255	2255
1024	3327	2303	1436	3263	2259
1280	3327	2303	1636	3269	2262
1536	3327	2303	1835	3276	2266
1792	3327	2303	2035	3284	2271
2048	3327	2303	2253	3291	2275
2303	3327	2303	2451	3297	2277
2559	3327	2303	2644	3303	2281
2815	3327	2303	2839	3309	2284
3071	3327	2303	3037	3316	2288
3327	3327	2303	3235	3323	2292
3583	3327	2303	3433	3330	2295
3839	3327	2303	3628	3336	2298
4095	3327	2303	3821	3342	2302
0	3583	2303	687	3480	2261
256	3583	2303	887	3487	2265
512	3583	2303	1084	3494	2267
768	3583	2303	1281	3501	2271
1024	3583	2303	1483	3508	2275
1280	3583	2303	1682	3515	2278
1536	3583	2303	1879	3521	2282
1792	3583	2303	2087	3528	2286
2048	3583	2303	2300	3535	2289
2303	3583	2303	2495	3542	2294
2559	3583	2303	2689	3549	2297
2815	3583	2303	2884	3556	2300
3071	3583	2303	3081	3562	2304
3327	3583	2303	3281	3569	2308
3583	3583	2303	3478	3576	2311
3839	3583	2303	3672	3583	2314
4095	3583	2303	3866	3589	2316
0	3839	2303	732	3726	2276
256	3839	2303	931	3732	2280
512	3839	2303	1129	3739	2283
768	3839	2303	1328	3745	2287
1024	3839	2303	1528	3753	2291
1280	3839	2303	1727	3760	2295
1536	3839	2303	1925	3766	2298
1792	3839	2303	2135	3772	2301
2048	3839	2303	2345	3779	2305
2303	3839	2303	2541	3786	2309
2559	3839	2303	2732	3793	2312
2815	3839	2303	2930	3799	2316
3071	3839	2303	3129	3806	2320
3327	3839	2303	3326	3811	2323
3583	3839	2303	3523	3818	2327
3839	3839	2303	3718	3824	2330
4095	3839	2303	3911	3831	2332
0	4095	2303	777	3968	2292
256	4095	2303	975	3975	2295
512	4095	2303	1173	3981	2299
768	4095	2303	1373	3988	2303
1024	4095	2303	1573	3995	2306
1280	4095	2303	1771	4002	2310
1536	4095	2303	1969	4008	2314
1792	4095	2303	2184	4015	2317
2048	4095	2303	2389	4022	2321
2303	4095	2303	2583	4029	2325
2559	4095	2303	2776	4035	2328
2815	4095	2303	2974	4042	2332
3071	4095	2303	3173	4049	2335
3327	4095	2303	3370	4055	2339
3583	4095	2303	3567	4060	2343
3839	4095	2303	3761	4066	2345
4095	4095	2303	3953	4072	2348
0	0	2559	34	41	2275
256	0	2559	232	48	2275
512	0	2559	437	55	2279
768	0	2559	638	62	2283
1024	0	2559	837	69	2286
1280	0	2559	1037	77	2290
1536	0	2559	1234	84	2294
1792	0	2559	1434	91	2297
2048	0	2559	1634	99	2301
2303	0	2559	1831	105	2305
2559	0	2559	2030	112	2309
2815	0	2559	2249	119	2312
3071	0	2559	2446	127	2315
3327	0	2559	2639	135	2318
3583	0	2559	2834	142	2322
3839	0	2559	3031	148	2325
4095	0	2559	3230	155	2330
0	256	2559	81	290	2290
256	256	2559	278	297	2291
512	256	2559	483	304	2295
768	256	2559	686	311	2298
1024	256	2559	884	317	2302
1280	256	2559	1081	324	2306
1536	256	2559	1280	331	2309
1792	256	2559	1481	339	2313
2048	256	2559	1679	346	2318
2303	256	2559	1877	353	2320
2559	256	2559	2082	359	2324
2815	256	2559	2296	366	2327
3071	256	2559	2492	374	2331
3327	256	2559	2685	382	2335
3583	256	2559	2880	389	2339
3839	256	2559	3079	396	2341
4095	256	2559	3278	402	2345
0	512	2559	127	535	2304
256	512	2559	328	541	2308
512	512	2559	533	548	2311
768	512	2559	732	556	2314
1024	512	2559	932	563	2318
1280	512	2559	1129	569	2322
1536	512	2559	1327	576	2325
1792	512	2559	1529	584	2329
2048	512	2559	1727	591	2333
2303	512	2559	1924	598	2336
2559	512	2559	2133	605	2340
2815	512	2559	2342	611	2343
3071	512	2559	2538	619	2348
3327	512	2559	2731	626	2353
3583	512	2559	2927	633	2355
3839	512	2559	3126	640	2359
4095	512	2559	3324	647	2362
0	768	2559	173	782	2321
256	768	2559	374	788	2324
512	768	2559	579	794	2327
768	768	2559	777	801	2331
1024	768	2559	977	809	2334
1280	768	2559	1175	816	2338
1536	768	2559	1374	823	2342
1792	768	2559	1574	830	2346
2048	768	2559	1773	838	2348
2303	768	2559	1969	845	2354
2559	768	2559	2183	852	2358
2815	768	2559	2389	860	2361
3071	768	2559	2583	866	2365
3327	768	2559	2776	873	2367
3583	768	2559	2975	880	2371
3839	768	2559	3173	886	2375
4095	768	2559	3369	893	2378
0	1024	2559	219	1028	2337
256	1024	2559	423	1034	2341
512	1024	2559	625	1040	2344
768	1024	2559	825	1048	2348
1024	1024	2559	1024	1055	2353
1280	1024	2559	1220	1062	2356
1536	1024	2559	1421	1069	2359
1792	1024	2559	1621	1075	2362
2048	1024	2559	1818	1081	2366
2303	1024	2559	2017	1088	2371
2559	1024	2559	2235	1095	2374
2815	1024	2559	2434	1103	2378
3071	1024	2559	2628	1110	2381
3327	1024	2559	2823	1115	2384
3583	1024	2559	3020	1122	2387
3839	1024	2559	3219	1129	2392
4095	1024	2559	3417	1136	2395
0	1280	2559	266	1266	2355
256	1280	2559	471	1273	2357
512	1280	2559	671	1280	2361
768	1280	2559	871	1285	2365
1024	1280	2559	1070	1293	2368
1280	1280	2559	1267	1300	2373
1536	1280	2559	1469	1307	2375
1792	1280	2559	1668	1315	2379
2048	1280	2559	1865	1321	2383
2303	1280	2559	2068	1329	2385
2559	1280	2559	2285	1337	2389
2815	1280	2559	2480	1344	2393
3071	1280	2559	2673	1351	2396
3327	1280	2559	2869	1359	2400
3583	1280	2559	3066	1365	2404
3839	1280	2559	3266	1372	2407
4095	1280	2559	3463	1380	2411
0	1536	2559	313	1519	2371
256	1536	2559	517	1526	2374
512	1536	2559	718	1533	2377
768	1536	2559	917	1540	2380
1024	1536	2559	1115	1547	2384
1280	1536	2559	1314	1554	2389
1536	1536	2559	1515	1562	2391
1792	1536	2559	1713	1569	2395
2048	1536	2559	1912	1576	2398
2303	1536	2559	2118	1583	2402
2559	1536	2559	2328	1590	2405
2815	1536	2559	2525	1598	2409
3071	1536	2559	2717	1605	2412
3327	1536	2559	2914	1612	2417
3583	1536	2559	3113	1619	2419
3839	1536	2559	3311	1625	2423
4095	1536	2559	3507	1632	2427
0	1792	2559	360	1765	2386
256	1792	2559	564	1772	2390
512	1792	2559	763	1779	2394
768	1792	2559	963	1786	2396
1024	1792	2559	1161	1793	2401
1280	1792	2559	1360	1799	2405
1536	1792	2559	1561	1807	2408
1792	1792	2559	1759	1814	2411
2048	1792	2559	1956	1821	2413
2303	1792	2559	2168	1828	2418
2559	1792	2559	2374	1835	2421
2815	1792	2559	2569	1842	2424
3071	1792	2559	2762	1848	2429
3327	1792	2559	2960	1855	2433
3583	1792	2559	3159	1862	2435
3839	1792	2559	3357	1869	2439
4095	1792	2559	3552	1875	2443
0	2048	2559	408	2008	2402
256	2048	2559	611	2015	2406
512	2048	2559	809	2021	2409
768	2048	2559	1010	2029	2413
1024	2048	2559	1208	2036	2417
1280	2048	2559	1407	2044	2420
1536	2048	2559	1607	2051	2425
1792	2048	2559	1805	2057	2428
2048	2048	2559	2002	2065	2430
2303	2048	2559	2221	2073	2434
2559	2048	2559	2421	2081	2437
2815	2048	2559	2614	2088	2440
3071	2048	2559	2808	2095	2444
3327	2048	2559	3006	2103	2448
3583	2048	2559	3205	2110	2452
3839	2048	2559	3402	2118	2455
4095	2048	2559	3599	2125	2457
0	2303	2559	457	2270	2418
256	2303	2559	657	2277	2420
512	2303	2559	858	2284	2424
768	2303	2559	1057	2292	2429
1024	2303	2559	1254	2300	2432
1280	2303	2559	1456	2308	2436
1536	2303	2559	1654	2316	2440
1792	2303	2559	1852	2323	2443
2048	2303	2559	2054	2331	2447
2303	2303	2559	2271	2338	2450
2559	2303	2559	2467	2345	2453
2815	2303	2559	2661	2352	2457
3071	2303	2559	2856	2358	2459
3327	2303	2559	3054	2365	2464
3583	2303	2559	3253	2371	2468
3839	2303	2559	3450	2378	2469
4095	2303	2559	3644	2384	2473
0	2559	2559	504	2514	2435
256	2559	2559	705	2522	2437
512	2559	2559	904	2528	2441
768	2559	2559	1102	2534	2445
1024	2559	2559	1300	2540	2447
1280	2559	2559	1501	2548	2451
1536	2559	2559	1699	2555	2455
1792	2559	2559	1898	2562	2460
2048	2559	2559	2105	2567	2462
2303	2559	2559	2317	2574	2466
2559	2559	2559	2513	2581	2469
2815	2559	2559	2704	2587	2472
3071	2559	2559	2901	2594	2475
3327	2559	2559	3099	2600	2478
3583	2559	2559	3298	2607	2482
3839	2559	2559	3494	2614	2485
4095	2559	2559	3688	2621	2488
0	2815	2559	551	2755	2450
256	2815	2559	750	2762	2454
512	2815	2559	949	2769	2457
768	2815	2559	1147	2775	2460
1024	2815	2559	1346	2782	2464
1280	2815	2559	1546	2789	2468
1536	2815	2559	1746	2796	2470
1792	2815	2559	1944	2803	2474
2048	2815	2559	2155	2811	2478
2303	2815	2559	2362	2817	2480
2559	2815	2559	2557	2824	2484
2815	2815	2559	2749	2831	2487
3071	2815	2559	2947	2838	2491
3327	2815	2559	3147	2846	2495
3583	2815	2559	3344	2852	2498
3839	2815	2559	3540	2859	2501
4095	2815	2559	3735	2865	2506
0	3071	2559	597	2999	2465
256	3071	2559	795	3006	2469
512	3071	2559	996	3013	2471
768	3071	2559	1193	3020	2475
1024	3071	2559	1392	3026	2479
1280	3071	2559	1592	3033	2482
1536	3071	2559	1791	3040	2486
1792	3071	2559	1988	3047	2490
2048	3071	2559	2207	3054	2492
2303	3071	2559	2408	3061	2496
2559	3071	2559	2602	3067	2500
2815	3071	2559	2796	3075	2504
3071	3071	2559	2993	3082	2509
3327	3071	2559	3192	3088	2511
3583	3071	2559	3390	3094	2515
3839	3071	2559	3586	3100	2518
4095	3071	2559	3779	3107	2520
0	3327	2559	643	3239	2481
256	3327	2559	843	3247	2485
512	3327	2559	1041	3254	2488
768	3327	2559	1238	3260	2490
1024	3327	2559	1439	3268	2495
1280	3327	2559	1639	3274	2498
1536	3327	2559	1838	3281	2502
1792	3327	2559	2038	3288	2506
2048	3327	2559	2257	3294	2510
2303	3327	2559	2455	3301	2513
2559	3327	2559	2647	3308	2516
2815	3327	2559	2841	3314	2520
3071	3327	2559	3040	3321	2524
3327	3327	2559	3238	3328	2528
3583	3327	2559	3436	3334	2530
3839	3327	2559	3632	3341	2533
4095	3327	2559	3824	3347	2536
0	3583	2559	690	3484	2495
256	3583	2559	890	3491	2499
512	3583	2559	1087	3498	2504
768	3583	2559	1283	3505	2507
1024	3583	2559	1487	3512	2510
1280	3583	2559	1685	3520	2514
1536	3583	2559	1883	3526	2518
1792	3583	2559	2090	3533	2521
2048	3583	2559	2303	3540	2525
2303	3583	2559	2498	3547	2529
2559	3583	2559	2692	3553	2531
2815	3583	2559	2887	3560	2535
3071	3583	2559	3085	3567	2537
3327	3583	2559	3285	3574	2542
3583	3583	2559	3481	3581	2546
3839	3583	2559	3675	3587	2547
4095	3583	2559	3870	3594	2551
0	3839	2559	735	3730	2512
256	3839	2559	934	3736	2515
512	3839	2559	1132	3743	2519
768	3839	2559	1331	3750	2522
1024	3839	2559	1531	3757	2525
1280	3839	2559	1730	3764	2530
1536	3839	2559	1929	3771	2532
1792	3839	2559	2139	3777	2536
2048	3839	2559	2348	3784	2540
2303	3839	2559	2544	3791	2543
2559	3839	2559	2735	3797	2547
2815	3839	2559	2933	3804	2550
3071	3839	2559	3132	3810	2553
3327	3839	2559	3329	3816	2557
3583	3839	2559	3526	3822	2561
3839	3839	2559	3721	3829	2563
4095	3839	2559	3913	3835	2566
0	4095	2559	780	3973	2527
256	4095	2559	978	3980	2530
512	4095	2559	1176	3985	2534
768	4095	2559	1376	3992	2537
1024	4095	2559	1575	3999	2541
1280	4095	2559	1775	4006	2544
1536	4095	2559	1973	4012	2548
1792	4095	2559	2188	4020	2551
2048	4095	2559	2392	4026	2554
2303	4095	2559	2586	4033	2558
2559	4095	2559	2779	4040	2562
2815	4095	2559	2977	4046	2565
3071	4095	2559	3176	4053	2569
3327	4095	2559	3373	4059	2572
3583	4095	2559	3570	4065	2575
3839	4095	2559	3765	4071	2579
4095	4095	2559	3957	4076	2581
0	0	2815	37	44	2509
256	0	2815	235	52	2511
512	0	2815	439	59	2515
768	0	2815	641	66	2518
1024	0	2815	841	73	2521
1280	0	2815	1040	81	2526
1536	0	2815	1237	89	2529
1792	0	2815	1437	95	2533
2048	0	2815	1637	102	2535
2303	0	2815	1833	109	2540
2559	0	2815	2033	117	2544
2815	0	2815	2252	124	2546
3071	0	2815	2449	131	2550
3327	0	2815	2641	138	2554
3583	0	2815	2837	146	2557
3839	0	2815	3035	152	2560
4095	0	2815	3233	159	2564
0	256	2815	84	294	2525
256	256	2815	281	301	2527
512	256	2815	485	308	2529
768	256	2815	688	316	2533
1024	256	2815	887	322	2537
1280	256	2815	1085	328	2540
1536	256	2815	1283	335	2544
1792	256	2815	1484	342	2549
2048	256	2815	1682	349	2551
2303	256	2815	1880	356	2555
2559	256	2815	2085	363	2559
2815	256	2815	2300	370	2561
3071	256	2815	2494	377	2565
3327	256	2815	2688	386	2568
3583	256	2815	2883	393	2572
3839	256	2815	3082	400	2576
4095	256	2815	3281	406	2578
0	512	2815	130	539	2539
256	512	2815	330	545	2543
512	512	2815	535	552	2545
768	512	2815	735	560	2550
1024	512	2815	934	567	2553
1280	512	2815	1132	573	2556
1536	512	2815	1330	580	2561
1792	512	2815	1532	587	2563
2048	512	2815	1730	594	2568
2303	512	2815	1927	602	2571
2559	512	2815	2137	609	2573
2815	512	2815	2346	615	2577
3071	512	2815	2541	623	2582
3327	512	2815	2734	630	2585
3583	512	2815	2931	637	2588
3839	512	2815	3130	644	2592
4095	512	2815	3328	651	2595
0	768	2815	176	786	2556
256	768	2815	377	792	2558
512	768	2815	582	799	2562
768	768	2815	781	806	2566
1024	768	2815	980	813	2568
1280	768	2815	1178	820	2573
1536	768	2815	1377	827	2576
1792	768	2815	1577	835	2579
2048	768	2815	1777	842	2583
2303	768	2815	1973	849	2586
2559	768	2815	2187	856	2590
2815	768	2815	2393	864	2594
3071	768	2815	2587	870	2597
3327	768	2815	2779	878	2600
3583	768	2815	2978	884	2604
3839	768	2815	3176	891	2607
4095	768	2815	3373	898	2611
0	1024	2815	222	1031	2572
256	1024	2815	426	1038	2574
512	1024	2815	627	1044	2578
768	1024	2815	827	1052	2581
1024	1024	2815	1027	1059	2585
1280	1024	2815	1223	1066	2588
1536	1024	2815	1424	1073	2591
1792	1024	2815	1624	1079	2595
2048	1024	2815	1821	1086	2599
2303	1024	2815	2020	1093	2603
2559	1024	2815	2239	1100	2606
2815	1024	2815	2438	1107	2610
3071	1024	2815	2632	1114	2612
3327	1024	2815	2826	1120	2616
3583	1024	2815	3023	1126	2619
3839	1024	2815	3223	1132	2623
4095	1024	2815	3420	1140	2626
0	1280	2815	269	1270	2586
256	1280	2815	474	1277	2590
512	1280	2815	674	1283	2594
768	1280	2815	873	1291	2596
1024	1280	2815	1072	1298	2601
1280	1280	2815	1270	1305	2605
1536	1280	2815	1471	1312	2607
1792	1280	2815	1671	1319	2611
2048	1280	2815	1868	1326	2614
2303	1280	2815	2071	1334	2618
2559	1280	2815	2289	1341	2621
2815	1280	2815	2484	1348	2624
3071	1280	2815	2677	1355	2628
3327	1280	2815	2873	1363	2632
3583	1280	2815	3070	1369	2635
3839	1280	2815	3270	1376	2638
4095	1280	2815	3467	1384	2642
0	1536	2815	316	1522	2602
256	1536	2815	520	1530	2606
512	1536	2815	721	1537	2608
768	1536	2815	920	1545	2612
1024	1536	2815	1118	1551	2616
1280	1536	2815	1317	1559	2620
1536	1536	2815	1518	1567	2623
1792	1536	2815	1716	1574	2627
2048	1536	2815	1915	1581	2629
2303	1536	2815	2121	1587	2633
2559	1536	2815	2332	1595	2636
2815	1536	2815	2529	1602	2639
3071	1536	2815	2721	1609	2643
3327	1536	2815	2917	1616	2646
3583	1536	2815	3117	1623	2650
3839	1536	2815	3314	1629	2653
4095	1536	2815	3511	1637	2657
0	1792	2815	363	1769	2618
256	1792	2815	567	1776	2621
512	1792	2815	766	1783	2624
768	1792	2815	966	1790	2628
1024	1792	2815	1164	1797	2631
1280	1792	2815	1363	1803	2635
1536	1792	2815	1564	1811	2639
1792	1792	2815	1762	1818	2642
2048	1792	2815	1960	1825	2645
2303	1792	2815	2172	1833	2648
2559	1792	2815	2378	1839	2651
2815	1792	2815	2572	1846	2656
3071	1792	2815	2766	1853	2660
3327	1792	2815	2964	1860	2663
3583	1792	2815	3162	1867	2667
3839	1792	2815	3360	1874	2669
4095	1792	2815	3555	1880	2673
0	2048	2815	411	2012	2633
256	2048	2815	614	2019	2636
512	2048	2815	813	2026	2639
768	2048	2815	1012	2033	2644
1024	2048	2815	1210	2041	2647
1280	2048	2815	1410	2049	2651
1536	2048	2815	1610	2056	2656
1792	2048	2815	1808	2062	2659
2048	2048	2815	2006	2070	2662
2303	2048	2815	2225	2077	2664
2559	2048	2815	2424	2085	2668
2815	2048	2815	2617	2092	2672
3071	2048	2815	2812	2100	2675
3327	2048	2815	3011	2108	2679
3583	2048	2815	3209	2115	2682
3839	2048	2815	3405	2122	2685
4095	2048	2815	3602	2130	2689
0	2303	2815	460	2274	2648
256	2303	2815	661	2281	2651
512	2303	2815	862	2289	2656
768	2303	2815	1060	2297	2659
1024	2303	2815	1257	2305	2663
1280	2303	2815	1459	2313	2667
1536	2303	2815	1658	2321	2670
1792	2303	2815	1855	2328	2674
2048	2303	2815	2058	2335	2678
2303	2303	2815	2276	2343	2681
2559	2303	2815	2471	2350	2683
2815	2303	2815	2666	2358	2686
3071	2303	2815	2860	2363	2691
3327	2303	2815	3057	2370	2694
3583	2303	2815	3256	2376	2697
3839	2303	2815	3453	2383	2701
4095	2303	2815	3647	2390	2704
0	2559	2815	507	2519	2665
256	2559	2815	708	2526	2668
512	2559	2815	907	2532	2671
768	2559	2815	1105	2538	2675
1024	2559	2815	1304	2545	2679
1280	2559	2815	1504	2553	2682
1536	2559	2815	1703	2559	2686
1792	2559	2815	1902	2566	2690
2048	2559	2815	2108	2572	2693
2303	2559	2815	2320	2579	2697
2559	2559	2815	2516	2586	2701
2815	2559	2815	2708	2591	2702
3071	2559	2815	2905	2598	2705
3327	2559	2815	3102	2605	2709
3583	2559	2815	3300	2612	2712
3839	2559	2815	3497	2619	2716
4095	2559	2815	3691	2626	2718
0	2815	2815	554	2759	2680
256	2815	2815	753	2766	2684
512	2815	2815	952	2773	2687
768	2815	2815	1150	2779	2690
1024	2815	2815	1350	2787	2695
1280	2815	2815	1550	2794	2698
1536	2815	2815	1749	2802	2702
1792	2815	2815	1947	2809	2703
2048	2815	2815	2159	2815	2707
2303	2815	2815	2366	2821	2712
2559	2815	2815	2561	2829	2716
2815	2815	2815	2752	2835	2717
3071	2815	2815	2950	2843	2721
3327	2815	2815	3150	2850	2724
3583	2815	2815	3347	2856	2729
3839	2815	2815	3542	2863	2732
4095	2815	2815	3738	2869	2734
0	3071	2815	599	3003	2695
256	3071	2815	798	3011	2698
512	3071	2815	999	3018	2702
768	3071	2815	1196	3024	2706
1024	3071	2815	1395	3030	2709
1280	3071	2815	1597	3038	2713
1536	3071	2815	1795	3044	2718
1792	3071	2815	1992	3051	2720
2048	3071	2815	2210	3058	2722
2303	3071	2815	2410	3065	2726
2559	3071	2815	2604	3071	2730
2815	3071	2815	2799	3078	2734
3071	3071	2815	2996	3085	2736
3327	3071	2815	3195	3091	2739
3583	3071	2815	3393	3098	2743
3839	3071	2815	3589	3104	2746
4095	3071	2815	3782	3112	2750
0	3327	2815	646	3243	2711
256	3327	2815	846	3251	2714
512	3327	2815	1044	3257	2717
768	3327	2815	1241	3265	2720
1024	3327	2815	1443	3272	2724
1280	3327	2815	1643	3278	2728
1536	3327	2815	1842	3284	2731
1792	3327	2815	2043	3291	2735
2048	3327	2815	2261	3298	2738
2303	3327	2815	2457	3306	2741
2559	3327	2815	2650	3312	2745
2815	3327	2815	2845	3318	2749
3071	3327	2815	3043	3325	2752
3327	3327	2815	3242	3331	2756
3583	3327	2815	3439	3338	2757
3839	3327	2815	3634	3345	2761
4095	3327	2815	3827	3350	2765
0	3583	2815	693	3488	2725
256	3583	2815	892	3495	2728
512	3583	2815	1089	3502	2732
768	3583	2815	1286	3509	2735
1024	3583	2815	1490	3516	2739
1280	3583	2815	1688	3523	2743
1536	3583	2815	1886	3530	2746
1792	3583	2815	2094	3537	2750
2048	3583	2815	2307	3544	2754
2303	3583	2815	2502	3551	2757
2559	3583	2815	2695	3558	2761
2815	3583	2815	2891	3566	2763
3071	3583	2815	3088	3572	2767
3327	3583	2815	3288	3579	2771
3583	3583	2815	3484	3585	2774
3839	3583	2815	3678	3591	2776
4095	3583	2815	3873	3598	2781
0	3839	2815	738	3734	2739
256	3839	2815	936	3740	2743
512	3839	2815	1134	3747	2746
768	3839	2815	1334	3754	2750
1024	3839	2815	1535	3761	2754
1280	3839	2815	1734	3768	2758
1536	3839	2815	1933	3775	2762
1792	3839	2815	2142	3781	2766
2048	3839	2815	2353	3788	2769
2303	3839	2815	2547	3795	2773
2559	3839	2815	2738	3801	2776
2815	3839	2815	2936	3808	2779
3071	3839	2815	3135	3814	2782
3327	3839	2815	3333	3819	2785
3583	3839	2815	3529	3826	2789
3839	3839	2815	3724	3833	2792
4095	3839	2815	3917	3838	2794
0	4095	2815	782	3977	2756
256	4095	2815	981	3984	2759
512	4095	2815	1179	3989	2762
768	4095	2815	1379	3996	2765
1024	4095	2815	1579	4004	2768
1280	4095	2815	1778	4010	2772
1536	4095	2815	1976	4017	2776
1792	4095	2815	2191	4025	2779
2048	4095	2815	2396	4031	2784
2303	4095	2815	2590	4037	2788
2559	4095	2815	2783	4043	2790
2815	4095	2815	2980	4050	2793
3071	4095	2815	3180	4056	2797
3327	4095	2815	3377	4063	2800
3583	4095	2815	3573	4068	2804
3839	4095	2815	3768	4074	2809
4095	4095	2815	3960	4080	2810
0	0	3071	41	48	2739
256	0	3071	238	56	2740
512	0	3071	442	64	2743
768	0	3071	643	70	2747
1024	0	3071	843	78	2751
1280	0	3071	1043	85	2754
1536	0	3071	1239	92	2758
1792	0	3071	1440	100	2761
2048	0	3071	1640	107	2765
2303	0	3071	1836	114	2769
2559	0	3071	2036	121	2772
2815	0	3071	2256	127	2776
3071	0	3071	2452	135	2780
3327	0	3071	2645	143	2782
3583	0	3071	2841	150	2786
3839	0	3071	3038	156	2790
4095	0	3071	3236	163	2793
0	256	3071	88	297	2754
256	256	3071	284	304	2755
512	256	3071	488	312	2758
768	256	3071	690	319	2762
1024	256	3071	890	326	2765
1280	256	3071	1088	332	2769
1536	256	3071	1286	340	2773
1792	256	3071	1487	346	2776
2048	256	3071	1686	353	2780
2303	256	3071	1883	360	2783
2559	256	3071	2089	366	2787
2815	256	3071	2304	373	2791
3071	256	3071	2498	382	2794
3327	256	3071	2692	389	2798
3583	256	3071	2887	396	2802
3839	256	3071	3086	403	2804
4095	256	3071	3285	409	2809
0	512	3071	133	543	2769
256	512	3071	333	550	2771
512	512	3071	538	557	2775
768	512	3071	737	564	2778
1024	512	3071	937	571	2782
1280	512	3071	1135	577	2786
1536	512	3071	1333	584	2789
1792	512	3071	1535	591	2793
2048	512	3071	1732	598	2797
2303	512	3071	1930	606	2799
2559	512	3071	2140	613	2803
2815	512	3071	2349	619	2808
3071	512	3071	2544	627	2811
3327	512	3071	2737	634	2815
3583	512	3071	2934	641	2818
3839	512	3071	3133	648	2821
4095	512	3071	3332	655	2825
0	768	3071	179	790	2784
256	768	3071	381	796	2787
512	768	3071	585	803	2791
768	768	3071	785	810	2795
1024	768	3071	983	817	2798
1280	768	3071	1182	824	2802
1536	768	3071	1380	830	2805
1792	768	3071	1580	839	2810
2048	768	3071	1780	846	2812
2303	768	3071	1976	853	2816
2559	768	3071	2191	860	2820
2815	768	3071	2396	867	2824
3071	768	3071	2590	874	2827
3327	768	3071	2782	881	2830
3583	768	3071	2981	888	2833
3839	768	3071	3180	895	2837
4095	768	3071	3377	902	2841
0	1024	3071	225	1035	2800
256	1024	3071	428	1042	2803
512	1024	3071	630	1048	2807
768	1024	3071	830	1055	2812
1024	1024	3071	1030	1062	2815
1280	1024	3071	1226	1069	2817
1536	1024	3071	1428	1076	2821
1792	1024	3071	1628	1082	2825
2048	1024	3071	1825	1090	2828
2303	1024	3071	2023	1097	2833
2559	1024	3071	2243	1104	2836
2815	1024	3071	2441	1111	2839
3071	1024	3071	2635	1118	2842
3327	1024	3071	2830	1124	2845
3583	1024	3071	3027	1130	2849
3839	1024	3071	3227	1136	2853
4095	1024	3071	3424	1144	2856
0	1280	3071	273	1277	2816
256	1280	3071	477	1281	2820
512	1280	3071	677	1287	2823
768	1280	3071	877	1294	2827
1024	1280	3071	1076	1302	2830
1280	1280	3071	1273	1309	2834
1536	1280	3071	1475	1315	2837
1792	1280	3071	1674	1323	2840
2048	1280	3071	1871	1330	2844
2303	1280	3071	2075	1338	2848
2559	1280	3071	2292	1345	2850
2815	1280	3071	2487	1352	2854
3071	1280	3071	2680	1360	2858
3327	1280	3071	2876	1367	2861
3583	1280	3071	3074	1373	2865
3839	1280	3071	3273	1380	2867
4095	1280	3071	3470	1388	2871
0	1536	3071	319	1526	2832
256	1536	3071	523	1533	2835
512	1536	3071	724	1541	2839
768	1536	3071	923	1549	2843
1024	1536	3071	1120	1555	2845
1280	1536	3071	1320	1563	2850
1536	1536	3071	1521	1571	2853
1792	1536	3071	1719	1578	2856
2048	1536	3071	1918	1585	2860
2303	1536	3071	2125	1591	2863
2559	1536	3071	2336	1599	2866
2815	1536	3071	2532	1606	2869
3071	1536	3071	2724	1613	2873
3327	1536	3071	2920	1620	2877
3583	1536	3071	3120	1627	2880
3839	1536	3071	3318	1633	2883
4095	1536	3071	3514	1640	2886
0	1792	3071	366	1773	2847
256	1792	3071	570	1780	2851
512	1792	3071	769	1787	2855
768	1792	3071	969	1794	2857
1024	1792	3071	1167	1801	2861
1280	1792	3071	1366	1808	2865
1536	1792	3071	1567	1815	2869
1792	1792	3071	1766	1821	2872
2048	1792	3071	1964	1829	2876
2303	1792	3071	2176	1836	2878
2559	1792	3071	2382	1842	2881
2815	1792	3071	2576	1850	2885
3071	1792	3071	2770	1856	2888
3327	1792	3071	2967	1864	2892
3583	1792	3071	3165	1871	2895
3839	1792	3071	3363	1878	2898
4095	1792	3071	3559	1884	2902
0	2048	3071	414	2017	2862
256	2048	3071	617	2024	2866
512	2048	3071	816	2031	2870
768	2048	3071	1015	2037	2873
1024	2048	3071	1213	2045	2877
1280	2048	3071	1413	2053	2880
1536	2048	3071	1613	2060	2884
1792	2048	3071	1812	2067	2888
2048	2048	3071	2010	2074	2891
2303	2048	3071	2228	2081	2893
2559	2048	3071	2428	2089	2897
2815	2048	3071	2621	2096	2900
3071	2048	3071	2816	2104	2904
3327	2048	3071	3015	2112	2908
3583	2048	3071	3213	2119	2911
3839	2048	3071	3409	2127	2914
4095	2048	3071	3605	2134	2917
0	2303	3071	463	2278	2878
256	2303	3071	664	2285	2882
512	2303	3071	865	2292	2884
768	2303	3071	1063	2301	2889
1024	2303	3071	1260	2309	2893
1280	2303	3071	1463	2317	2896
1536	2303	3071	1661	2325	2900
1792	2303	3071	1858	2332	2903
2048	2303	3071	2062	2340	2907
2303	2303	3071	2279	2348	2910
2559	2303	3071	2474	2355	2912
2815	2303	3071	2669	2362	2916
3071	2303	3071	2863	2368	2920
3327	2303	3071	3061	2374	2922
3583	2303	3071	3262	2381	2926
3839	2303	3071	3457	2387	2930
4095	2303	3071	3651	2394	2932
0	2559	3071	510	2522	2894
256	2559	3071	711	2530	2896
512	2559	3071	909	2535	2900
768	2559	3071	1108	2542	2904
1024	2559	3071	1307	2549	2908
1280	2559	3071	1507	2556	2912
1536	2559	3071	1706	2563	2915
1792	2559	3071	1905	2570	2918
2048	2559	3071	2112	2576	2922
2303	2559	3071	2324	2583	2926
2559	2559	3071	2519	2589	2928
2815	2559	3071	2710	2595	2931
3071	2559	3071	2907	2602	2934
3327	2559	3071	3105	2608	2938
3583	2559	3071	3305	2615	2942
3839	2559	3071	3502	2622	2945
4095	2559	3071	3695	2629	2949
0	2815	3071	557	2763	2909
256	2815	3071	756	2770	2912
512	2815	3071	954	2777	2915
768	2815	3071	1153	2783	2919
1024	2815	3071	1353	2790	2923
1280	2815	3071	1553	2798	2927
1536	2815	3071	1752	2805	2930
1792	2815	3071	1951	2813	2934
2048	2815	3071	2162	2820	2938
2303	2815	3071	2369	2826	2940
2559	2815	3071	2563	2833	2945
2815	2815	3071	2755	2839	2947
3071	2815	3071	2952	2846	2950
3327	2815	3071	3152	2853	2953
3583	2815	3071	3350	2859	2958
3839	2815	3071	3546	2866	2961
4095	2815	3071	3742	2873	2965
0	3071	3071	602	3007	2924
256	3071	3071	801	3014	2927
512	3071	3071	1002	3021	2931
768	3071	3071	1199	3028	2933
1024	3071	3071	1398	3035	2938
1280	3071	3071	1600	3042	2943
1536	3071	3071	1797	3049	2946
1792	3071	3071	1995	3055	2950
2048	3071	3071	2213	3062	2952
2303	3071	3071	2414	3069	2956
2559	3071	3071	2607	3075	2960
2815	3071	3071	2801	3082	2963
3071	3071	3071	2999	3089	2967
3327	3071	3071	3197	3095	2969
3583	3071	3071	3395	3102	2971
3839	3071	3071	3591	3108	2975
4095	3071	3071	3785	3115	2979
0	3327	3071	649	3247	2940
256	3327	3071	849	3255	2943
512	3327	3071	1048	3263	2946
768	3327	3071	1245	3269	2950
1024	3327	3071	1446	3276	2954
1280	3327	3071	1646	3282	2958
1536	3327	3071	1845	3289	2962
1792	3327	3071	2046	3296	2966
2048	3327	3071	2264	3303	2968
2303	3327	3071	2460	3309	2972
2559	3327	3071	2653	3316	2975
2815	3327	3071	2848	3322	2977
3071	3327	3071	3046	3328	2981
3327	3327	3071	3245	3334	2983
3583	3327	3071	3442	3342	2986
3839	3327	3071	3637	3348	2989
4095	3327	3071	3830	3354	2992
0	3583	3071	695	3491	2955
256	3583	3071	895	3499	2960
512	3583	3071	1093	3506	2963
768	3583	3071	1291	3513	2965
1024	3583	3071	1493	3520	2968
1280	3583	3071	1691	3527	2972
1536	3583	3071	1889	3533	2976
1792	3583	3071	2097	3541	2979
2048	3583	3071	2311	3548	2983
2303	3583	3071	2506	3556	2986
2559	3583	3071	2699	3562	2989
2815	3583	3071	2894	3570	2992
3071	3583	3071	3092	3576	2995
3327	3583	3071	3291	3583	2998
3583	3583	3071	3487	3590	3002
3839	3583	3071	3682	3596	3004
4095	3583	3071	3877	3602	3007
0	3839	3071	741	3738	2969
256	3839	3071	940	3744	2972
512	3839	3071	1139	3751	2976
768	3839	3071	1337	3758	2979
1024	3839	3071	1537	3765	2982
1280	3839	3071	1737	3772	2986
1536	3839	3071	1935	3779	2991
1792	3839	3071	2146	3785	2993
2048	3839	3071	2357	3792	2997
2303	3839	3071	2550	3799	3000
2559	3839	3071	2742	3805	3004
2815	3839	3071	2940	3811	3007
3071	3839	3071	3139	3818	3009
3327	3839	3071	3335	3824	3013
3583	3839	3071	3531	3830	3017
3839	3839	3071	3726	3837	3019
4095	3839	3071	3920	3843	3021
0	4095	3071	786	3980	2984
256	4095	3071	984	3987	2986
512	4095	3071	1182	3993	2990
768	4095	3071	1381	4000	2993
1024	4095	3071	1582	4007	2997
1280	4095	3071	1781	4014	3000
1536	4095	3071	1979	4022	3003
1792	4095	3071	2194	4029	3007
2048	4095	3071	2398	4035	3011
2303	4095	3071	2593	4041	3014
2559	4095	3071	2785	4047	3018
2815	4095	3071	2983	4054	3021
3071	4095	3071	3183	4060	3023
3327	4095	3071	3380	4066	3027
3583	4095	3071	3576	4072	3030
3839	4095	3071	3771	4078	3033
4095	4095	3071	3962	4083	3036
0	0	3327	43	52	2969
256	0	3327	241	60	2972
512	0	3327	445	67	2976
768	0	3327	647	73	2976
1024	0	3327	846	82	2980
1280	0	3327	1046	89	2984
1536	0	3327	1243	96	2987
1792	0	3327	1444	104	2990
2048	0	3327	1644	111	2994
2303	0	3327	1840	118	2997
2559	0	3327	2040	125	3001
2815	0	3327	2260	132	3005
3071	0	3327	2456	139	3007
3327	0	3327	2648	147	3011
3583	0	3327	2845	154	3014
3839	0	3327	3041	160	3017
4095	0	3327	3239	167	3020
0	256	3327	91	301	2983
256	256	3327	287	308	2986
512	256	3327	491	315	2989
768	256	3327	694	322	2991
1024	256	3327	893	329	2995
1280	256	3327	1091	336	2998
1536	256	3327	1290	343	3001
1792	256	3327	1491	350	3005
2048	256	3327	1689	357	3008
2303	256	3327	1886	365	3012
2559	256	3327	2092	371	3015
2815	256	3327	2307	377	3018
3071	256	3327	2502	386	3022
3327	256	3327	2695	393	3026
3583	256	3327	2890	400	3028
3839	256	3327	3089	407	3032
4095	256	3327	3288	413	3035
0	512	3327	137	546	2997
256	512	3327	337	553	3001
512	512	3327	540	560	3003
768	512	3327	740	568	3007
1024	512	3327	941	575	3010
1280	512	3327	1139	581	3013
1536	512	3327	1336	588	3017
1792	512	3327	1538	595	3021
2048	512	3327	1736	602	3023
2303	512	3327	1933	610	3027
2559	512	3327	2144	617	3029
2815	512	3327	2354	623	3033
3071	512	3327	2547	630	3037
3327	512	3327	2741	637	3039
3583	512	3327	2937	644	3043
3839	512	3327	3136	652	3047
4095	512	3327	3335	659	3050
0	768	3327	182	794	3012
256	768	3327	384	800	3015
512	768	3327	588	807	3018
768	768	3327	786	814	3022
1024	768	3327	987	821	3025
1280	768	3327	1185	828	3028
1536	768	3327	1383	835	3032
1792	768	3327	1583	842	3035
2048	768	3327	1783	849	3038
2303	768	3327	1979	856	3041
2559	768	3327	2194	864	3044
2815	768	3327	2399	871	3048
3071	768	3327	2592	877	3052
3327	768	3327	2785	884	3054
3583	768	3327	2984	891	3058
3839	768	3327	3183	899	3061
4095	768	3327	3380	906	3065
0	1024	3327	229	1039	3027
256	1024	3327	431	1046	3029
512	1024	3327	633	1052	3033
768	1024	3327	833	1059	3037
1024	1024	3327	1033	1066	3041
1280	1024	3327	1229	1073	3043
1536	1024	3327	1431	1080	3047
1792	1024	3327	1631	1086	3049
2048	1024	3327	1828	1093	3053
2303	1024	3327	2026	1100	3056
2559	1024	3327	2246	1107	3059
2815	1024	3327	2444	1114	3063
3071	1024	3327	2637	1121	3065
3327	1024	3327	2832	1127	3069
3583	1024	3327	3030	1134	3073
3839	1024	3327	3230	1141	3076
4095	1024	3327	3427	1148	3079
0	1280	3327	275	1284	3041
256	1280	3327	480	1286	3044
512	1280	3327	680	1292	3048
768	1280	3327	880	1298	3051
1024	1280	3327	1079	1306	3055
1280	1280	3327	1276	1312	3059
1536	1280	3327	1478	1319	3061
1792	1280	3327	1677	1327	3064
2048	1280	3327	1874	1334	3068
2303	1280	3327	2078	1341	3071
2559	1280	3327	2295	1349	3075
2815	1280	3327	2489	1356	3077
3071	1280	3327	2683	1364	3081
3327	1280	3327	2879	1371	3084
3583	1280	3327	3076	1377	3087
3839	1280	3327	3275	1384	3090
4095	1280	3327	3472	1392	3094
0	1536	3327	321	1531	3056
256	1536	3327	526	1537	3060
512	1536	3327	727	1545	3063
768	1536	3327	925	1552	3066
1024	1536	3327	1123	1559	3070
1280	1536	3327	1323	1566	3073
1536	1536	3327	1524	1574	3076
1792	1536	3327	1721	1582	3079
2048	1536	3327	1921	1589	3082
2303	1536	3327	2129	1596	3086
2559	1536	3327	2340	1603	3089
2815	1536	3327	2535	1610	3092
3071	1536	3327	2727	1617	3096
3327	1536	3327	2923	1624	3099
3583	1536	3327	3123	1630	3102
3839	1536	3327	3321	1636	3105
4095	1536	3327	3516	1644	3108
0	1792	3327	368	1776	3071
256	1792	3327	573	1783	3075
512	1792	3327	772	1791	3077
768	1792	3327	971	1798	3081
1024	1792	3327	1169	1805	3084
1280	1792	3327	1368	1811	3087
1536	1792	3327	1569	1819	3091
1792	1792	3327	1769	1826	3095
2048	1792	3327	1966	1833	3097
2303	1792	3327	2179	1840	3100
2559	1792	3327	2385	1846	3103
2815	1792	3327	2579	1853	3107
3071	1792	3327	2772	1860	3111
3327	1792	3327	2969	1867	3114
3583	1792	3327	3168	1874	3117
3839	1792	3327	3366	1881	3121
4095	1792	3327	3561	1887	3123
0	2048	3327	416	2021	3086
256	2048	3327	619	2028	3089
512	2048	3327	818	2035	3092
768	2048	3327	1018	2042	3096
1024	2048	3327	1215	2050	3099
1280	2048	3327	1415	2058	3102
1536	2048	3327	1615	2064	3106
1792	2048	3327	1814	2070	3110
2048	2048	3327	2012	2077	3113
2303	2048	3327	2231	2085	3116
2559	2048	3327	2430	2093	3119
2815	2048	3327	2624	2100	3122
3071	2048	3327	2818	2108	3125
3327	2048	3327	3016	2115	3129
3583	2048	3327	3214	2123	3132
3839	2048	3327	3411	2131	3134
4095	2048	3327	3607	2139	3138
0	2303	3327	465	2282	3101
256	2303	3327	666	2289	3103
512	2303	3327	866	2297	3107
768	2303	3327	1065	2304	3111
1024	2303	3327	1262	2313	3114
1280	2303	3327	1465	2321	3118
1536	2303	3327	1663	2329	3121
1792	2303	3327	1860	2335	3125
2048	2303	3327	2064	2344	3129
2303	2303	3327	2281	2352	3131
2559	2303	3327	2476	2359	3134
2815	2303	3327	2670	2366	3137
3071	2303	3327	2865	2372	3140
3327	2303	3327	3063	2378	3143
3583	2303	3327	3263	2385	3146
3839	2303	3327	3459	2392	3150
4095	2303	3327	3654	2399	3154
0	2559	3327	512	2526	3116
256	2559	3327	712	2534	3119
512	2559	3327	911	2539	3123
768	2559	3327	1110	2546	3125
1024	2559	3327	1309	2553	3129
1280	2559	3327	1510	2560	3133
1536	2559	3327	1708	2567	3136
1792	2559	3327	1907	2574	3140
2048	2559	3327	2114	2580	3142
2303	2559	3327	2327	2586	3146
2559	2559	3327	2521	2593	3149
2815	2559	3327	2712	2600	3151
3071	2559	3327	2909	2607	3154
3327	2559	3327	3107	2613	3158
3583	2559	3327	3307	2620	3161
3839	2559	3327	3504	2627	3165
4095	2559	3327	3698	2633	3168
0	2815	3327	558	2767	3130
256	2815	3327	758	2774	3134
512	2815	3327	957	2781	3136
768	2815	3327	1155	2787	3140
1024	2815	3327	1354	2794	3144
1280	2815	3327	1555	2802	3147
1536	2815	3327	1754	2810	3151
1792	2815	3327	1953	2817	3154
2048	2815	3327	2164	2824	3157
2303	2815	3327	2370	2830	3161
2559	2815	3327	2565	2837	3164
2815	2815	3327	2757	2844	3166
3071	2815	3327	2954	2850	3169
3327	2815	3327	3154	2857	3172
3583	2815	3327	3352	2863	3176
3839	2815	3327	3548	2870	3179
4095	2815	3327	3743	2877	3183
0	3071	3327	605	3011	3145
256	3071	3327	803	3018	3148
512	3071	3327	1004	3026	3151
768	3071	3327	1201	3032	3155
1024	3071	3327	1400	3039	3157
1280	3071	3327	1601	3046	3162
1536	3071	3327	1799	3053	3165
1792	3071	3327	1997	3060	3168
2048	3071	3327	2216	3067	3172
2303	3071	3327	2416	3074	3175
2559	3071	3327	2610	3080	3179
2815	3071	3327	2804	3086	3182
3071	3071	3327	3002	3093	3185
3327	3071	3327	3199	3100	3186
3583	3071	3327	3397	3106	3191
3839	3071	3327	3594	3113	3193
4095	3071	3327	3787	3120	3197
0	3327	3327	651	3251	3160
256	3327	3327	851	3259	3163
512	3327	3327	1050	3267	3166
768	3327	3327	1247	3273	3170
1024	3327	3327	1449	3281	3173
1280	3327	3327	1647	3287	3176
1536	3327	3327	1846	3293	3180
1792	3327	3327	2049	3300	3183
2048	3327	3327	2267	3306	3186
2303	3327	3327	2463	3313	3189
2559	3327	3327	2656	3320	3193
2815	3327	3327	2851	3325	3197
3071	3327	3327	3049	3332	3199
3327	3327	3327	3247	3339	3202
3583	3327	3327	3444	3346	3205
3839	3327	3327	3640	3353	3208
4095	3327	3327	3833	3358	3212
0	3583	3327	697	3496	3173
256	3583	3327	897	3504	3177
512	3583	3327	1095	3511	3181
768	3583	3327	1293	3518	3184
1024	3583	3327	1495	3525	3188
1280	3583	3327	1693	3532	3191
1536	3583	3327	1891	3538	3194
1792	3583	3327	2099	3545	3198
2048	3583	3327	2314	3552	3202
2303	3583	3327	2508	3559	3203
2559	3583	3327	2702	3567	3207
2815	3583	3327	2897	3574	3211
3071	3583	3327	3095	3580	3213
3327	3583	3327	3294	3587	3217
3583	3583	3327	3490	3593	3220
3839	3583	3327	3684	3600	3223
4095	3583	3327	3879	3607	3227
0	3839	3327	743	3743	3188
256	3839	3327	942	3749	3192
512	3839	3327	1141	3755	3195
768	3839	3327	1339	3762	3198
1024	3839	3327	1539	3769	3201
1280	3839	3327	1739	3776	3204
1536	3839	3327	1938	3783	3208
1792	3839	3327	2149	3789	3212
2048	3839	3327	2359	3796	3215
2303	3839	3327	2552	3803	3219
2559	3839	3327	2744	3809	3222
2815	3839	3327	2942	3816	3225
3071	3839	3327	3141	3823	3229
3327	3839	3327	3338	3828	3233
3583	3839	3327	3533	3835	3235
3839	3839	3327	3729	3841	3240
4095	3839	3327	3922	3847	3240
0	4095	3327	787	3984	3201
256	4095	3327	985	3991	3205
512	4095	3327	1184	3997	3208
768	4095	3327	1384	4004	3212
1024	4095	3327	1584	4011	3216
1280	4095	3327	1784	4018	3219
1536	4095	3327	1981	4026	3222
1792	4095	3327	2196	4032	3226
2048	4095	3327	2401	4038	3230
2303	4095	3327	2594	4045	3234
2559	4095	3327	2787	4052	3237
2815	4095	3327	2985	4058	3240
3071	4095	3327	3184	4064	3244
3327	4095	3327	3382	4071	3247
3583	4095	3327	3579	4076	3251
3839	4095	3327	3773	4082	3254
4095	4095	3327	3965	4087	3256
0	0	3583	47	56	3186
256	0	3583	244	64	3189
512	0	3583	447	71	3193
768	0	3583	648	78	3196
1024	0	3583	849	86	3200
1280	0	3583	1049	93	3202
1536	0	3583	1244	101	3206
1792	0	3583	1445	108	3209
2048	0	3583	1645	115	3212
2303	0	3583	1842	122	3214
2559	0	3583	2042	129	3217
2815	0	3583	2262	137	3221
3071	0	3583	2457	144	3225
3327	0	3583	2650	151	3228
3583	0	3583	2846	158	3232
3839	0	3583	3043	164	3236
4095	0	3583	3241	171	3239
0	256	3583	93	305	3202
256	256	3583	290	312	3202
512	256	3583	494	319	3205
768	256	3583	696	327	3210
1024	256	3583	894	333	3211
1280	256	3583	1093	340	3216
1536	256	3583	1292	347	3219
1792	256	3583	1493	354	3222
2048	256	3583	1690	361	3226
2303	256	3583	1888	369	3230
2559	256	3583	2094	375	3233
2815	256	3583	2309	383	3237
3071	256	3583	2504	390	3241
3327	256	3583	2697	397	3244
3583	256	3583	2892	404	3248
3839	256	3583	3090	411	3250
4095	256	3583	3289	417	3254
0	512	3583	139	550	3214
256	512	3583	338	558	3218
512	512	3583	543	564	3221
768	512	3583	742	571	3224
1024	512	3583	942	579	3227
1280	512	3583	1141	585	3231
1536	512	3583	1339	592	3235
1792	512	3583	1539	600	3238
2048	512	3583	1737	607	3242
2303	512	3583	1935	614	3245
2559	512	3583	2146	621	3249
2815	512	3583	2356	627	3252
3071	512	3583	2549	634	3255
3327	512	3583	2742	641	3260
3583	512	3583	2939	648	3265
3839	512	3583	3138	655	3268
4095	512	3583	3336	663	3272
0	768	3583	185	797	3229
256	768	3583	386	803	3233
512	768	3583	589	810	3236
768	768	3583	787	817	3239
1024	768	3583	989	825	3243
1280	768	3583	1187	832	3247
1536	768	3583	1385	839	3250
1792	768	3583	1584	846	3255
2048	768	3583	1784	853	3258
2303	768	3583	1981	860	3262
2559	768	3583	2196	867	3266
2815	768	3583	2401	875	3269
3071	768	3583	2594	881	3273
3327	768	3583	2787	888	3277
3583	768	3583	2986	895	3280
3839	768	3583	3185	902	3284
4095	768	3583	3381	910	3287
0	1024	3583	231	1043	3245
256	1024	3583	433	1050	3249
512	1024	3583	635	1056	3253
768	1024	3583	836	1063	3256
1024	1024	3583	1035	1070	3260
1280	1024	3583	1231	1077	3264
1536	1024	3583	1432	1083	3268
1792	1024	3583	1632	1089	3271
2048	1024	3583	1829	1096	3274
2303	1024	3583	2028	1103	3278
2559	1024	3583	2248	1110	3282
2815	1024	3583	2445	1118	3285
3071	1024	3583	2639	1125	3289
3327	1024	3583	2834	1131	3293
3583	1024	3583	3032	1139	3296
3839	1024	3583	3231	1145	3300
4095	1024	3583	3428	1153	3302
0	1280	3583	276	1285	3262
256	1280	3583	481	1292	3266
512	1280	3583	682	1298	3269
768	1280	3583	882	1304	3273
1024	1280	3583	1081	1309	3277
1280	1280	3583	1277	1316	3280
1536	1280	3583	1479	1324	3283
1792	1280	3583	1678	1331	3287
2048	1280	3583	1876	1337	3290
2303	1280	3583	2079	1345	3294
2559	1280	3583	2297	1352	3297
2815	1280	3583	2490	1360	3301
3071	1280	3583	2684	1368	3305
3327	1280	3583	2880	1375	3308
3583	1280	3583	3078	1381	3312
3839	1280	3583	3277	1388	3315
4095	1280	3583	3474	1396	3318
0	1536	3583	323	1534	3278
256	1536	3583	528	1540	3282
512	1536	3583	729	1548	3285
768	1536	3583	927	1555	3289
1024	1536	3583	1125	1562	3292
1280	1536	3583	1325	1569	3296
1536	1536	3583	1526	1577	3299
1792	1536	3583	1724	1585	3302
2048	1536	3583	1923	1592	3306
2303	1536	3583	2131	1599	3310
2559	1536	3583	2342	1606	3313
2815	1536	3583	2537	1613	3317
3071	1536	3583	2729	1621	3320
3327	1536	3583	2925	1628	3323
3583	1536	3583	3125	1634	3327
3839	1536	3583	3323	1640	3330
4095	1536	3583	3518	1647	3334
0	1792	3583	371	1780	3294
256	1792	3583	575	1787	3298
512	1792	3583	774	1794	3301
768	1792	3583	973	1801	3305
1024	1792	3583	1171	1808	3308
1280	1792	3583	1370	1815	3312
1536	1792	3583	1571	1822	3315
1792	1792	3583	1770	1829	3318
2048	1792	3583	1968	1837	3322
2303	1792	3583	2181	1844	3325
2559	1792	3583	2388	1850	3328
2815	1792	3583	2581	1857	3332
3071	1792	3583	2774	1864	3335
3327	1792	3583	2971	1870	3339
3583	1792	3583	3170	1877	3343
3839	1792	3583	3368	1884	3345
4095	1792	3583	3563	1890	3349
0	2048	3583	418	2025	3309
256	2048	3583	621	2032	3313
512	2048	3583	821	2039	3317
768	2048	3583	1020	2048	3320
1024	2048	3583	1217	2055	3324
1280	2048	3583	1417	2062	3328
1536	2048	3583	1618	2068	3331
1792	2048	3583	1816	2075	3335
2048	2048	3583	2014	2082	3338
2303	2048	3583	2234	2089	3340
2559	2048	3583	2433	2097	3345
2815	2048	3583	2625	2104	3347
3071	2048	3583	2820	2111	3351
3327	2048	3583	3017	2119	3354
3583	2048	3583	3216	2127	3357
3839	2048	3583	3412	2135	3361
4095	2048	3583	3609	2143	3365
0	2303	3583	467	2287	3325
256	2303	3583	667	2293	3329
512	2303	3583	868	2301	3331
768	2303	3583	1067	2309	3336
1024	2303	3583	1264	2317	3340
1280	2303	3583	1467	2325	3343
1536	2303	3583	1665	2332	3346
1792	2303	3583	1862	2339	3350
2048	2303	3583	2066	2347	3353
2303	2303	3583	2284	2355	3357
2559	2303	3583	2478	2362	3360
2815	2303	3583	2672	2370	3363
3071	2303	3583	2867	2376	3366
3327	2303	3583	3064	2382	3369
3583	2303	3583	3265	2388	3373
3839	2303	3583	3462	2395	3377
4095	2303	3583	3656	2402	3380
0	2559	3583	515	2531	3341
256	2559	3583	714	2538	3344
512	2559	3583	913	2544	3347
768	2559	3583	1112	2550	3351
1024	2559	3583	1310	2557	3354
1280	2559	3583	1512	2564	3358
1536	2559	3583	1710	2571	3362
1792	2559	3583	1909	2577	3365
2048	2559	3583	2116	2583	3369
2303	2559	3583	2329	2590	3373
2559	2559	3583	2522	2597	3375
2815	2559	3583	2715	2604	3378
3071	2559	3583	2912	2611	3381
3327	2559	3583	3111	2617	3385
3583	2559	3583	3308	2623	3389
3839	2559	3583	3506	2630	3392
4095	2559	3583	3700	2637	3395
0	2815	3583	560	2771	3356
256	2815	3583	760	2778	3359
512	2815	3583	959	2785	3363
768	2815	3583	1157	2791	3367
1024	2815	3583	1356	2798	3370
1280	2815	3583	1556	2807	3374
1536	2815	3583	1756	2814	3377
1792	2815	3583	1955	2821	3381
2048	2815	3583	2166	2828	3385
2303	2815	3583	2373	2834	3388
2559	2815	3583	2567	2841	3391
2815	2815	3583	2759	2848	3394
3071	2815	3583	2956	2855	3397
3327	2815	3583	3157	2861	3400
3583	2815	3583	3355	2867	3404
3839	2815	3583	3550	2874	3407
4095	2815	3583	3745	2881	3411
0	3071	3583	607	3015	3371
256	3071	3583	806	3022	3375
512	3071	3583	1006	3029	3379
768	3071	3583	1203	3036	3381
1024	3071	3583	1401	3042	3385
1280	3071	3583	1603	3049	3389
1536	3071	3583	1801	3056	3392
1792	3071	3583	1999	3063	3396
2048	3071	3583	2218	3070	3400
2303	3071	3583	2419	3077	3403
2559	3071	3583	2612	3083	3407
2815	3071	3583	2807	3090	3410
3071	3071	3583	3003	3097	3412
3327	3071	3583	3202	3103	3418
3583	3071	3583	3400	3111	3420
3839	3071	3583	3596	3117	3424
4095	3071	3583	3788	3123	3428
0	3327	3583	653	3255	3386
256	3327	3583	853	3263	3391
512	3327	3583	1052	3270	3394
768	3327	3583	1249	3277	3397
1024	3327	3583	1451	3284	3401
1280	3327	3583	1650	3290	3404
1536	3327	3583	1848	3297	3407
1792	3327	3583	2050	3304	3411
2048	3327	3583	2269	3310	3415
2303	3327	3583	2464	3318	3420
2559	3327	3583	2658	3324	3424
2815	3327	3583	2853	3329	3426
3071	3327	3583	3051	3336	3430
3327	3327	3583	3249	3343	3433
3583	3327	3583	3446	3350	3435
3839	3327	3583	3642	3357	3438
4095	3327	3583	3836	3363	3442
0	3583	3583	699	3500	3401
256	3583	3583	899	3508	3406
512	3583	3583	1097	3515	3409
768	3583	3583	1295	3521	3414
1024	3583	3583	1497	3529	3418
1280	3583	3583	1696	3536	3421
1536	3583	3583	1894	3542	3424
1792	3583	3583	2102	3549	3428
2048	3583	3583	2316	3556	3431
2303	3583	3583	2509	3563	3435
2559	3583	3583	2703	3571	3438
2815	3583	3583	2899	3577	3441
3071	3583	3583	3096	3584	3445
3327	3583	3583	3296	3591	3448
3583	3583	3583	3492	3597	3451
3839	3583	3583	3686	3604	3453
4095	3583	3583	3881	3610	3455
0	3839	3583	745	3747	3417
256	3839	3583	944	3753	3421
512	3839	3583	1143	3759	3424
768	3839	3583	1342	3766	3428
1024	3839	3583	1542	3773	3432
1280	3839	3583	1741	3780	3436
1536	3839	3583	1940	3787	3440
1792	3839	3583	2151	3793	3443
2048	3839	3583	2361	3799	3446
2303	3839	3583	2554	3806	3450
2559	3839	3583	2746	3813	3451
2815	3839	3583	2943	3820	3456
3071	3839	3583	3143	3826	3459
3327	3839	3583	3341	3832	3462
3583	3839	3583	3537	3838	3466
3839	3839	3583	3732	3844	3469
4095	3839	3583	3924	3850	3470
0	4095	3583	790	3989	3432
256	4095	3583	989	3996	3435
512	4095	3583	1187	4002	3440
768	4095	3583	1387	4008	3444
1024	4095	3583	1587	4015	3446
1280	4095	3583	1785	4023	3449
1536	4095	3583	1984	4030	3452
1792	4095	3583	2200	4036	3456
2048	4095	3583	2403	4042	3460
2303	4095	3583	2596	4049	3463
2559	4095	3583	2789	4056	3466
2815	4095	3583	2987	4062	3471
3071	4095	3583	3187	4069	3473
3327	4095	3583	3384	4075	3477
3583	4095	3583	3580	4080	3481
3839	4095	3583	3775	4086	3484
4095	4095	3583	3968	4092	3487
0	0	3839	50	61	3418
256	0	3839	246	69	3420
512	0	3839	449	77	3424
768	0	3839	651	83	3428
1024	0	3839	851	90	3431
1280	0	3839	1050	97	3434
1536	0	3839	1246	105	3437
1792	0	3839	1447	112	3440
2048	0	3839	1647	119	3445
2303	0	3839	1843	126	3448
2559	0	3839	2043	133	3452
2815	0	3839	2264	140	3456
3071	0	3839	2459	148	3459
3327	0	3839	2651	155	3463
3583	0	3839	2848	162	3465
3839	0	3839	3045	169	3467
4095	0	3839	3244	176	3471
0	256	3839	97	309	3433
256	256	3839	293	316	3434
512	256	3839	496	323	3438
768	256	3839	698	330	3441
1024	256	3839	897	337	3445
1280	256	3839	1095	344	3448
1536	256	3839	1296	351	3451
1792	256	3839	1494	358	3455
2048	256	3839	1691	365	3460
2303	256	3839	1889	372	3463
2559	256	3839	2096	378	3466
2815	256	3839	2311	386	3469
3071	256	3839	2505	394	3472
3327	256	3839	2698	401	3477
3583	256	3839	2894	408	3480
3839	256	3839	3092	415	3484
4095	256	3839	3291	421	3487
0	512	3839	141	554	3447
256	512	3839	340	561	3451
512	512	3839	545	568	3454
768	512	3839	744	575	3456
1024	512	3839	944	582	3460
1280	512	3839	1146	588	3463
1536	512	3839	1346	596	3467
1792	512	3839	1541	603	3471
2048	512	3839	1738	610	3474
2303	512	3839	1936	617	3478
2559	512	3839	2148	625	3482
2815	512	3839	2358	631	3485
3071	512	3839	2550	638	3488
3327	512	3839	2744	645	3493
3583	512	3839	2941	652	3496
3839	512	3839	3140	659	3500
4095	512	3839	3338	666	3503
0	768	3839	187	801	3463
256	768	3839	388	807	3465
512	768	3839	592	814	3468
768	768	3839	790	821	3473
1024	768	3839	991	828	3477
1280	768	3839	1188	836	3480
1536	768	3839	1387	842	3483
1792	768	3839	1587	849	3487
2048	768	3839	1787	857	3490
2303	768	3839	1983	864	3494
2559	768	3839	2198	871	3497
2815	768	3839	2403	878	3501
3071	768	3839	2595	884	3505
3327	768	3839	2789	891	3508
3583	768	3839	2988	898	3512
3839	768	3839	3186	906	3516
4095	768	3839	3383	913	3519
0	1024	3839	234	1046	3479
256	1024	3839	435	1054	3481
512	1024	3839	636	1060	3485
768	1024	3839	838	1067	3489
1024	1024	3839	1037	1073	3493
1280	1024	3839	1234	1080	3496
1536	1024	3839	1434	1087	3500
1792	1024	3839	1634	1093	3503
2048	1024	3839	1832	1100	3507
2303	1024	3839	2031	1107	3511
2559	1024	3839	2250	1114	3514
2815	1024	3839	2447	1121	3518
3071	1024	3839	2641	1128	3521
3327	1024	3839	2837	1134	3525
3583	1024	3839	3034	1142	3529
3839	1024	3839	3233	1149	3532
4095	1024	3839	3430	1156	3536
0	1280	3839	279	1287	3495
256	1280	3839	484	1300	3498
512	1280	3839	686	1308	3502
768	1280	3839	885	1311	3506
1024	1280	3839	1083	1313	3509
1280	1280	3839	1279	1320	3513
1536	1280	3839	1481	1327	3515
1792	1280	3839	1680	1335	3519
2048	1280	3839	1878	1341	3523
2303	1280	3839	2082	1348	3526
2559	1280	3839	2300	1356	3530
2815	1280	3839	2493	1363	3534
3071	1280	3839	2687	1371	3537
3327	1280	3839	2883	1378	3541
3583	1280	3839	3081	1384	3545
3839	1280	3839	3280	1392	3548
4095	1280	3839	3476	1399	3552
0	1536	3839	326	1537	3510
256	1536	3839	530	1546	3515
512	1536	3839	732	1553	3518
768	1536	3839	930	1559	3521
1024	1536	3839	1128	1565	3525
1280	1536	3839	1327	1573	3529
1536	1536	3839	1529	1580	3532
1792	1536	3839	1726	1588	3535
2048	1536	3839	1925	1596	3539
2303	1536	3839	2133	1602	3543
2559	1536	3839	2344	1609	3546
2815	1536	3839	2539	1617	3549
3071	1536	3839	2732	1624	3553
3327	1536	3839	2928	1631	3557
3583	1536	3839	3128	1638	3560
3839	1536	3839	3325	1644	3565
4095	1536	3839	3521	1651	3568
0	1792	3839	373	1783	3526
256	1792	3839	577	1790	3531
512	1792	3839	776	1798	3534
768	1792	3839	976	1805	3537
1024	1792	3839	1174	1812	3541
1280	1792	3839	1373	1818	3544
1536	1792	3839	1574	1825	3548
1792	1792	3839	1773	1832	3552
2048	1792	3839	1970	1840	3555
2303	1792	3839	2184	1847	3559
2559	1792	3839	2390	1853	3563
2815	1792	3839	2582	1860	3566
3071	1792	3839	2776	1867	3570
3327	1792	3839	2974	1874	3573
3583	1792	3839	3173	1881	3577
3839	1792	3839	3371	1888	3581
4095	1792	3839	3567	1894	3583
0	2048	3839	420	2029	3543
256	2048	3839	624	2036	3546
512	2048	3839	823	2043	3549
768	2048	3839	1022	2052	3554
1024	2048	3839	1220	2058	3558
1280	2048	3839	1420	2065	3561
1536	2048	3839	1621	2072	3565
1792	2048	3839	1819	2079	3568
2048	2048	3839	2016	2086	3572
2303	2048	3839	2237	2094	3576
2559	2048	3839	2435	2101	3579
2815	2048	3839	2627	2108	3583
3071	2048	3839	2822	2115	3587
3327	2048	3839	3021	2123	3589
3583	2048	3839	3219	2131	3593
3839	2048	3839	3416	2139	3597
4095	2048	3839	3612	2147	3600
0	2303	3839	469	2290	3559
256	2303	3839	670	2297	3562
512	2303	3839	871	2305	3567
768	2303	3839	1070	2313	3571
1024	2303	3839	1266	2320	3574
1280	2303	3839	1470	2329	3578
1536	2303	3839	1668	2336	3582
1792	2303	3839	1865	2343	3585
2048	2303	3839	2069	2352	3589
2303	2303	3839	2289	2359	3592
2559	2303	3839	2481	2366	3595
2815	2303	3839	2675	2373	3599
3071	2303	3839	2870	2379	3601
3327	2303	3839	3067	2385	3605
3583	2303	3839	3268	2391	3609
3839	2303	3839	3464	2398	3612
4095	2303	3839	3658	2405	3616
0	2559	3839	517	2534	3575
256	2559	3839	717	2542	3579
512	2559	3839	916	2547	3583
768	2559	3839	1115	2554	3586
1024	2559	3839	1313	2560	3590
1280	2559	3839	1514	2568	3594
1536	2559	3839	1712	2574	3597
1792	2559	3839	1911	2581	3601
2048	2559	3839	2119	2586	3605
2303	2559	3839	2331	2593	3609
2559	2559	3839	2524	2600	3612
2815	2559	3839	2718	2607	3614
3071	2559	3839	2915	2614	3617
3327	2559	3839	3113	2620	3622
3583	2559	3839	3311	2627	3625
3839	2559	3839	3508	2634	3629
4095	2559	3839	3702	2641	3632
0	2815	3839	563	2775	3591
256	2815	3839	763	2782	3595
512	2815	3839	962	2789	3599
768	2815	3839	1160	2794	3602
1024	2815	3839	1359	2802	3606
1280	2815	3839	1559	2810	3609
1536	2815	3839	1758	2817	3612
1792	2815	3839	1957	2824	3617
2048	2815	3839	2170	2831	3620
2303	2815	3839	2376	2837	3624
2559	2815	3839	2570	2845	3628
2815	2815	3839	2762	2852	3630
3071	2815	3839	2960	2858	3634
3327	2815	3839	3160	2865	3638
3583	2815	3839	3358	2871	3641
3839	2815	3839	3553	2878	3645
4095	2815	3839	3748	2885	3647
0	3071	3839	609	3018	3607
256	3071	3839	809	3026	3611
512	3071	3839	1009	3033	3614
768	3071	3839	1205	3039	3618
1024	3071	3839	1404	3045	3622
1280	3071	3839	1606	3052	3625
1536	3071	3839	1804	3060	3628
1792	3071	3839	2002	3067	3633
2048	3071	3839	2222	3074	3636
2303	3071	3839	2422	3081	3640
2559	3071	3839	2614	3087	3643
2815	3071	3839	2809	3094	3647
3071	3071	3839	3006	3101	3650
3327	3071	3839	3205	3107	3653
3583	3071	3839	3403	3115	3657
3839	3071	3839	3599	3121	3661
4095	3071	3839	3792	3127	3664
0	3327	3839	656	3259	3623
256	3327	3839	856	3267	3626
512	3327	3839	1054	3274	3630
768	3327	3839	1251	3280	3634
1024	3327	3839	1453	3287	3637
1280	3327	3839	1653	3294	3640
1536	3327	3839	1851	3301	3645
1792	3327	3839	2054	3308	3648
2048	3327	3839	2272	3314	3652
2303	3327	3839	2467	3321	3656
2559	3327	3839	2661	3328	3659
2815	3327	3839	2855	3334	3663
3071	3327	3839	3053	3340	3667
3327	3327	3839	3252	3346	3669
3583	3327	3839	3449	3353	3673
3839	3327	3839	3645	3361	3676
4095	3327	3839	3839	3366	3680
0	3583	3839	702	3504	3638
256	3583	3839	902	3511	3641
512	3583	3839	1100	3518	3646
768	3583	3839	1298	3525	3649
1024	3583	3839	1501	3532	3653
1280	3583	3839	1699	3540	3656
1536	3583	3839	1898	3546	3659
1792	3583	3839	2105	3553	3664
2048	3583	3839	2319	3560	3668
2303	3583	3839	2511	3568	3671
2559	3583	3839	2705	3574	3675
2815	3583	3839	2901	3581	3679
3071	3583	3839	3099	3587	3682
3327	3583	3839	3298	3594	3686
3583	3583	3839	3495	3601	3688
3839	3583	3839	3689	3608	3691
4095	3583	3839	3883	3614	3696
0	3839	3839	748	3751	3653
256	3839	3839	947	3756	3657
512	3839	3839	1147	3763	3661
768	3839	3839	1345	3770	3664
1024	3839	3839	1546	3777	3669
1280	3839	3839	1745	3784	3673
1536	3839	3839	1943	3790	3676
1792	3839	3839	2154	3796	3679
2048	3839	3839	2363	3803	3684
2303	3839	3839	2556	3809	3686
2559	3839	3839	2749	3816	3690
2815	3839	3839	2946	3823	3693
3071	3839	3839	3146	3829	3698
3327	3839	3839	3344	3835	3701
3583	3839	3839	3541	3842	3704
3839	3839	3839	3735	3848	3706
4095	3839	3839	3927	3854	3708
0	4095	3839	793	3993	3668
256	4095	3839	993	3999	3672
512	4095	3839	1190	4005	3675
768	4095	3839	1390	4012	3680
1024	4095	3839	1590	4018	3685
1280	4095	3839	1788	4026	3687
1536	4095	3839	1987	4033	3691
1792	4095	3839	2203	4040	3695
2048	4095	3839	2406	4045	3698
2303	4095	3839	2599	4052	3702
2559	4095	3839	2793	4059	3705
2815	4095	3839	2990	4065	3707
3071	4095	3839	3190	4071	3710
3327	4095	3839	3386	4078	3715
3583	4095	3839	3582	4084	3719
3839	4095	3839	3777	4090	3722
4095	4095	3839	3970	4095	3725
0	0	4095	52	64	3653
256	0	4095	248	72	3656
512	0	4095	452	80	3661
768	0	4095	653	86	3664
1024	0	4095	854	93	3667
1280	0	4095	1053	100	3669
1536	0	4095	1249	108	3673
1792	0	4095	1450	115	3678
2048	0	4095	1650	122	3681
2303	0	4095	1847	128	3685
2559	0	4095	2046	135	3689
2815	0	4095	2268	142	3692
3071	0	4095	2462	150	3696
3327	0	4095	2656	157	3700
3583	0	4095	2852	164	3704
3839	0	4095	3049	170	3708
4095	0	4095	3247	177	3711
0	256	4095	99	311	3670
256	256	4095	291	318	3672
512	256	4095	498	325	3674
768	256	4095	701	331	3678
1024	256	4095	900	337	3682
1280	256	4095	1099	344	3685
1536	256	4095	1298	352	3690
1792	256	4095	1497	359	3692
2048	256	4095	1696	366	3697
2303	256	4095	1893	373	3700
2559	256	4095	2099	381	3704
2815	256	4095	2315	387	3709
3071	256	4095	2509	395	3713
3327	256	4095	2702	402	3715
3583	256	4095	2897	409	3719
3839	256	4095	3096	417	3722
4095	256	4095	3294	423	3726
0	512	4095	143	557	3685
256	512	4095	341	564	3688
512	512	4095	548	572	3690
768	512	4095	748	578	3694
1024	512	4095	947	586	3698
1280	512	4095	1148	592	3702
1536	512	4095	1347	599	3705
1792	512	4095	1544	606	3709
2048	512	4095	1742	613	3713
2303	512	4095	1940	621	3717
2559	512	4095	2151	628	3721
2815	512	4095	2361	634	3724
3071	512	4095	2554	641	3726
3327	512	4095	2748	649	3731
3583	512	4095	2945	656	3735
3839	512	4095	3143	663	3738
4095	512	4095	3341	670	3742
0	768	4095	188	804	3702
256	768	4095	389	810	3704
512	768	4095	595	817	3707
768	768	4095	794	825	3711
1024	768	4095	993	832	3714
1280	768	4095	1191	840	3720
1536	768	4095	1390	846	3722
1792	768	4095	1591	853	3725
2048	768	4095	1790	860	3728
2303	768	4095	1987	867	3732
2559	768	4095	2203	874	3737
2815	768	4095	2407	881	3741
3071	768	4095	2599	888	3743
3327	768	4095	2792	895	3747
3583	768	4095	2991	902	3752
3839	768	4095	3190	909	3755
4095	768	4095	3387	916	3759
0	1024	4095	234	1049	3717
256	1024	4095	437	1056	3721
512	1024	4095	640	1063	3725
768	1024	4095	841	1070	3727
1024	1024	4095	1041	1076	3731
1280	1024	4095	1236	1083	3735
1536	1024	4095	1437	1090	3738
1792	1024	4095	1638	1096	3742
2048	1024	4095	1835	1104	3745
2303	1024	4095	2033	1111	3749
2559	1024	4095	2254	1117	3753
2815	1024	4095	2451	1124	3756
3071	1024	4095	2644	1131	3760
3327	1024	4095	2840	1138	3764
3583	1024	4095	3037	1145	3767
3839	1024	4095	3237	1152	3771
4095	1024	4095	3434	1159	3775
0	1280	4095	279	1291	3732
256	1280	4095	486	1302	3737
512	1280	4095	688	1310	3740
768	1280	4095	887	1313	3744
1024	1280	4095	1087	1317	3748
1280	1280	4095	1282	1323	3751
1536	1280	4095	1485	1331	3754
1792	1280	4095	1684	1338	3758
2048	1280	4095	1882	1345	3761
2303	1280	4095	2086	1352	3765
2559	1280	4095	2304	1359	3770
2815	1280	4095	2496	1367	3773
3071	1280	4095	2690	1374	3776
3327	1280	4095	2886	1381	3779
3583	1280	4095	3084	1388	3783
3839	1280	4095	3283	1395	3788
4095	1280	4095	3479	1403	3790
0	1536	4095	327	1541	3749
256	1536	4095	535	1549	3753
512	1536	4095	734	1557	3757
768	1536	4095	933	1563	3761
1024	1536	4095	1130	1569	3764
1280	1536	4095	1330	1576	3767
1536	1536	4095	1532	1584	3771
1792	1536	4095	1729	1591	3774
2048	1536	4095	1928	1599	3778
2303	1536	4095	2136	1605	3782
2559	1536	4095	2348	1612	3785
2815	1536	4095	2542	1620	3788
3071	1536	4095	2735	1627	3792
3327	1536	4095	2931	1634	3796
3583	1536	4095	3130	1641	3800
3839	1536	4095	3328	1647	3803
4095	1536	4095	3523	1654	3806
0	1792	4095	375	1787	3766
256	1792	4095	581	1794	3769
512	1792	4095	780	1801	3773
768	1792	4095	979	1808	3777
1024	1792	4095	1177	1815	3780
1280	1792	4095	1375	1822	3783
1536	1792	4095	1577	1829	3788
1792	1792	4095	1776	1835	3791
2048	1792	4095	1973	1842	3794
2303	1792	4095	2187	1850	3798
2559	1792	4095	2392	1856	3801
2815	1792	4095	2585	1864	3805
3071	1792	4095	2779	1871	3808
3327	1792	4095	2977	1878	3812
3583	1792	4095	3176	1885	3816
3839	1792	4095	3374	1892	3819
4095	1792	4095	3570	1899	3823
0	2048	4095	423	2033	3782
256	2048	4095	627	2040	3785
512	2048	4095	826	2048	3789
768	2048	4095	1026	2055	3792
1024	2048	4095	1223	2061	3796
1280	2048	4095	1423	2069	3800
1536	2048	4095	1623	2075	3803
1792	2048	4095	1822	2083	3807
2048	2048	4095	2019	2089	3811
2303	2048	4095	2240	2097	3814
2559	2048	4095	2438	2106	3818
2815	2048	4095	2630	2112	3821
3071	2048	4095	2826	2120	3824
3327	2048	4095	3024	2127	3828
3583	2048	4095	3223	2135	3831
3839	2048	4095	3420	2143	3835
4095	2048	4095	3616	2150	3839
0	2303	4095	472	2293	3797
256	2303	4095	673	2300	3801
512	2303	4095	875	2308	3805
768	2303	4095	1073	2316	3808
1024	2303	4095	1269	2324	3812
1280	2303	4095	1472	2332	3815
1536	2303	4095	1671	2340	3819
1792	2303	4095	1869	2347	3823
2048	2303	4095	2072	2355	3827
2303	2303	4095	2293	2362	3831
2559	2303	4095	2484	2369	3833
2815	2303	4095	2679	2376	3836
3071	2303	4095	2874	2382	3840
3327	2303	4095	3071	2389	3844
3583	2303	4095	3271	2394	3847
3839	2303	4095	3467	2401	3851
4095	2303	4095	3661	2408	3854
0	2559	4095	519	2538	3813
256	2559	4095	720	2545	3817
512	2559	4095	919	2550	3820
768	2559	4095	1118	2557	3825
1024	2559	4095	1316	2563	3828
1280	2559	4095	1517	2571	3831
1536	2559	4095	1715	2577	3835
1792	2559	4095	1914	2584	3839
2048	2559	4095	2122	2590	3842
2303	2559	4095	2335	2596	3847
2559	2559	4095	2528	2603	3849
2815	2559	4095	2721	2610	3852
3071	2559	4095	2917	2617	3856
3327	2559	4095	3116	2623	3859
3583	2559	4095	3315	2630	3863
3839	2559	4095	3511	2637	3869
4095	2559	4095	3705	2644	3871
0	2815	4095	566	2778	3829
256	2815	4095	766	2785	3832
512	2815	4095	965	2792	3837
768	2815	4095	1163	2798	3841
1024	2815	4095	1362	2807	3844
1280	2815	4095	1562	2814	3847
1536	2815	4095	1760	2820	3851
1792	2815	4095	1960	2827	3854
2048	2815	4095	2173	2834	3859
2303	2815	4095	2379	2840	3863
2559	2815	4095	2572	2848	3866
2815	2815	4095	2766	2855	3870
3071	2815	4095	2964	2862	3873
3327	2815	4095	3164	2868	3876
3583	2815	4095	3361	2875	3881
3839	2815	4095	3556	2881	3884
4095	2815	4095	3752	2888	3887
0	3071	4095	613	3022	3846
256	3071	4095	812	3029	3849
512	3071	4095	1011	3036	3853
768	3071	4095	1208	3043	3857
1024	3071	4095	1408	3049	3860
1280	3071	4095	1610	3056	3864
1536	3071	4095	1808	3063	3866
1792	3071	4095	2007	3070	3872
2048	3071	4095	2226	3077	3876
2303	3071	4095	2425	3085	3879
2559	3071	4095	2617	3091	3883
2815	3071	4095	2812	3098	3887
3071	3071	4095	3010	3104	3889
3327	3071	4095	3208	3112	3893
3583	3071	4095	3406	3119	3896
3839	3071	4095	3602	3124	3899
4095	3071	4095	3795	3131	3903
0	3327	4095	660	3263	3861
256	3327	4095	859	3270	3865
512	3327	4095	1057	3277	3870
768	3327	4095	1254	3283	3872
1024	3327	4095	1456	3291	3876
1280	3327	4095	1656	3297	3880
1536	3327	4095	1855	3304	3883
1792	3327	4095	2057	3311	3888
2048	3327	4095	2277	3317	3892
2303	3327	4095	2471	3324	3895
2559	3327	4095	2664	3332	3898
2815	3327	4095	2859	3337	3903
3071	3327	4095	3057	3343	3906
3327	3327	4095	3255	3350	3909
3583	3327	4095	3452	3357	3911
3839	3327	4095	3648	3364	3916
4095	3327	4095	3841	3370	3919
0	3583	4095	706	3507	3877
256	3583	4095	906	3514	3881
512	3583	4095	1103	3521	3884
768	3583	4095	1301	3528	3888
1024	3583	4095	1503	3536	3892
1280	3583	4095	1702	3543	3895
1536	3583	4095	1901	3549	3899
1792	3583	4095	2108	3556	3903
2048	3583	4095	2322	3563	3907
2303	3583	4095	2514	3571	3910
2559	3583	4095	2709	3579	3915
2815	3583	4095	2904	3586	3917
3071	3583	4095	3101	3591	3922
3327	3583	4095	3302	3597	3926
3583	3583	4095	3498	3604	3928
3839	3583	4095	3692	3611	3931
4095	3583	4095	3886	3617	3934
0	3839	4095	751	3754	3892
256	3839	4095	950	3760	3896
512	3839	4095	1150	3766	3900
768	3839	4095	1348	3773	3904
1024	3839	4095	1548	3780	3908
1280	3839	4095	1747	3787	3911
1536	3839	4095	1946	3794	3915
1792	3839	4095	2157	3800	3918
2048	3839	4095	2367	3806	3922
2303	3839	4095	2559	3813	3926
2559	3839	4095	2752	3819	3929
2815	3839	4095	2950	3826	3933
3071	3839	4095	3149	3833	3937
3327	3839	4095	3347	3838	3940
3583	3839	4095	3543	3845	3945
3839	3839	4095	3739	3852	3947
4095	3839	4095	3929	3856	3948
0	4095	4095	794	3995	3907
256	4095	4095	994	4001	3910
512	4095	4095	1191	4007	3915
768	4095	4095	1390	4014	3920
1024	4095	4095	1589	4021	3923
1280	4095	4095	1788	4028	3927
1536	4095	4095	1986	4034	3931
1792	4095	4095	2204	4041	3934
2048	4095	4095	2406	4046	3937
2303	4095	4095	2599	4053	3942
2559	4095	4095	2792	4059	3945
2815	4095	4095	2990	4065	3949
3071	4095	4095	3190	4071	3952
3327	4095	4095	3387	4078	3956
3583	4095	4095	3583	4083	3960
3839	4095	4095	3777	4089	3963
4095	4095	4095	3969	4095	3961
