0	0	0	0	0	0
256	0	0	256	0	0
512	0	0	513	0	0
768	0	0	765	0	0
1024	0	0	1015	0	0
1280	0	0	1263	0	0
1536	0	0	1516	0	0
1792	0	0	1768	0	0
2048	0	0	2019	0	0
2303	0	0	2299	0	0
2559	0	0	2537	0	0
2815	0	0	2785	0	0
3071	0	0	3036	0	0
3327	0	0	3291	0	0
3583	0	0	3538	0	0
3839	0	0	3789	0	0
4095	0	0	4029	1	0
0	256	0	0	240	0
256	256	0	255	238	0
512	256	0	512	237	0
768	256	0	763	236	0
1024	256	0	1013	235	0
1280	256	0	1261	234	0
1536	256	0	1516	234	0
1792	256	0	1766	232	0
2048	256	0	2017	231	0
2303	256	0	2299	230	0
2559	256	0	2536	229	0
2815	256	0	2786	228	0
3071	256	0	3036	227	0
3327	256	0	3291	226	0
3583	256	0	3538	225	0
3839	256	0	3788	225	0
4095	256	0	4030	223	0
0	512	0	0	475	0
256	512	0	255	473	0
512	512	0	513	471	0
768	512	0	764	470	0
1024	512	0	1013	469	0
1280	512	0	1263	468	0
1536	512	0	1516	467	0
1792	512	0	1767	466	0
2048	512	0	2017	465	0
2303	512	0	2299	464	0
2559	512	0	2537	464	0
2815	512	0	2786	463	0
3071	512	0	3038	461	0
3327	512	0	3292	460	0
3583	512	0	3539	459	0
3839	512	0	3789	458	0
4095	512	0	4031	457	0
0	768	0	0	713	0
256	768	0	255	711	0
512	768	0	512	710	0
768	768	0	763	709	0
1024	768	0	1013	708	0
1280	768	0	1262	706	0
1536	768	0	1516	705	0
1792	768	0	1767	703	0
2048	768	0	2018	703	0
2303	768	0	2298	702	0
2559	768	0	2537	701	0
2815	768	0	2787	700	0
3071	768	0	3037	699	0
3327	768	0	3293	698	0
3583	768	0	3538	698	0
3839	768	0	3790	695	0
4095	768	0	4031	694	1
0	1024	0	0	950	0
256	1024	0	254	947	0
512	1024	0	512	947	0
768	1024	0	762	946	0
1024	1024	0	1013	944	0
1280	1024	0	1262	943	0
1536	1024	0	1516	943	0
1792	1024	0	1768	942	0
2048	1024	0	2018	940	0
2303	1024	0	2299	938	0
2559	1024	0	2537	938	0
2815	1024	0	2786	937	0
3071	1024	0	3037	936	0
3327	1024	0	3292	934	0
3583	1024	0	3539	934	1
3839	1024	0	3790	933	1
4095	1024	0	4031	932	1
0	1280	0	0	1182	0
256	1280	0	255	1180	0
512	1280	0	511	1179	0
768	1280	0	763	1177	0
1024	1280	0	1013	1176	0
1280	1280	0	1262	1175	0
1536	1280	0	1515	1174	0
1792	1280	0	1767	1173	0
2048	1280	0	2019	1172	0
2303	1280	0	2298	1171	0
2559	1280	0	2537	1170	0
2815	1280	0	2786	1169	0
3071	1280	0	3037	1168	0
3327	1280	0	3292	1167	1
3583	1280	0	3539	1166	1
3839	1280	0	3790	1165	1
4095	1280	0	4031	1164	1
0	1536	0	0	1422	0
256	1536	0	254	1420	0
512	1536	0	510	1419	0
768	1536	0	761	1418	0
1024	1536	0	1012	1417	0
1280	1536	0	1261	1416	0
1536	1536	0	1515	1414	0
1792	1536	0	1766	1413	0
2048	1536	0	2018	1412	0
2303	1536	0	2299	1411	0
2559	1536	0	2536	1410	0
2815	1536	0	2786	1409	0
3071	1536	0	3036	1408	1
3327	1536	0	3292	1407	1
3583	1536	0	3538	1406	1
3839	1536	0	3789	1404	1
4095	1536	0	4032	1403	2
0	1792	0	0	1664	0
256	1792	0	252	1662	0
512	1792	0	510	1661	0
768	1792	0	760	1660	0
1024	1792	0	1011	1659	0
1280	1792	0	1261	1658	0
1536	1792	0	1514	1657	0
1792	1792	0	1766	1657	0
2048	1792	0	2016	1656	0
2303	1792	0	2298	1654	0
2559	1792	0	2536	1653	0
2815	1792	0	2785	1652	1
3071	1792	0	3036	1650	1
3327	1792	0	3291	1649	1
3583	1792	0	3538	1649	2
3839	1792	0	3789	1647	2
4095	1792	0	4031	1647	2
0	2048	0	0	1903	0
256	2048	0	252	1900	0
512	2048	0	508	1898	0
768	2048	0	760	1897	0
1024	2048	0	1010	1896	0
1280	2048	0	1260	1895	0
1536	2048	0	1514	1895	0
1792	2048	0	1765	1893	0
2048	2048	0	2017	1893	0
2303	2048	0	2297	1892	1
2559	2048	0	2535	1890	1
2815	2048	0	2784	1889	1
3071	2048	0	3035	1887	1
3327	2048	0	3291	1886	2
3583	2048	0	3537	1885	2
3839	2048	0	3789	1885	2
4095	2048	0	4029	1884	3
0	2303	0	1	2150	0
256	2303	0	251	2147	0
512	2303	0	509	2145	0
768	2303	0	760	2145	0
1024	2303	0	1011	2144	0
1280	2303	0	1260	2143	0
1536	2303	0	1514	2142	0
1792	2303	0	1766	2140	0
2048	2303	0	2017	2139	1
2303	2303	0	2297	2138	1
2559	2303	0	2535	2136	1
2815	2303	0	2785	2135	2
3071	2303	0	3035	2134	2
3327	2303	0	3291	2132	2
3583	2303	0	3538	2132	2
3839	2303	0	3788	2131	3
4095	2303	0	4030	2129	3
0	2559	0	1	2399	0
256	2559	0	251	2395	0
512	2559	0	508	2394	0
768	2559	0	761	2395	0
1024	2559	0	1010	2393	0
1280	2559	0	1260	2392	0
1536	2559	0	1514	2391	0
1792	2559	0	1766	2391	1
2048	2559	0	2016	2390	1
2303	2559	0	2297	2388	1
2559	2559	0	2536	2386	1
2815	2559	0	2786	2386	2
3071	2559	0	3037	2384	2
3327	2559	0	3291	2383	2
3583	2559	0	3538	2381	2
3839	2559	0	3789	2381	3
4095	2559	0	4031	2379	3
0	2815	0	0	2631	0
256	2815	0	250	2629	0
512	2815	0	506	2627	0
768	2815	0	759	2626	0
1024	2815	0	1010	2625	0
1280	2815	0	1259	2624	0
1536	2815	0	1513	2623	0
1792	2815	0	1765	2622	1
2048	2815	0	2015	2621	1
2303	2815	0	2296	2620	1
2559	2815	0	2536	2619	2
2815	2815	0	2786	2618	2
3071	2815	0	3036	2616	2
3327	2815	0	3291	2614	3
3583	2815	0	3537	2613	3
3839	2815	0	3788	2611	3
4095	2815	0	4030	2610	4
0	3071	0	0	2868	0
256	3071	0	249	2866	0
512	3071	0	506	2864	0
768	3071	0	758	2863	0
1024	3071	0	1009	2863	0
1280	3071	0	1259	2862	1
1536	3071	0	1512	2861	1
1792	3071	0	1765	2859	1
2048	3071	0	2015	2858	1
2303	3071	0	2296	2857	2
2559	3071	0	2535	2856	2
2815	3071	0	2784	2855	2
3071	3071	0	3036	2853	3
3327	3071	0	3290	2852	3
3583	3071	0	3538	2851	4
3839	3071	0	3787	2850	4
4095	3071	0	4029	2847	4
0	3327	0	0	3107	0
256	3327	0	249	3103	0
512	3327	0	506	3101	0
768	3327	0	758	3100	1
1024	3327	0	1008	3100	1
1280	3327	0	1258	3099	1
1536	3327	0	1513	3098	1
1792	3327	0	1763	3097	2
2048	3327	0	2014	3095	2
2303	3327	0	2295	3094	2
2559	3327	0	2535	3093	3
2815	3327	0	2784	3092	3
3071	3327	0	3035	3090	3
3327	3327	0	3290	3089	4
3583	3327	0	3537	3088	4
3839	3327	0	3788	3087	4
4095	3327	0	4028	3085	4
0	3583	0	1	3340	0
256	3583	0	249	3337	0
512	3583	0	507	3336	0
768	3583	0	758	3335	1
1024	3583	0	1009	3333	1
1280	3583	0	1258	3332	2
1536	3583	0	1512	3331	2
1792	3583	0	1763	3330	2
2048	3583	0	2013	3329	2
2303	3583	0	2295	3328	3
2559	3583	0	2534	3327	3
2815	3583	0	2784	3327	4
3071	3583	0	3034	3326	4
3327	3583	0	3289	3322	4
3583	3583	0	3537	3322	4
3839	3583	0	3788	3320	5
4095	3583	0	4029	3317	4
0	3839	0	0	3583	0
256	3839	0	247	3580	1
512	3839	0	505	3579	1
768	3839	0	757	3578	1
1024	3839	0	1007	3577	1
1280	3839	0	1257	3576	2
1536	3839	0	1511	3574	2
1792	3839	0	1763	3573	2
2048	3839	0	2014	3572	2
2303	3839	0	2295	3570	2
2559	3839	0	2534	3569	3
2815	3839	0	2783	3568	3
3071	3839	0	3034	3566	4
3327	3839	0	3288	3565	4
3583	3839	0	3536	3563	4
3839	3839	0	3786	3562	4
4095	3839	0	4028	3558	5
0	4095	0	0	3822	0
256	4095	0	240	3817	0
512	4095	0	502	3816	1
768	4095	0	755	3815	1
1024	4095	0	1006	3813	1
1280	4095	0	1255	3812	1
1536	4095	0	1510	3811	2
1792	4095	0	1762	3810	2
2048	4095	0	2013	3809	3
2303	4095	0	2293	3808	2
2559	4095	0	2534	3806	3
2815	4095	0	2782	3805	3
3071	4095	0	3033	3803	4
3327	4095	0	3289	3802	4
3583	4095	0	3536	3800	4
3839	4095	0	3786	3798	5
4095	4095	0	4027	3796	5
0	0	256	3	4	228
256	0	256	259	3	228
512	0	256	519	2	228
768	0	256	770	1	228
1024	0	256	1022	0	228
1280	0	256	1271	0	228
1536	0	256	1525	0	227
1792	0	256	1776	0	228
2048	0	256	2026	0	227
2303	0	256	2307	0	227
2559	0	256	2545	0	227
2815	0	256	2795	1	227
3071	0	256	3045	0	226
3327	0	256	3300	1	227
3583	0	256	3546	1	227
3839	0	256	3796	1	220
4095	0	256	4037	2	226
0	256	256	3	244	228
256	256	256	258	243	227
512	256	256	518	242	227
768	256	256	769	242	227
1024	256	256	1020	241	227
1280	256	256	1270	240	227
1536	256	256	1524	239	227
1792	256	256	1775	237	226
2048	256	256	2025	236	227
2303	256	256	2307	235	227
2559	256	256	2545	234	226
2815	256	256	2794	233	226
3071	256	256	3045	232	226
3327	256	256	3299	231	225
3583	256	256	3546	231	226
3839	256	256	3797	225	224
4095	256	256	4038	227	219
0	512	256	2	481	227
256	512	256	259	478	227
512	512	256	518	477	226
768	512	256	769	476	226
1024	512	256	1022	476	227
1280	512	256	1271	475	226
1536	512	256	1525	474	226
1792	512	256	1776	473	226
2048	512	256	2027	472	225
2303	512	256	2307	471	226
2559	512	256	2545	469	226
2815	512	256	2796	468	225
3071	512	256	3046	467	225
3327	512	256	3301	466	225
3583	512	256	3547	466	224
3839	512	256	3798	463	223
4095	512	256	4038	463	220
0	768	256	2	720	226
256	768	256	259	718	226
512	768	256	518	716	225
768	768	256	768	716	226
1024	768	256	1021	714	226
1280	768	256	1270	713	226
1536	768	256	1524	712	225
1792	768	256	1777	711	225
2048	768	256	2027	711	225
2303	768	256	2307	709	225
2559	768	256	2545	708	225
2815	768	256	2796	708	225
3071	768	256	3046	707	224
3327	768	256	3301	705	225
3583	768	256	3548	704	225
3839	768	256	3797	702	222
4095	768	256	4038	702	219
0	1024	256	1	957	226
256	1024	256	258	956	226
512	1024	256	517	954	226
768	1024	256	768	953	225
1024	1024	256	1020	953	225
1280	1024	256	1270	952	225
1536	1024	256	1523	951	225
1792	1024	256	1775	949	225
2048	1024	256	2026	947	225
2303	1024	256	2306	946	224
2559	1024	256	2545	946	224
2815	1024	256	2794	944	224
3071	1024	256	3045	943	224
3327	1024	256	3300	942	224
3583	1024	256	3547	942	224
3839	1024	256	3798	941	222
4095	1024	256	4039	940	219
0	1280	256	0	1191	226
256	1280	256	258	1188	225
512	1280	256	517	1186	225
768	1280	256	768	1185	225
1024	1280	256	1021	1184	224
1280	1280	256	1269	1184	225
1536	1280	256	1523	1183	225
1792	1280	256	1774	1181	224
2048	1280	256	2026	1181	224
2303	1280	256	2306	1180	224
2559	1280	256	2544	1179	223
2815	1280	256	2795	1177	224
3071	1280	256	3044	1175	224
3327	1280	256	3300	1175	223
3583	1280	256	3547	1174	223
3839	1280	256	3797	1173	221
4095	1280	256	4038	1172	219
0	1536	256	0	1431	225
256	1536	256	256	1429	225
512	1536	256	516	1429	224
768	1536	256	767	1427	224
1024	1536	256	1019	1426	225
1280	1536	256	1269	1425	224
1536	1536	256	1522	1423	224
1792	1536	256	1775	1422	224
2048	1536	256	2025	1421	223
2303	1536	256	2306	1420	223
2559	1536	256	2545	1420	224
2815	1536	256	2794	1419	223
3071	1536	256	3045	1417	223
3327	1536	256	3299	1416	224
3583	1536	256	3546	1414	223
3839	1536	256	3796	1413	219
4095	1536	256	4036	1412	219
0	1792	256	0	1674	224
256	1792	256	256	1672	224
512	1792	256	515	1671	223
768	1792	256	767	1669	224
1024	1792	256	1018	1669	224
1280	1792	256	1267	1668	224
1536	1792	256	1522	1667	223
1792	1792	256	1774	1666	223
2048	1792	256	2025	1664	224
2303	1792	256	2305	1663	223
2559	1792	256	2544	1662	223
2815	1792	256	2794	1662	223
3071	1792	256	3044	1661	223
3327	1792	256	3300	1659	223
3583	1792	256	3545	1658	223
3839	1792	256	3796	1658	218
4095	1792	256	4036	1657	219
0	2048	256	0	1912	224
256	2048	256	256	1910	224
512	2048	256	515	1908	224
768	2048	256	766	1907	223
1024	2048	256	1018	1906	223
1280	2048	256	1267	1906	223
1536	2048	256	1522	1905	223
1792	2048	256	1773	1903	223
2048	2048	256	2024	1902	223
2303	2048	256	2304	1901	222
2559	2048	256	2543	1900	222
2815	2048	256	2794	1898	222
3071	2048	256	3043	1897	223
3327	2048	256	3299	1896	222
3583	2048	256	3546	1895	222
3839	2048	256	3795	1894	218
4095	2048	256	4036	1893	219
0	2303	256	1	2159	224
256	2303	256	255	2157	223
512	2303	256	514	2156	223
768	2303	256	766	2155	223
1024	2303	256	1017	2154	222
1280	2303	256	1268	2154	223
1536	2303	256	1522	2152	223
1792	2303	256	1774	2150	222
2048	2303	256	2025	2149	222
2303	2303	256	2304	2147	222
2559	2303	256	2544	2147	222
2815	2303	256	2793	2145	222
3071	2303	256	3044	2144	222
3327	2303	256	3298	2143	221
3583	2303	256	3546	2142	221
3839	2303	256	3797	2140	217
4095	2303	256	4036	2138	218
0	2559	256	1	2407	223
256	2559	256	256	2405	223
512	2559	256	513	2404	222
768	2559	256	766	2403	222
1024	2559	256	1018	2402	222
1280	2559	256	1267	2402	222
1536	2559	256	1522	2401	222
1792	2559	256	1774	2400	222
2048	2559	256	2025	2399	221
2303	2559	256	2305	2396	221
2559	2559	256	2544	2396	222
2815	2559	256	2794	2395	221
3071	2559	256	3044	2394	221
3327	2559	256	3300	2393	222
3583	2559	256	3545	2392	221
3839	2559	256	3796	2390	216
4095	2559	256	4038	2389	219
0	2815	256	0	2641	222
256	2815	256	254	2638	222
512	2815	256	512	2637	221
768	2815	256	765	2635	221
1024	2815	256	1015	2634	221
1280	2815	256	1266	2633	222
1536	2815	256	1519	2632	221
1792	2815	256	1772	2631	221
2048	2815	256	2023	2631	222
2303	2815	256	2303	2630	221
2559	2815	256	2542	2629	221
2815	2815	256	2792	2628	221
3071	2815	256	3043	2625	220
3327	2815	256	3298	2624	221
3583	2815	256	3545	2623	221
3839	2815	256	3795	2621	215
4095	2815	256	4036	2620	219
0	3071	256	0	2877	221
256	3071	256	254	2875	221
512	3071	256	512	2874	221
768	3071	256	765	2873	220
1024	3071	256	1015	2873	221
1280	3071	256	1269	2872	221
1536	3071	256	1520	2869	220
1792	3071	256	1771	2869	221
2048	3071	256	2022	2867	221
2303	3071	256	2303	2866	220
2559	3071	256	2543	2866	220
2815	3071	256	2791	2865	221
3071	3071	256	3042	2863	221
3327	3071	256	3298	2861	220
3583	3071	256	3545	2860	220
3839	3071	256	3796	2858	215
4095	3071	256	4035	2857	218
0	3327	256	0	3115	221
256	3327	256	253	3112	221
512	3327	256	512	3111	221
768	3327	256	763	3110	221
1024	3327	256	1015	3110	220
1280	3327	256	1276	3108	220
1536	3327	256	1520	3107	221
1792	3327	256	1772	3107	220
2048	3327	256	2022	3106	220
2303	3327	256	2303	3104	221
2559	3327	256	2542	3104	220
2815	3327	256	2792	3102	220
3071	3327	256	3042	3101	220
3327	3327	256	3296	3098	220
3583	3327	256	3545	3097	220
3839	3327	256	3795	3096	214
4095	3327	256	4035	3095	218
0	3583	256	1	3350	220
256	3583	256	252	3348	220
512	3583	256	511	3346	220
768	3583	256	764	3344	220
1024	3583	256	1016	3343	220
1280	3583	256	1265	3342	219
1536	3583	256	1519	3341	220
1792	3583	256	1771	3340	220
2048	3583	256	2022	3339	219
2303	3583	256	2303	3337	220
2559	3583	256	2542	3336	220
2815	3583	256	2791	3335	219
3071	3583	256	3043	3333	219
3327	3583	256	3297	3331	220
3583	3583	256	3544	3330	219
3839	3583	256	3795	3328	213
4095	3583	256	4036	3326	219
0	3839	256	0	3592	219
256	3839	256	252	3589	219
512	3839	256	509	3588	218
768	3839	256	762	3587	218
1024	3839	256	1013	3585	218
1280	3839	256	1263	3584	219
1536	3839	256	1517	3582	218
1792	3839	256	1769	3581	218
2048	3839	256	2021	3581	219
2303	3839	256	2301	3579	219
2559	3839	256	2541	3578	219
2815	3839	256	2791	3577	219
3071	3839	256	3041	3575	218
3327	3839	256	3296	3573	218
3583	3839	256	3543	3572	219
3839	3839	256	3794	3570	217
4095	3839	256	4035	3568	212
0	4095	256	0	3830	218
256	4095	256	243	3827	217
512	4095	256	508	3825	218
768	4095	256	760	3825	217
1024	4095	256	1012	3824	217
1280	4095	256	1262	3822	217
1536	4095	256	1516	3821	217
1792	4095	256	1769	3820	217
2048	4095	256	2020	3819	217
2303	4095	256	2301	3816	217
2559	4095	256	2539	3815	217
2815	4095	256	2789	3814	217
3071	4095	256	3041	3812	217
3327	4095	256	3296	3811	216
3583	4095	256	3543	3810	217
3839	4095	256	3793	3808	217
4095	4095	256	4034	3805	212
0	0	512	7	8	445
256	0	512	262	7	444
512	0	512	523	6	444
768	0	512	775	4	444
1024	0	512	1028	3	443
1280	0	512	1278	2	444
1536	0	512	1532	1	443
1792	0	512	1784	0	443
2048	0	512	2033	1	443
2303	0	512	2315	1	443
2559	0	512	2551	1	442
2815	0	512	2801	1	443
3071	0	512	3053	1	443
3327	0	512	3307	1	444
3583	0	512	3552	2	442
3839	0	512	3804	2	441
4095	0	512	4043	3	442
0	256	512	6	250	444
256	256	512	262	249	444
512	256	512	522	248	443
768	256	512	773	247	443
1024	256	512	1027	246	443
1280	256	512	1276	245	443
1536	256	512	1530	243	443
1792	256	512	1782	242	442
2048	256	512	2033	242	442
2303	256	512	2313	240	442
2559	256	512	2551	240	442
2815	256	512	2802	239	441
3071	256	512	3052	238	442
3327	256	512	3307	237	442
3583	256	512	3553	236	442
3839	256	512	3804	228	441
4095	256	512	4043	232	440
0	512	512	6	486	442
256	512	512	263	485	443
512	512	512	523	484	443
768	512	512	774	483	442
1024	512	512	1028	482	442
1280	512	512	1277	481	442
1536	512	512	1531	480	441
1792	512	512	1783	479	441
2048	512	512	2034	478	442
2303	512	512	2316	476	441
2559	512	512	2552	476	441
2815	512	512	2803	475	441
3071	512	512	3054	474	441
3327	512	512	3309	473	441
3583	512	512	3555	472	441
3839	512	512	3805	470	440
4095	512	512	4046	469	439
0	768	512	5	727	442
256	768	512	263	725	441
512	768	512	522	724	442
768	768	512	774	722	442
1024	768	512	1027	721	441
1280	768	512	1277	721	442
1536	768	512	1531	720	442
1792	768	512	1783	719	441
2048	768	512	2035	718	441
2303	768	512	2315	717	441
2559	768	512	2553	716	441
2815	768	512	2803	715	441
3071	768	512	3054	714	441
3327	768	512	3310	712	441
3583	768	512	3555	711	441
3839	768	512	3806	710	440
4095	768	512	4045	709	438
0	1024	512	4	965	442
256	1024	512	262	963	441
512	1024	512	522	962	441
768	1024	512	773	961	441
1024	1024	512	1027	960	441
1280	1024	512	1276	960	441
1536	1024	512	1531	957	441
1792	1024	512	1782	957	440
2048	1024	512	2033	956	440
2303	1024	512	2315	955	441
2559	1024	512	2553	954	441
2815	1024	512	2803	953	440
3071	1024	512	3053	952	440
3327	1024	512	3308	950	441
3583	1024	512	3554	950	440
3839	1024	512	3805	949	439
4095	1024	512	4045	947	439
0	1280	512	4	1198	442
256	1280	512	261	1196	441
512	1280	512	521	1195	441
768	1280	512	774	1194	441
1024	1280	512	1026	1193	441
1280	1280	512	1276	1192	440
1536	1280	512	1530	1191	441
1792	1280	512	1782	1190	441
2048	1280	512	2033	1189	440
2303	1280	512	2315	1188	440
2559	1280	512	2553	1186	440
2815	1280	512	2802	1185	440
3071	1280	512	3053	1184	440
3327	1280	512	3307	1183	440
3583	1280	512	3555	1191	439
3839	1280	512	3804	1183	438
4095	1280	512	4045	1180	438
0	1536	512	3	1441	441
256	1536	512	260	1438	441
512	1536	512	520	1437	441
768	1536	512	772	1436	440
1024	1536	512	1025	1434	440
1280	1536	512	1275	1433	441
1536	1536	512	1529	1432	440
1792	1536	512	1782	1431	440
2048	1536	512	2033	1430	440
2303	1536	512	2313	1429	439
2559	1536	512	2552	1429	440
2815	1536	512	2802	1427	440
3071	1536	512	3052	1426	439
3327	1536	512	3307	1424	439
3583	1536	512	3553	1428	439
3839	1536	512	3804	1423	438
4095	1536	512	4043	1421	438
0	1792	512	3	1683	440
256	1792	512	259	1680	440
512	1792	512	520	1680	440
768	1792	512	771	1679	440
1024	1792	512	1024	1678	439
1280	1792	512	1273	1676	439
1536	1792	512	1528	1676	440
1792	1792	512	1781	1674	439
2048	1792	512	2031	1673	439
2303	1792	512	2313	1672	440
2559	1792	512	2551	1671	439
2815	1792	512	2801	1670	439
3071	1792	512	3051	1669	439
3327	1792	512	3306	1668	438
3583	1792	512	3553	1667	438
3839	1792	512	3802	1666	438
4095	1792	512	4043	1664	437
0	2048	512	2	1921	440
256	2048	512	259	1918	439
512	2048	512	518	1917	439
768	2048	512	770	1916	439
1024	2048	512	1023	1915	439
1280	2048	512	1273	1914	439
1536	2048	512	1528	1913	439
1792	2048	512	1780	1912	438
2048	2048	512	2031	1911	438
2303	2048	512	2312	1910	439
2559	2048	512	2550	1908	439
2815	2048	512	2800	1907	438
3071	2048	512	3051	1906	439
3327	2048	512	3306	1905	439
3583	2048	512	3552	1904	438
3839	2048	512	3803	1903	437
4095	2048	512	4042	1902	438
0	2303	512	1	2169	439
256	2303	512	259	2167	439
512	2303	512	518	2165	438
768	2303	512	770	2164	439
1024	2303	512	1024	2163	439
1280	2303	512	1273	2162	438
1536	2303	512	1528	2161	438
1792	2303	512	1779	2159	439
2048	2303	512	2031	2158	438
2303	2303	512	2312	2157	438
2559	2303	512	2550	2156	438
2815	2303	512	2801	2155	437
3071	2303	512	3051	2154	438
3327	2303	512	3306	2153	438
3583	2303	512	3552	2151	437
3839	2303	512	3803	2149	436
4095	2303	512	4043	2148	436
0	2559	512	1	2416	439
256	2559	512	258	2414	439
512	2559	512	518	2413	438
768	2559	512	769	2412	438
1024	2559	512	1023	2411	438
1280	2559	512	1274	2410	438
1536	2559	512	1527	2409	437
1792	2559	512	1781	2409	438
2048	2559	512	2031	2407	438
2303	2559	512	2312	2405	437
2559	2559	512	2551	2405	437
2815	2559	512	2801	2404	438
3071	2559	512	3052	2403	437
3327	2559	512	3307	2402	437
3583	2559	512	3553	2401	437
3839	2559	512	3803	2399	435
4095	2559	512	4043	2399	436
0	2815	512	0	2649	438
256	2815	512	257	2647	438
512	2815	512	516	2645	438
768	2815	512	769	2644	438
1024	2815	512	1021	2643	437
1280	2815	512	1272	2642	437
1536	2815	512	1527	2641	438
1792	2815	512	1779	2641	437
2048	2815	512	2030	2640	437
2303	2815	512	2309	2638	437
2559	2815	512	2549	2637	437
2815	2815	512	2799	2635	437
3071	2815	512	3050	2634	437
3327	2815	512	3306	2633	437
3583	2815	512	3552	2632	437
3839	2815	512	3803	2630	435
4095	2815	512	4042	2629	435
0	3071	512	0	2886	438
256	3071	512	256	2883	437
512	3071	512	516	2883	437
768	3071	512	768	2882	437
1024	3071	512	1020	2881	436
1280	3071	512	1270	2879	437
1536	3071	512	1526	2877	437
1792	3071	512	1778	2877	436
2048	3071	512	2029	2876	436
2303	3071	512	2310	2875	436
2559	3071	512	2548	2874	437
2815	3071	512	2798	2873	436
3071	3071	512	3049	2872	437
3327	3071	512	3304	2870	436
3583	3071	512	3552	2868	436
3839	3071	512	3802	2866	434
4095	3071	512	4042	2866	436
0	3327	512	0	3123	437
256	3327	512	256	3121	437
512	3327	512	515	3120	436
768	3327	512	768	3118	436
1024	3327	512	1019	3117	436
1280	3327	512	1273	3116	436
1536	3327	512	1525	3115	436
1792	3327	512	1778	3115	437
2048	3327	512	2029	3114	436
2303	3327	512	2310	3113	436
2559	3327	512	2549	3112	436
2815	3327	512	2798	3111	436
3071	3327	512	3049	3109	436
3327	3327	512	3303	3107	436
3583	3327	512	3551	3106	435
3839	3327	512	3802	3105	434
4095	3327	512	4042	3103	436
0	3583	512	1	3359	436
256	3583	512	256	3356	436
512	3583	512	515	3354	436
768	3583	512	767	3352	435
1024	3583	512	1020	3351	436
1280	3583	512	1271	3350	436
1536	3583	512	1526	3350	435
1792	3583	512	1777	3349	436
2048	3583	512	2029	3348	436
2303	3583	512	2309	3346	435
2559	3583	512	2549	3346	435
2815	3583	512	2799	3343	435
3071	3583	512	3050	3342	435
3327	3583	512	3305	3340	435
3583	3583	512	3551	3339	435
3839	3583	512	3802	3337	433
4095	3583	512	4042	3335	434
0	3839	512	0	3601	435
256	3839	512	254	3598	435
512	3839	512	514	3596	435
768	3839	512	766	3596	435
1024	3839	512	1019	3595	435
1280	3839	512	1280	3593	435
1536	3839	512	1525	3592	435
1792	3839	512	1776	3591	434
2048	3839	512	2027	3590	435
2303	3839	512	2308	3588	435
2559	3839	512	2547	3587	434
2815	3839	512	2798	3586	434
3071	3839	512	3048	3585	434
3327	3839	512	3303	3583	434
3583	3839	512	3550	3581	434
3839	3839	512	3801	3579	434
4095	3839	512	4042	3576	432
0	4095	512	0	3839	435
256	4095	512	247	3835	434
512	4095	512	512	3834	434
768	4095	512	766	3833	434
1024	4095	512	1017	3832	433
1280	4095	512	1267	3831	434
1536	4095	512	1523	3829	434
1792	4095	512	1774	3828	433
2048	4095	512	2026	3826	433
2303	4095	512	2307	3825	434
2559	4095	512	2547	3824	434
2815	4095	512	2796	3822	433
3071	4095	512	3047	3821	433
3327	4095	512	3303	3820	434
3583	4095	512	3549	3819	433
3839	4095	512	3799	3816	433
4095	4095	512	4039	3814	432
0	0	768	10	12	671
256	0	768	266	11	671
512	0	768	526	9	670
768	0	768	779	8	670
1024	0	768	1033	7	670
1280	0	768	1282	6	669
1536	0	768	1538	5	669
1792	0	768	1789	5	669
2048	0	768	2040	4	669
2303	0	768	2321	3	669
2559	0	768	2557	2	669
2815	0	768	2808	2	669
3071	0	768	3059	1	668
3327	0	768	3314	2	669
3583	0	768	3560	2	669
3839	0	768	3811	2	668
4095	0	768	4050	3	668
0	256	768	10	255	670
256	256	768	265	254	670
512	256	768	526	253	670
768	256	768	777	252	669
1024	256	768	1032	251	669
1280	256	768	1281	249	669
1536	256	768	1536	248	668
1792	256	768	1788	247	668
2048	256	768	2039	247	668
2303	256	768	2321	246	668
2559	256	768	2557	245	668
2815	256	768	2808	244	668
3071	256	768	3059	243	667
3327	256	768	3314	242	668
3583	256	768	3561	241	668
3839	256	768	3811	234	667
4095	256	768	4051	237	667
0	512	768	9	492	670
256	512	768	267	490	668
512	512	768	526	489	668
768	512	768	780	489	668
1024	512	768	1032	488	667
1280	512	768	1281	487	668
1536	512	768	1538	486	668
1792	512	768	1788	485	667
2048	512	768	2040	483	667
2303	512	768	2322	482	667
2559	512	768	2560	481	667
2815	512	768	2809	480	666
3071	512	768	3060	479	667
3327	512	768	3315	478	666
3583	512	768	3562	477	667
3839	512	768	3812	475	666
4095	512	768	4052	475	666
0	768	768	8	733	669
256	768	768	266	731	668
512	768	768	527	729	667
768	768	768	779	728	667
1024	768	768	1033	728	668
1280	768	768	1281	727	667
1536	768	768	1537	725	667
1792	768	768	1788	724	667
2048	768	768	2040	724	666
2303	768	768	2322	722	667
2559	768	768	2559	722	667
2815	768	768	2809	721	666
3071	768	768	3059	719	666
3327	768	768	3315	718	666
3583	768	768	3562	717	665
3839	768	768	3812	716	666
4095	768	768	4052	715	665
0	1024	768	8	971	668
256	1024	768	265	970	668
512	1024	768	526	969	667
768	1024	768	778	968	667
1024	1024	768	1031	967	667
1280	1024	768	1281	965	666
1536	1024	768	1536	964	666
1792	1024	768	1788	963	666
2048	1024	768	2039	962	666
2303	1024	768	2322	961	666
2559	1024	768	2559	960	666
2815	1024	768	2809	959	666
3071	1024	768	3059	958	665
3327	1024	768	3314	957	665
3583	1024	768	3561	956	666
3839	1024	768	3811	954	665
4095	1024	768	4050	953	665
0	1280	768	7	1204	667
256	1280	768	265	1203	667
512	1280	768	525	1202	667
768	1280	768	778	1201	666
1024	1280	768	1032	1200	667
1280	1280	768	1280	1199	667
1536	1280	768	1537	1197	666
1792	1280	768	1788	1197	666
2048	1280	768	2040	1196	666
2303	1280	768	2321	1194	665
2559	1280	768	2559	1194	666
2815	1280	768	2810	1192	666
3071	1280	768	3059	1191	665
3327	1280	768	3314	1190	665
3583	1280	768	3561	1193	665
3839	1280	768	3812	1189	665
4095	1280	768	4050	1187	664
0	1536	768	7	1447	667
256	1536	768	264	1445	666
512	1536	768	525	1445	666
768	1536	768	776	1442	666
1024	1536	768	1030	1442	666
1280	1536	768	1280	1440	666
1536	1536	768	1535	1439	666
1792	1536	768	1788	1438	665
2048	1536	768	2039	1438	665
2303	1536	768	2321	1437	665
2559	1536	768	2558	1436	665
2815	1536	768	2808	1435	665
3071	1536	768	3059	1432	665
3327	1536	768	3313	1431	664
3583	1536	768	3560	1432	664
3839	1536	768	3810	1430	664
4095	1536	768	4050	1428	663
0	1792	768	6	1689	666
256	1792	768	263	1687	666
512	1792	768	523	1686	665
768	1792	768	775	1685	665
1024	1792	768	1028	1685	665
1280	1792	768	1279	1683	665
1536	1792	768	1534	1682	665
1792	1792	768	1787	1681	665
2048	1792	768	2038	1680	664
2303	1792	768	2319	1680	665
2559	1792	768	2557	1678	665
2815	1792	768	2806	1677	664
3071	1792	768	3058	1676	664
3327	1792	768	3312	1675	664
3583	1792	768	3559	1674	663
3839	1792	768	3810	1672	663
4095	1792	768	4049	1671	663
0	2048	768	5	1926	665
256	2048	768	262	1924	665
512	2048	768	523	1923	664
768	2048	768	774	1923	664
1024	2048	768	1028	1922	664
1280	2048	768	1278	1921	664
1536	2048	768	1534	1921	664
1792	2048	768	1786	1920	665
2048	2048	768	2037	1918	665
2303	2048	768	2319	1917	664
2559	2048	768	2556	1915	664
2815	2048	768	2807	1914	664
3071	2048	768	3057	1913	663
3327	2048	768	3313	1912	664
3583	2048	768	3558	1911	664
3839	2048	768	3809	1910	663
4095	2048	768	4050	1909	663
0	2303	768	5	2176	664
256	2303	768	261	2174	664
512	2303	768	523	2173	664
768	2303	768	774	2171	663
1024	2303	768	1028	2170	664
1280	2303	768	1279	2169	664
1536	2303	768	1534	2168	663
1792	2303	768	1787	2167	664
2048	2303	768	2037	2166	664
2303	2303	768	2319	2165	663
2559	2303	768	2557	2164	663
2815	2303	768	2807	2163	663
3071	2303	768	3058	2162	662
3327	2303	768	3312	2159	663
3583	2303	768	3559	2158	663
3839	2303	768	3809	2157	663
4095	2303	768	4050	2156	662
0	2559	768	4	2424	665
256	2559	768	262	2421	663
512	2559	768	522	2420	663
768	2559	768	775	2420	664
1024	2559	768	1027	2419	663
1280	2559	768	1278	2417	663
1536	2559	768	1534	2417	663
1792	2559	768	1786	2416	663
2048	2559	768	2038	2414	663
2303	2559	768	2319	2413	663
2559	2559	768	2557	2412	662
2815	2559	768	2807	2412	662
3071	2559	768	3058	2410	662
3327	2559	768	3314	2409	662
3583	2559	768	3559	2408	662
3839	2559	768	3810	2407	662
4095	2559	768	4049	2405	661
0	2815	768	4	2657	664
256	2815	768	260	2654	663
512	2815	768	521	2653	663
768	2815	768	773	2652	663
1024	2815	768	1026	2650	663
1280	2815	768	1276	2649	662
1536	2815	768	1532	2649	662
1792	2815	768	1785	2648	663
2048	2815	768	2035	2647	662
2303	2815	768	2317	2646	662
2559	2815	768	2555	2644	662
2815	2815	768	2806	2643	661
3071	2815	768	3056	2641	662
3327	2815	768	3312	2641	662
3583	2815	768	3559	2639	661
3839	2815	768	3809	2638	661
4095	2815	768	4049	2636	661
0	3071	768	3	2893	662
256	3071	768	258	2891	662
512	3071	768	520	2890	662
768	3071	768	772	2889	662
1024	3071	768	1025	2887	662
1280	3071	768	1276	2887	661
1536	3071	768	1530	2885	661
1792	3071	768	1784	2885	662
2048	3071	768	2036	2884	662
2303	3071	768	2316	2882	661
2559	3071	768	2554	2882	661
2815	3071	768	2805	2880	662
3071	3071	768	3056	2879	661
3327	3071	768	3311	2877	661
3583	3071	768	3558	2876	661
3839	3071	768	3808	2874	660
4095	3071	768	4048	2873	661
0	3327	768	2	3130	662
256	3327	768	258	3128	662
512	3327	768	518	3127	662
768	3327	768	771	3126	661
1024	3327	768	1025	3125	661
1280	3327	768	1275	3124	661
1536	3327	768	1530	3123	661
1792	3327	768	1783	3122	661
2048	3327	768	2035	3121	662
2303	3327	768	2316	3119	660
2559	3327	768	2554	3119	661
2815	3327	768	2806	3118	661
3071	3327	768	3056	3116	661
3327	3327	768	3311	3115	660
3583	3327	768	3557	3114	661
3839	3327	768	3807	3112	661
4095	3327	768	4048	3110	660
0	3583	768	2	3366	662
256	3583	768	258	3363	661
512	3583	768	519	3361	661
768	3583	768	770	3360	661
1024	3583	768	1024	3359	660
1280	3583	768	1277	3358	661
1536	3583	768	1531	3357	661
1792	3583	768	1783	3357	660
2048	3583	768	2035	3355	661
2303	3583	768	2317	3354	661
2559	3583	768	2554	3352	660
2815	3583	768	2805	3351	660
3071	3583	768	3057	3350	660
3327	3583	768	3310	3348	660
3583	3583	768	3558	3347	660
3839	3583	768	3808	3345	660
4095	3583	768	4049	3342	659
0	3839	768	1	3609	661
256	3839	768	257	3606	661
512	3839	768	518	3604	660
768	3839	768	771	3603	660
1024	3839	768	1024	3601	661
1280	3839	768	1289	3600	660
1536	3839	768	1531	3600	660
1792	3839	768	1782	3599	660
2048	3839	768	2034	3598	660
2303	3839	768	2314	3596	660
2559	3839	768	2553	3595	660
2815	3839	768	2803	3594	659
3071	3839	768	3054	3592	660
3327	3839	768	3309	3590	660
3583	3839	768	3555	3588	659
3839	3839	768	3807	3587	659
4095	3839	768	4048	3584	659
0	4095	768	0	3845	660
256	4095	768	250	3841	660
512	4095	768	517	3840	659
768	4095	768	768	3839	659
1024	4095	768	1023	3839	659
1280	4095	768	1273	3838	659
1536	4095	768	1529	3837	659
1792	4095	768	1781	3835	659
2048	4095	768	2033	3834	659
2303	4095	768	2314	3833	659
2559	4095	768	2553	3832	659
2815	4095	768	2803	3830	659
3071	4095	768	3053	3829	658
3327	4095	768	3309	3827	659
3583	4095	768	3556	3825	659
3839	4095	768	3805	3823	658
4095	4095	768	4046	3820	658
0	0	1024	14	16	899
256	0	1024	269	14	899
512	0	1024	531	13	898
768	0	1024	783	12	898
1024	0	1024	1038	11	898
1280	0	1024	1288	10	898
1536	0	1024	1543	10	898
1792	0	1024	1794	9	897
2048	0	1024	2046	8	897
2303	0	1024	2328	7	898
2559	0	1024	2563	6	897
2815	0	1024	2814	5	897
3071	0	1024	3066	4	897
3327	0	1024	3320	3	896
3583	0	1024	3566	3	896
3839	0	1024	3816	3	896
4095	0	1024	4056	3	896
0	256	1024	13	259	899
256	256	1024	269	258	898
512	256	1024	530	257	898
768	256	1024	783	256	897
1024	256	1024	1036	255	897
1280	256	1024	1286	254	897
1536	256	1024	1543	253	897
1792	256	1024	1793	252	896
2048	256	1024	2045	251	896
2303	256	1024	2328	250	897
2559	256	1024	2564	250	895
2815	256	1024	2814	249	896
3071	256	1024	3065	248	896
3327	256	1024	3321	246	896
3583	256	1024	3567	245	896
3839	256	1024	3817	238	895
4095	256	1024	4056	242	895
0	512	1024	12	497	898
256	512	1024	270	496	897
512	512	1024	531	495	896
768	512	1024	784	494	896
1024	512	1024	1038	493	896
1280	512	1024	1286	492	896
1536	512	1024	1543	491	896
1792	512	1024	1794	489	896
2048	512	1024	2045	488	895
2303	512	1024	2329	487	895
2559	512	1024	2565	486	896
2815	512	1024	2815	485	894
3071	512	1024	3065	484	894
3327	512	1024	3321	483	895
3583	512	1024	3568	483	894
3839	512	1024	3818	480	894
4095	512	1024	4058	480	894
0	768	1024	12	738	897
256	768	1024	269	736	896
512	768	1024	531	735	896
768	768	1024	784	734	895
1024	768	1024	1037	733	895
1280	768	1024	1286	732	896
1536	768	1024	1541	731	895
1792	768	1024	1793	729	894
2048	768	1024	2046	729	895
2303	768	1024	2328	728	894
2559	768	1024	2564	726	894
2815	768	1024	2815	725	894
3071	768	1024	3065	724	893
3327	768	1024	3320	723	893
3583	768	1024	3568	722	894
3839	768	1024	3819	721	893
4095	768	1024	4057	720	893
0	1024	1024	11	977	896
256	1024	1024	269	975	895
512	1024	1024	530	974	895
768	1024	1024	782	973	894
1024	1024	1024	1036	972	894
1280	1024	1024	1285	971	895
1536	1024	1024	1542	969	895
1792	1024	1024	1792	968	893
2048	1024	1024	2045	967	894
2303	1024	1024	2327	966	894
2559	1024	1024	2563	966	893
2815	1024	1024	2815	965	893
3071	1024	1024	3064	963	893
3327	1024	1024	3320	963	893
3583	1024	1024	3566	961	893
3839	1024	1024	3817	960	893
4095	1024	1024	4056	959	892
0	1280	1024	11	1209	896
256	1280	1024	268	1208	894
512	1280	1024	530	1207	894
768	1280	1024	782	1206	894
1024	1280	1024	1036	1206	894
1280	1280	1024	1286	1204	894
1536	1280	1024	1541	1203	894
1792	1280	1024	1793	1202	893
2048	1280	1024	2044	1200	893
2303	1280	1024	2327	1200	893
2559	1280	1024	2564	1199	893
2815	1280	1024	2815	1198	893
3071	1280	1024	3065	1197	893
3327	1280	1024	3319	1195	893
3583	1280	1024	3567	1195	892
3839	1280	1024	3817	1194	892
4095	1280	1024	4056	1193	892
0	1536	1024	10	1453	895
256	1536	1024	267	1451	894
512	1536	1024	528	1449	894
768	1536	1024	781	1448	894
1024	1536	1024	1035	1448	894
1280	1536	1024	1284	1447	893
1536	1536	1024	1540	1445	893
1792	1536	1024	1792	1445	893
2048	1536	1024	2045	1444	892
2303	1536	1024	2326	1443	893
2559	1536	1024	2563	1442	893
2815	1536	1024	2813	1440	892
3071	1536	1024	3064	1438	892
3327	1536	1024	3320	1437	892
3583	1536	1024	3566	1436	891
3839	1536	1024	3817	1435	891
4095	1536	1024	4056	1435	891
0	1792	1024	9	1695	894
256	1792	1024	266	1693	893
512	1792	1024	527	1692	893
768	1792	1024	779	1692	892
1024	1792	1024	1034	1691	892
1280	1792	1024	1283	1689	893
1536	1792	1024	1540	1688	892
1792	1792	1024	1791	1688	893
2048	1792	1024	2043	1686	893
2303	1792	1024	2326	1686	892
2559	1792	1024	2562	1684	892
2815	1792	1024	2813	1684	892
3071	1792	1024	3064	1682	891
3327	1792	1024	3319	1681	892
3583	1792	1024	3565	1679	892
3839	1792	1024	3816	1678	890
4095	1792	1024	4056	1678	891
0	2048	1024	9	1932	893
256	2048	1024	265	1931	892
512	2048	1024	526	1929	892
768	2048	1024	779	1929	891
1024	2048	1024	1032	1928	892
1280	2048	1024	1283	1927	892
1536	2048	1024	1539	1927	892
1792	2048	1024	1791	1926	892
2048	2048	1024	2042	1923	892
2303	2048	1024	2324	1923	892
2559	2048	1024	2562	1922	891
2815	2048	1024	2812	1921	891
3071	2048	1024	3064	1920	891
3327	2048	1024	3318	1918	891
3583	2048	1024	3565	1918	891
3839	2048	1024	3815	1916	891
4095	2048	1024	4055	1916	890
0	2303	1024	8	2183	893
256	2303	1024	266	2181	892
512	2303	1024	526	2178	891
768	2303	1024	779	2178	892
1024	2303	1024	1032	2177	891
1280	2303	1024	1282	2176	891
1536	2303	1024	1540	2175	892
1792	2303	1024	1791	2174	891
2048	2303	1024	2043	2173	891
2303	2303	1024	2324	2172	891
2559	2303	1024	2562	2171	890
2815	2303	1024	2813	2170	890
3071	2303	1024	3063	2167	891
3327	2303	1024	3319	2166	891
3583	2303	1024	3565	2165	890
3839	2303	1024	3815	2164	890
4095	2303	1024	4055	2163	890
0	2559	1024	8	2429	892
256	2559	1024	265	2427	891
512	2559	1024	526	2426	891
768	2559	1024	779	2426	891
1024	2559	1024	1033	2425	891
1280	2559	1024	1281	2424	890
1536	2559	1024	1540	2422	891
1792	2559	1024	1792	2421	891
2048	2559	1024	2043	2421	890
2303	2559	1024	2325	2420	891
2559	2559	1024	2562	2419	891
2815	2559	1024	2813	2418	890
3071	2559	1024	3065	2416	890
3327	2559	1024	3319	2415	890
3583	2559	1024	3566	2415	889
3839	2559	1024	3815	2412	889
4095	2559	1024	4055	2411	889
0	2815	1024	7	2662	891
256	2815	1024	264	2660	891
512	2815	1024	524	2659	891
768	2815	1024	778	2658	890
1024	2815	1024	1031	2657	890
1280	2815	1024	1281	2656	891
1536	2815	1024	1537	2655	890
1792	2815	1024	1790	2654	890
2048	2815	1024	2041	2653	890
2303	2815	1024	2323	2652	890
2559	2815	1024	2561	2651	889
2815	2815	1024	2811	2650	890
3071	2815	1024	3063	2648	889
3327	2815	1024	3317	2647	889
3583	2815	1024	3564	2646	890
3839	2815	1024	3815	2645	889
4095	2815	1024	4054	2643	889
0	3071	1024	6	2900	890
256	3071	1024	263	2898	890
512	3071	1024	523	2897	890
768	3071	1024	777	2895	889
1024	3071	1024	1030	2894	889
1280	3071	1024	1280	2893	890
1536	3071	1024	1537	2892	890
1792	3071	1024	1789	2891	889
2048	3071	1024	2041	2891	890
2303	3071	1024	2323	2889	890
2559	3071	1024	2560	2888	889
2815	3071	1024	2811	2887	889
3071	3071	1024	3061	2885	889
3327	3071	1024	3317	2884	888
3583	3071	1024	3563	2883	889
3839	3071	1024	3814	2881	889
4095	3071	1024	4054	2880	888
0	3327	1024	6	3137	890
256	3327	1024	262	3135	889
512	3327	1024	523	3133	889
768	3327	1024	775	3133	889
1024	3327	1024	1029	3132	888
1280	3327	1024	1280	3130	889
1536	3327	1024	1535	3128	889
1792	3327	1024	1788	3128	888
2048	3327	1024	2040	3127	889
2303	3327	1024	2321	3126	889
2559	3327	1024	2560	3125	888
2815	3327	1024	2810	3124	888
3071	3327	1024	3062	3123	888
3327	3327	1024	3317	3121	889
3583	3327	1024	3563	3120	888
3839	3327	1024	3813	3117	888
4095	3327	1024	4053	3116	888
0	3583	1024	5	3372	889
256	3583	1024	263	3369	889
512	3583	1024	523	3368	888
768	3583	1024	775	3367	888
1024	3583	1024	1028	3365	888
1280	3583	1024	1280	3364	888
1536	3583	1024	1536	3363	888
1792	3583	1024	1788	3363	888
2048	3583	1024	2041	3362	888
2303	3583	1024	2322	3360	888
2559	3583	1024	2560	3359	888
2815	3583	1024	2810	3357	887
3071	3583	1024	3061	3356	887
3327	3583	1024	3317	3354	888
3583	3583	1024	3562	3353	887
3839	3583	1024	3814	3351	887
4095	3583	1024	4054	3349	887
0	3839	1024	5	3615	889
256	3839	1024	260	3613	888
512	3839	1024	521	3611	888
768	3839	1024	775	3609	888
1024	3839	1024	1028	3607	888
1280	3839	1024	1285	3606	888
1536	3839	1024	1535	3605	887
1792	3839	1024	1788	3604	887
2048	3839	1024	2039	3603	888
2303	3839	1024	2320	3602	887
2559	3839	1024	2558	3601	887
2815	3839	1024	2809	3600	887
3071	3839	1024	3060	3598	887
3327	3839	1024	3315	3596	887
3583	3839	1024	3562	3594	887
3839	3839	1024	3812	3593	887
4095	3839	1024	4052	3590	886
0	4095	1024	4	3851	888
256	4095	1024	252	3848	887
512	4095	1024	520	3846	888
768	4095	1024	772	3846	888
1024	4095	1024	1026	3845	887
1280	4095	1024	1277	3843	888
1536	4095	1024	1534	3841	887
1792	4095	1024	1786	3840	886
2048	4095	1024	2039	3839	887
2303	4095	1024	2319	3839	887
2559	4095	1024	2557	3838	886
2815	4095	1024	2807	3836	886
3071	4095	1024	3059	3835	886
3327	4095	1024	3313	3833	886
3583	4095	1024	3561	3831	886
3839	4095	1024	3812	3829	886
4095	4095	1024	4051	3826	885
0	0	1280	17	19	1122
256	0	1280	273	19	1121
512	0	1280	534	17	1121
768	0	1280	788	17	1122
1024	0	1280	1042	16	1121
1280	0	1280	1291	15	1120
1536	0	1280	1548	14	1120
1792	0	1280	1799	13	1121
2048	0	1280	2052	13	1120
2303	0	1280	2334	11	1120
2559	0	1280	2569	10	1120
2815	0	1280	2818	9	1119
3071	0	1280	3070	8	1124
3327	0	1280	3326	7	1120
3583	0	1280	3570	7	1119
3839	0	1280	3822	6	1119
4095	0	1280	4061	6	1119
0	256	1280	17	264	1121
256	256	1280	272	263	1120
512	256	1280	534	262	1120
768	256	1280	787	260	1120
1024	256	1280	1041	259	1121
1280	256	1280	1289	258	1120
1536	256	1280	1547	257	1119
1792	256	1280	1798	256	1120
2048	256	1280	2050	256	1119
2303	256	1280	2334	255	1119
2559	256	1280	2568	254	1119
2815	256	1280	2819	254	1119
3071	256	1280	3069	252	1123
3327	256	1280	3325	251	1119
3583	256	1280	3572	250	1119
3839	256	1280	3821	243	1117
4095	256	1280	4061	247	1118
0	512	1280	16	502	1120
256	512	1280	272	500	1119
512	512	1280	534	500	1120
768	512	1280	788	499	1119
1024	512	1280	1041	498	1119
1280	512	1280	1291	497	1119
1536	512	1280	1547	495	1118
1792	512	1280	1799	494	1118
2048	512	1280	2051	493	1119
2303	512	1280	2334	492	1118
2559	512	1280	2570	491	1118
2815	512	1280	2818	490	1118
3071	512	1280	3070	489	1117
3327	512	1280	3325	488	1121
3583	512	1280	3572	488	1122
3839	512	1280	3823	486	1117
4095	512	1280	4062	484	1121
0	768	1280	15	743	1120
256	768	1280	273	741	1118
512	768	1280	533	740	1119
768	768	1280	786	739	1118
1024	768	1280	1041	738	1118
1280	768	1280	1290	738	1118
1536	768	1280	1547	736	1118
1792	768	1280	1797	735	1117
2048	768	1280	2050	734	1117
2303	768	1280	2333	732	1118
2559	768	1280	2568	732	1117
2815	768	1280	2819	731	1117
3071	768	1280	3070	729	1117
3327	768	1280	3326	728	1116
3583	768	1280	3571	728	1122
3839	768	1280	3823	727	1121
4095	768	1280	4062	726	1116
0	1024	1280	15	982	1119
256	1024	1280	271	980	1117
512	1024	1280	533	980	1118
768	1024	1280	786	978	1118
1024	1024	1280	1040	977	1118
1280	1024	1280	1290	976	1117
1536	1024	1280	1545	974	1117
1792	1024	1280	1797	973	1117
2048	1024	1280	2049	973	1116
2303	1024	1280	2333	972	1117
2559	1024	1280	2567	971	1117
2815	1024	1280	2818	970	1116
3071	1024	1280	3070	969	1116
3327	1024	1280	3325	967	1116
3583	1024	1280	3571	967	1117
3839	1024	1280	3822	965	1119
4095	1024	1280	4061	965	1116
0	1280	1280	14	1215	1118
256	1280	1280	272	1213	1117
512	1280	1280	532	1213	1117
768	1280	1280	786	1212	1117
1024	1280	1280	1040	1211	1117
1280	1280	1280	1289	1210	1117
1536	1280	1280	1546	1209	1116
1792	1280	1280	1797	1207	1116
2048	1280	1280	2050	1206	1116
2303	1280	1280	2332	1205	1116
2559	1280	1280	2568	1204	1116
2815	1280	1280	2817	1203	1116
3071	1280	1280	3070	1202	1115
3327	1280	1280	3325	1201	1115
3583	1280	1280	3571	1200	1116
3839	1280	1280	3822	1199	1115
4095	1280	1280	4061	1197	1115
0	1536	1280	13	1458	1117
256	1536	1280	270	1456	1116
512	1536	1280	531	1455	1117
768	1536	1280	784	1454	1116
1024	1536	1280	1039	1454	1116
1280	1536	1280	1288	1453	1116
1536	1536	1280	1545	1452	1116
1792	1536	1280	1796	1450	1116
2048	1536	1280	2049	1450	1116
2303	1536	1280	2331	1449	1115
2559	1536	1280	2567	1447	1115
2815	1536	1280	2817	1446	1115
3071	1536	1280	3069	1444	1115
3327	1536	1280	3324	1443	1115
3583	1536	1280	3571	1442	1115
3839	1536	1280	3821	1441	1114
4095	1536	1280	4061	1440	1114
0	1792	1280	13	1701	1117
256	1792	1280	268	1699	1115
512	1792	1280	530	1698	1115
768	1792	1280	784	1697	1116
1024	1792	1280	1037	1696	1115
1280	1792	1280	1287	1695	1115
1536	1792	1280	1544	1694	1115
1792	1792	1280	1795	1693	1115
2048	1792	1280	2048	1692	1115
2303	1792	1280	2330	1691	1115
2559	1792	1280	2567	1690	1114
2815	1792	1280	2817	1690	1115
3071	1792	1280	3069	1688	1115
3327	1792	1280	3324	1686	1114
3583	1792	1280	3570	1686	1115
3839	1792	1280	3820	1684	1114
4095	1792	1280	4060	1683	1113
0	2048	1280	12	1939	1116
256	2048	1280	268	1937	1115
512	2048	1280	529	1936	1115
768	2048	1280	782	1935	1115
1024	2048	1280	1037	1934	1115
1280	2048	1280	1286	1933	1114
1536	2048	1280	1543	1932	1115
1792	2048	1280	1793	1930	1115
2048	2048	1280	2048	1930	1115
2303	2048	1280	2329	1928	1115
2559	2048	1280	2566	1928	1115
2815	2048	1280	2816	1927	1114
3071	2048	1280	3068	1926	1114
3327	2048	1280	3324	1925	1115
3583	2048	1280	3569	1924	1114
3839	2048	1280	3820	1922	1114
4095	2048	1280	4059	1921	1114
0	2303	1280	12	2189	1116
256	2303	1280	268	2186	1115
512	2303	1280	530	2184	1114
768	2303	1280	782	2184	1114
1024	2303	1280	1036	2183	1114
1280	2303	1280	1285	2182	1114
1536	2303	1280	1543	2181	1114
1792	2303	1280	1794	2179	1114
2048	2303	1280	2047	2179	1114
2303	2303	1280	2330	2178	1114
2559	2303	1280	2566	2178	1114
2815	2303	1280	2816	2175	1114
3071	2303	1280	3068	2174	1113
3327	2303	1280	3323	2172	1114
3583	2303	1280	3569	2171	1114
3839	2303	1280	3819	2170	1113
4095	2303	1280	4059	2169	1113
0	2559	1280	11	2435	1114
256	2559	1280	269	2433	1113
512	2559	1280	529	2431	1114
768	2559	1280	782	2431	1113
1024	2559	1280	1036	2429	1113
1280	2559	1280	1286	2429	1114
1536	2559	1280	1543	2427	1113
1792	2559	1280	1794	2426	1113
2048	2559	1280	2047	2426	1114
2303	2559	1280	2329	2425	1113
2559	2559	1280	2566	2425	1113
2815	2559	1280	2815	2423	1113
3071	2559	1280	3068	2422	1112
3327	2559	1280	3323	2421	1113
3583	2559	1280	3569	2419	1113
3839	2559	1280	3820	2418	1112
4095	2559	1280	4059	2417	1111
0	2815	1280	10	2667	1114
256	2815	1280	267	2665	1113
512	2815	1280	528	2664	1113
768	2815	1280	781	2663	1113
1024	2815	1280	1035	2663	1112
1280	2815	1280	1284	2662	1113
1536	2815	1280	1542	2660	1113
1792	2815	1280	1793	2660	1112
2048	2815	1280	2045	2658	1113
2303	2815	1280	2328	2657	1113
2559	2815	1280	2565	2656	1112
2815	2815	1280	2815	2655	1112
3071	2815	1280	3066	2654	1112
3327	2815	1280	3322	2653	1112
3583	2815	1280	3568	2651	1112
3839	2815	1280	3818	2650	1112
4095	2815	1280	4058	2649	1111
0	3071	1280	10	2906	1114
256	3071	1280	266	2904	1113
512	3071	1280	526	2902	1112
768	3071	1280	780	2901	1113
1024	3071	1280	1034	2900	1113
1280	3071	1280	1284	2899	1112
1536	3071	1280	1540	2897	1112
1792	3071	1280	1793	2897	1112
2048	3071	1280	2045	2896	1112
2303	3071	1280	2327	2895	1112
2559	3071	1280	2564	2894	1112
2815	3071	1280	2814	2892	1111
3071	3071	1280	3065	2890	1111
3327	3071	1280	3321	2889	1112
3583	3071	1280	3568	2888	1111
3839	3071	1280	3817	2887	1111
4095	3071	1280	4058	2886	1111
0	3327	1280	9	3143	1113
256	3327	1280	265	3141	1112
512	3327	1280	526	3139	1112
768	3327	1280	779	3138	1111
1024	3327	1280	1032	3137	1112
1280	3327	1280	1282	3135	1111
1536	3327	1280	1540	3134	1111
1792	3327	1280	1792	3133	1112
2048	3327	1280	2045	3133	1111
2303	3327	1280	2326	3132	1111
2559	3327	1280	2564	3130	1111
2815	3327	1280	2815	3130	1111
3071	3327	1280	3065	3128	1110
3327	3327	1280	3321	3126	1111
3583	3327	1280	3568	3124	1111
3839	3327	1280	3818	3123	1110
4095	3327	1280	4057	3122	1110
0	3583	1280	9	3377	1111
256	3583	1280	265	3374	1111
512	3583	1280	526	3373	1116
768	3583	1280	779	3372	1110
1024	3583	1280	1032	3371	1110
1280	3583	1280	1282	3370	1111
1536	3583	1280	1540	3369	1110
1792	3583	1280	1792	3368	1110
2048	3583	1280	2045	3366	1111
2303	3583	1280	2326	3365	1110
2559	3583	1280	2563	3364	1110
2815	3583	1280	2814	3363	1110
3071	3583	1280	3064	3361	1110
3327	3583	1280	3321	3360	1110
3583	3583	1280	3567	3358	1110
3839	3583	1280	3817	3357	1109
4095	3583	1280	4057	3355	1110
0	3839	1280	8	3620	1112
256	3839	1280	263	3617	1114
512	3839	1280	524	3614	1111
768	3839	1280	778	3613	1111
1024	3839	1280	1031	3612	1110
1280	3839	1280	1281	3611	1110
1536	3839	1280	1538	3610	1110
1792	3839	1280	1791	3609	1109
2048	3839	1280	2043	3608	1110
2303	3839	1280	2324	3607	1110
2559	3839	1280	2562	3607	1109
2815	3839	1280	2812	3604	1109
3071	3839	1280	3065	3603	1110
3327	3839	1280	3319	3602	1109
3583	3839	1280	3566	3600	1109
3839	3839	1280	3816	3598	1109
4095	3839	1280	4055	3595	1108
0	4095	1280	7	3856	1111
256	4095	1280	255	3853	1110
512	4095	1280	522	3851	1110
768	4095	1280	775	3851	1109
1024	4095	1280	1030	3849	1110
1280	4095	1280	1279	3847	1109
1536	4095	1280	1537	3846	1109
1792	4095	1280	1788	3845	1110
2048	4095	1280	2041	3843	1109
2303	4095	1280	2324	3843	1109
2559	4095	1280	2561	3841	1109
2815	4095	1280	2811	3840	1109
3071	4095	1280	3061	3839	1108
3327	4095	1280	3318	3838	1109
3583	4095	1280	3564	3836	1108
3839	4095	1280	3815	3833	1108
4095	4095	1280	4056	3831	1108
0	0	1536	21	24	1349
256	0	1536	275	23	1348
512	0	1536	538	22	1349
768	0	1536	791	21	1348
1024	0	1536	1045	20	1348
1280	0	1536	1294	19	1347
1536	0	1536	1552	18	1346
1792	0	1536	1803	18	1346
2048	0	1536	2054	16	1347
2303	0	1536	2338	15	1346
2559	0	1536	2572	14	1346
2815	0	1536	2822	14	1347
3071	0	1536	3073	13	1353
3327	0	1536	3328	12	1347
3583	0	1536	3574	12	1346
3839	0	1536	3825	10	1345
4095	0	1536	4065	10	1345
0	256	1536	20	268	1347
256	256	1536	275	267	1346
512	256	1536	537	265	1347
768	256	1536	790	264	1346
1024	256	1536	1043	263	1346
1280	256	1536	1293	262	1346
1536	256	1536	1550	261	1345
1792	256	1536	1801	260	1345
2048	256	1536	2055	260	1346
2303	256	1536	2336	258	1346
2559	256	1536	2573	258	1345
2815	256	1536	2822	256	1345
3071	256	1536	3074	256	1353
3327	256	1536	3327	255	1345
3583	256	1536	3575	254	1345
3839	256	1536	3826	247	1344
4095	256	1536	4065	251	1344
0	512	1536	19	506	1348
256	512	1536	276	505	1345
512	512	1536	537	504	1346
768	512	1536	790	503	1346
1024	512	1536	1045	502	1345
1280	512	1536	1293	500	1344
1536	512	1536	1551	499	1344
1792	512	1536	1801	498	1344
2048	512	1536	2055	497	1344
2303	512	1536	2338	496	1345
2559	512	1536	2572	496	1344
2815	512	1536	2823	495	1344
3071	512	1536	3074	493	1345
3327	512	1536	3329	493	1347
3583	512	1536	3575	491	1350
3839	512	1536	3827	489	1344
4095	512	1536	4067	489	1350
0	768	1536	19	747	1346
256	768	1536	275	746	1345
512	768	1536	537	744	1345
768	768	1536	789	744	1345
1024	768	1536	1044	743	1345
1280	768	1536	1293	742	1343
1536	768	1536	1550	741	1343
1792	768	1536	1801	740	1344
2048	768	1536	2053	737	1343
2303	768	1536	2337	737	1344
2559	768	1536	2571	736	1344
2815	768	1536	2822	735	1343
3071	768	1536	3074	734	1343
3327	768	1536	3328	733	1343
3583	768	1536	3575	732	1350
3839	768	1536	3826	731	1347
4095	768	1536	4065	730	1343
0	1024	1536	18	987	1345
256	1024	1536	275	985	1344
512	1024	1536	536	983	1345
768	1024	1536	789	983	1344
1024	1024	1536	1043	982	1344
1280	1024	1536	1293	981	1344
1536	1024	1536	1549	979	1342
1792	1024	1536	1800	978	1343
2048	1024	1536	2053	977	1344
2303	1024	1536	2336	977	1343
2559	1024	1536	2572	976	1343
2815	1024	1536	2821	975	1343
3071	1024	1536	3073	972	1342
3327	1024	1536	3329	971	1342
3583	1024	1536	3574	971	1344
3839	1024	1536	3826	970	1345
4095	1024	1536	4064	969	1341
0	1280	1536	17	1219	1344
256	1280	1536	274	1218	1343
512	1280	1536	535	1216	1343
768	1280	1536	788	1216	1343
1024	1280	1536	1043	1215	1343
1280	1280	1536	1292	1214	1344
1536	1280	1536	1549	1213	1342
1792	1280	1536	1801	1211	1342
2048	1280	1536	2053	1210	1343
2303	1280	1536	2337	1210	1343
2559	1280	1536	2572	1209	1342
2815	1280	1536	2821	1208	1342
3071	1280	1536	3073	1206	1342
3327	1280	1536	3328	1206	1341
3583	1280	1536	3575	1204	1341
3839	1280	1536	3825	1202	1341
4095	1280	1536	4065	1202	1340
0	1536	1536	17	1462	1344
256	1536	1536	272	1461	1342
512	1536	1536	534	1459	1342
768	1536	1536	788	1459	1343
1024	1536	1536	1041	1458	1342
1280	1536	1536	1291	1458	1342
1536	1536	1536	1548	1457	1342
1792	1536	1536	1800	1455	1341
2048	1536	1536	2052	1455	1342
2303	1536	1536	2335	1453	1342
2559	1536	1536	2571	1452	1341
2815	1536	1536	2820	1451	1342
3071	1536	1536	3073	1449	1342
3327	1536	1536	3327	1448	1340
3583	1536	1536	3574	1447	1340
3839	1536	1536	3825	1446	1340
4095	1536	1536	4064	1445	1340
0	1792	1536	16	1705	1343
256	1792	1536	272	1704	1342
512	1792	1536	533	1703	1341
768	1792	1536	786	1701	1341
1024	1792	1536	1040	1700	1342
1280	1792	1536	1290	1700	1341
1536	1792	1536	1547	1699	1342
1792	1792	1536	1798	1697	1341
2048	1792	1536	2052	1697	1341
2303	1792	1536	2333	1696	1341
2559	1792	1536	2569	1696	1341
2815	1792	1536	2820	1694	1341
3071	1792	1536	3072	1692	1341
3327	1792	1536	3327	1691	1341
3583	1792	1536	3573	1690	1340
3839	1792	1536	3824	1689	1340
4095	1792	1536	4063	1688	1339
0	2048	1536	16	1943	1342
256	2048	1536	271	1942	1342
512	2048	1536	533	1940	1342
768	2048	1536	785	1940	1341
1024	2048	1536	1040	1939	1341
1280	2048	1536	1290	1938	1342
1536	2048	1536	1547	1937	1341
1792	2048	1536	1798	1935	1341
2048	2048	1536	2050	1935	1342
2303	2048	1536	2334	1933	1341
2559	2048	1536	2569	1933	1341
2815	2048	1536	2819	1932	1340
3071	2048	1536	3072	1931	1340
3327	2048	1536	3327	1929	1340
3583	2048	1536	3573	1929	1340
3839	2048	1536	3823	1926	1339
4095	2048	1536	4062	1925	1339
0	2303	1536	15	2193	1341
256	2303	1536	272	2191	1341
512	2303	1536	532	2189	1340
768	2303	1536	786	2190	1340
1024	2303	1536	1039	2188	1340
1280	2303	1536	1289	2188	1341
1536	2303	1536	1546	2187	1340
1792	2303	1536	1798	2185	1340
2048	2303	1536	2051	2185	1341
2303	2303	1536	2334	2183	1341
2559	2303	1536	2570	2182	1340
2815	2303	1536	2819	2180	1340
3071	2303	1536	3071	2179	1340
3327	2303	1536	3327	2177	1339
3583	2303	1536	3572	2176	1338
3839	2303	1536	3823	2175	1339
4095	2303	1536	4062	2174	1338
0	2559	1536	14	2439	1341
256	2559	1536	271	2437	1339
512	2559	1536	532	2435	1339
768	2559	1536	784	2435	1339
1024	2559	1536	1039	2433	1339
1280	2559	1536	1288	2433	1339
1536	2559	1536	1546	2432	1339
1792	2559	1536	1797	2431	1339
2048	2559	1536	2050	2431	1339
2303	2559	1536	2333	2429	1339
2559	2559	1536	2568	2429	1339
2815	2559	1536	2819	2428	1339
3071	2559	1536	3070	2426	1339
3327	2559	1536	3326	2424	1338
3583	2559	1536	3573	2423	1337
3839	2559	1536	3822	2422	1338
4095	2559	1536	4063	2421	1338
0	2815	1536	14	2672	1339
256	2815	1536	269	2670	1339
512	2815	1536	530	2669	1338
768	2815	1536	784	2668	1339
1024	2815	1536	1037	2667	1338
1280	2815	1536	1287	2666	1338
1536	2815	1536	1544	2665	1338
1792	2815	1536	1796	2663	1339
2048	2815	1536	2048	2662	1338
2303	2815	1536	2331	2661	1338
2559	2815	1536	2568	2660	1338
2815	2815	1536	2817	2659	1337
3071	2815	1536	3070	2658	1338
3327	2815	1536	3325	2657	1338
3583	2815	1536	3571	2656	1337
3839	2815	1536	3821	2655	1337
4095	2815	1536	4061	2652	1337
0	3071	1536	13	2910	1339
256	3071	1536	269	2907	1338
512	3071	1536	529	2906	1338
768	3071	1536	783	2905	1338
1024	3071	1536	1036	2903	1338
1280	3071	1536	1286	2903	1338
1536	3071	1536	1544	2902	1337
1792	3071	1536	1795	2901	1337
2048	3071	1536	2049	2901	1338
2303	3071	1536	2330	2899	1337
2559	3071	1536	2567	2897	1338
2815	3071	1536	2817	2896	1337
3071	3071	1536	3068	2895	1336
3327	3071	1536	3325	2894	1337
3583	3071	1536	3570	2893	1337
3839	3071	1536	3821	2891	1336
4095	3071	1536	4060	2890	1336
0	3327	1536	13	3147	1338
256	3327	1536	267	3145	1337
512	3327	1536	529	3143	1337
768	3327	1536	782	3142	1337
1024	3327	1536	1036	3141	1337
1280	3327	1536	1285	3140	1337
1536	3327	1536	1542	3139	1336
1792	3327	1536	1795	3137	1337
2048	3327	1536	2047	3137	1337
2303	3327	1536	2330	3136	1337
2559	3327	1536	2566	3135	1336
2815	3327	1536	2817	3134	1336
3071	3327	1536	3068	3132	1336
3327	3327	1536	3323	3130	1336
3583	3327	1536	3571	3129	1335
3839	3327	1536	3820	3127	1335
4095	3327	1536	4060	3125	1335
0	3583	1536	12	3381	1338
256	3583	1536	268	3379	1336
512	3583	1536	528	3377	1344
768	3583	1536	782	3377	1336
1024	3583	1536	1036	3376	1336
1280	3583	1536	1286	3374	1336
1536	3583	1536	1543	3373	1336
1792	3583	1536	1795	3371	1335
2048	3583	1536	2048	3371	1336
2303	3583	1536	2330	3369	1336
2559	3583	1536	2567	3368	1335
2815	3583	1536	2816	3367	1335
3071	3583	1536	3068	3366	1335
3327	3583	1536	3323	3364	1335
3583	3583	1536	3569	3363	1334
3839	3583	1536	3821	3361	1335
4095	3583	1536	4060	3358	1335
0	3839	1536	11	3624	1337
256	3839	1536	265	3620	1340
512	3839	1536	527	3618	1335
768	3839	1536	780	3617	1335
1024	3839	1536	1034	3617	1336
1280	3839	1536	1283	3616	1334
1536	3839	1536	1542	3615	1335
1792	3839	1536	1792	3613	1335
2048	3839	1536	2046	3613	1335
2303	3839	1536	2328	3612	1335
2559	3839	1536	2565	3609	1335
2815	3839	1536	2815	3608	1334
3071	3839	1536	3067	3607	1334
3327	3839	1536	3323	3606	1335
3583	3839	1536	3568	3604	1334
3839	3839	1536	3819	3602	1333
4095	3839	1536	4059	3599	1333
0	4095	1536	11	3861	1336
256	4095	1536	258	3857	1334
512	4095	1536	526	3856	1335
768	4095	1536	777	3855	1334
1024	4095	1536	1032	3852	1334
1280	4095	1536	1282	3852	1335
1536	4095	1536	1539	3851	1334
1792	4095	1536	1792	3850	1335
2048	4095	1536	2043	3848	1335
2303	4095	1536	2327	3847	1334
2559	4095	1536	2564	3846	1334
2815	4095	1536	2814	3844	1334
3071	4095	1536	3065	3843	1333
3327	4095	1536	3322	3840	1334
3583	4095	1536	3567	3839	1334
3839	4095	1536	3817	3838	1332
4095	4095	1536	4058	3835	1332
0	0	1792	24	28	1586
256	0	1792	279	27	1585
512	0	1792	540	26	1585
768	0	1792	794	25	1585
1024	0	1792	1047	24	1584
1280	0	1792	1298	23	1585
1536	0	1792	1554	23	1584
1792	0	1792	1804	21	1583
2048	0	1792	2058	20	1584
2303	0	1792	2341	19	1585
2559	0	1792	2575	19	1584
2815	0	1792	2825	18	1584
3071	0	1792	3076	17	1584
3327	0	1792	3330	16	1584
3583	0	1792	3576	16	1583
3839	0	1792	3828	15	1583
4095	0	1792	4068	13	1583
0	256	1792	23	271	1585
256	256	1792	277	269	1583
512	256	1792	539	269	1583
768	256	1792	792	267	1584
1024	256	1792	1046	267	1583
1280	256	1792	1295	266	1582
1536	256	1792	1553	265	1583
1792	256	1792	1803	264	1583
2048	256	1792	2057	263	1582
2303	256	1792	2342	262	1583
2559	256	1792	2575	261	1584
2815	256	1792	2826	260	1583
3071	256	1792	3078	259	1583
3327	256	1792	3332	258	1584
3583	256	1792	3578	257	1582
3839	256	1792	3828	250	1582
4095	256	1792	4069	255	1583
0	512	1792	23	510	1584
256	512	1792	278	509	1583
512	512	1792	540	507	1582
768	512	1792	792	507	1583
1024	512	1792	1047	505	1583
1280	512	1792	1296	504	1581
1536	512	1792	1553	503	1582
1792	512	1792	1805	502	1582
2048	512	1792	2056	501	1581
2303	512	1792	2341	500	1582
2559	512	1792	2576	500	1583
2815	512	1792	2826	499	1581
3071	512	1792	3078	497	1581
3327	512	1792	3332	495	1581
3583	512	1792	3579	494	1582
3839	512	1792	3830	493	1581
4095	512	1792	4069	492	1581
0	768	1792	22	751	1583
256	768	1792	278	749	1583
512	768	1792	539	748	1582
768	768	1792	793	747	1582
1024	768	1792	1046	746	1581
1280	768	1792	1296	745	1582
1536	768	1792	1553	745	1581
1792	768	1792	1803	743	1582
2048	768	1792	2056	742	1581
2303	768	1792	2341	741	1581
2559	768	1792	2575	740	1581
2815	768	1792	2825	739	1582
3071	768	1792	3077	738	1580
3327	768	1792	3333	737	1581
3583	768	1792	3579	736	1580
3839	768	1792	3829	735	1579
4095	768	1792	4068	734	1580
0	1024	1792	22	991	1584
256	1024	1792	277	988	1582
512	1024	1792	539	987	1582
768	1024	1792	791	986	1582
1024	1024	1792	1046	985	1581
1280	1024	1792	1295	985	1582
1536	1024	1792	1553	983	1581
1792	1024	1792	1804	983	1581
2048	1024	1792	2056	982	1582
2303	1024	1792	2341	980	1581
2559	1024	1792	2574	980	1580
2815	1024	1792	2824	978	1580
3071	1024	1792	3075	976	1580
3327	1024	1792	3331	975	1580
3583	1024	1792	3578	975	1580
3839	1024	1792	3827	973	1579
4095	1024	1792	4067	972	1578
0	1280	1792	21	1223	1582
256	1280	1792	276	1221	1580
512	1280	1792	537	1220	1580
768	1280	1792	791	1219	1580
1024	1280	1792	1045	1218	1580
1280	1280	1792	1295	1217	1581
1536	1280	1792	1552	1216	1581
1792	1280	1792	1804	1215	1581
2048	1280	1792	2057	1215	1581
2303	1280	1792	2340	1213	1581
2559	1280	1792	2575	1213	1581
2815	1280	1792	2824	1212	1580
3071	1280	1792	3077	1210	1579
3327	1280	1792	3330	1209	1580
3583	1280	1792	3577	1208	1579
3839	1280	1792	3828	1207	1578
4095	1280	1792	4068	1206	1579
0	1536	1792	20	1466	1581
256	1536	1792	276	1465	1580
512	1536	1792	536	1463	1579
768	1536	1792	790	1463	1579
1024	1536	1792	1044	1462	1580
1280	1536	1792	1294	1461	1580
1536	1536	1792	1551	1460	1580
1792	1536	1792	1802	1459	1580
2048	1536	1792	2055	1458	1580
2303	1536	1792	2339	1457	1580
2559	1536	1792	2574	1456	1580
2815	1536	1792	2824	1455	1579
3071	1536	1792	3076	1453	1579
3327	1536	1792	3330	1452	1579
3583	1536	1792	3576	1451	1578
3839	1536	1792	3827	1450	1578
4095	1536	1792	4068	1449	1578
0	1792	1792	20	1709	1580
256	1792	1792	275	1708	1580
512	1792	1792	536	1706	1579
768	1792	1792	789	1705	1579
1024	1792	1792	1043	1704	1579
1280	1792	1792	1293	1703	1580
1536	1792	1792	1550	1703	1579
1792	1792	1792	1801	1701	1579
2048	1792	1792	2053	1701	1579
2303	1792	1792	2338	1700	1579
2559	1792	1792	2573	1700	1579
2815	1792	1792	2823	1698	1579
3071	1792	1792	3075	1696	1579
3327	1792	1792	3329	1695	1579
3583	1792	1792	3576	1694	1578
3839	1792	1792	3826	1692	1577
4095	1792	1792	4066	1692	1577
0	2048	1792	19	1947	1581
256	2048	1792	274	1946	1579
512	2048	1792	535	1944	1579
768	2048	1792	789	1944	1580
1024	2048	1792	1042	1943	1579
1280	2048	1792	1293	1942	1580
1536	2048	1792	1551	1941	1580
1792	2048	1792	1800	1939	1579
2048	2048	1792	2053	1938	1579
2303	2048	1792	2336	1937	1579
2559	2048	1792	2572	1937	1578
2815	2048	1792	2822	1936	1578
3071	2048	1792	3074	1935	1579
3327	2048	1792	3329	1933	1578
3583	2048	1792	3576	1931	1577
3839	2048	1792	3827	1930	1577
4095	2048	1792	4066	1929	1577
0	2303	1792	18	2198	1580
256	2303	1792	274	2196	1578
512	2303	1792	536	2194	1578
768	2303	1792	788	2194	1578
1024	2303	1792	1043	2192	1578
1280	2303	1792	1293	2192	1578
1536	2303	1792	1550	2191	1579
1792	2303	1792	1800	2190	1579
2048	2303	1792	2053	2188	1578
2303	2303	1792	2337	2186	1578
2559	2303	1792	2572	2186	1579
2815	2303	1792	2823	2185	1578
3071	2303	1792	3074	2184	1578
3327	2303	1792	3329	2182	1578
3583	2303	1792	3577	2181	1576
3839	2303	1792	3827	2179	1576
4095	2303	1792	4066	2178	1576
0	2559	1792	18	2443	1578
256	2559	1792	273	2441	1577
512	2559	1792	534	2439	1577
768	2559	1792	788	2439	1577
1024	2559	1792	1042	2438	1578
1280	2559	1792	1292	2437	1577
1536	2559	1792	1549	2436	1578
1792	2559	1792	1800	2435	1577
2048	2559	1792	2053	2435	1576
2303	2559	1792	2336	2433	1577
2559	2559	1792	2572	2433	1577
2815	2559	1792	2823	2432	1577
3071	2559	1792	3074	2430	1577
3327	2559	1792	3328	2428	1577
3583	2559	1792	3576	2428	1576
3839	2559	1792	3827	2426	1575
4095	2559	1792	4066	2425	1575
0	2815	1792	17	2676	1577
256	2815	1792	272	2674	1576
512	2815	1792	533	2673	1577
768	2815	1792	786	2672	1576
1024	2815	1792	1041	2671	1576
1280	2815	1792	1291	2670	1577
1536	2815	1792	1548	2669	1576
1792	2815	1792	1798	2668	1576
2048	2815	1792	2052	2667	1577
2303	2815	1792	2334	2665	1576
2559	2815	1792	2570	2665	1576
2815	2815	1792	2822	2664	1576
3071	2815	1792	3072	2663	1576
3327	2815	1792	3328	2662	1576
3583	2815	1792	3573	2661	1576
3839	2815	1792	3826	2658	1575
4095	2815	1792	4063	2657	1575
0	3071	1792	17	2913	1577
256	3071	1792	271	2911	1576
512	3071	1792	533	2910	1576
768	3071	1792	785	2909	1576
1024	3071	1792	1039	2907	1576
1280	3071	1792	1289	2907	1576
1536	3071	1792	1546	2906	1576
1792	3071	1792	1798	2905	1576
2048	3071	1792	2051	2904	1576
2303	3071	1792	2335	2902	1576
2559	3071	1792	2569	2901	1575
2815	3071	1792	2820	2900	1575
3071	3071	1792	3072	2899	1575
3327	3071	1792	3327	2898	1575
3583	3071	1792	3574	2897	1575
3839	3071	1792	3824	2895	1575
4095	3071	1792	4064	2893	1573
0	3327	1792	16	3151	1576
256	3327	1792	271	3149	1575
512	3327	1792	531	3147	1575
768	3327	1792	786	3146	1575
1024	3327	1792	1038	3145	1576
1280	3327	1792	1288	3144	1575
1536	3327	1792	1545	3143	1575
1792	3327	1792	1798	3142	1576
2048	3327	1792	2050	3141	1575
2303	3327	1792	2333	3140	1575
2559	3327	1792	2569	3139	1575
2815	3327	1792	2820	3138	1575
3071	3327	1792	3071	3135	1576
3327	3327	1792	3327	3135	1576
3583	3327	1792	3573	3133	1574
3839	3327	1792	3824	3131	1574
4095	3327	1792	4063	3129	1573
0	3583	1792	15	3386	1576
256	3583	1792	271	3384	1575
512	3583	1792	532	3382	1574
768	3583	1792	785	3381	1575
1024	3583	1792	1039	3380	1575
1280	3583	1792	1288	3379	1574
1536	3583	1792	1546	3377	1574
1792	3583	1792	1797	3376	1574
2048	3583	1792	2051	3375	1574
2303	3583	1792	2335	3374	1574
2559	3583	1792	2570	3373	1574
2815	3583	1792	2821	3372	1574
3071	3583	1792	3072	3371	1574
3327	3583	1792	3327	3369	1575
3583	3583	1792	3572	3368	1574
3839	3583	1792	3824	3364	1573
4095	3583	1792	4064	3362	1573
0	3839	1792	15	3628	1575
256	3839	1792	268	3625	1573
512	3839	1792	530	3623	1573
768	3839	1792	783	3623	1573
1024	3839	1792	1037	3622	1573
1280	3839	1792	1286	3621	1573
1536	3839	1792	1544	3620	1573
1792	3839	1792	1797	3618	1573
2048	3839	1792	2049	3617	1574
2303	3839	1792	2331	3615	1573
2559	3839	1792	2569	3614	1574
2815	3839	1792	2819	3613	1574
3071	3839	1792	3071	3611	1573
3327	3839	1792	3326	3610	1573
3583	3839	1792	3572	3608	1573
3839	3839	1792	3822	3606	1572
4095	3839	1792	4062	3604	1572
0	4095	1792	14	3866	1575
256	4095	1792	262	3862	1573
512	4095	1792	529	3860	1573
768	4095	1792	781	3858	1572
1024	4095	1792	1035	3857	1572
1280	4095	1792	1285	3856	1573
1536	4095	1792	1543	3855	1574
1792	4095	1792	1794	3854	1573
2048	4095	1792	2047	3852	1573
2303	4095	1792	2330	3852	1573
2559	4095	1792	2566	3850	1572
2815	4095	1792	2817	3849	1573
3071	4095	1792	3068	3847	1573
3327	4095	1792	3325	3845	1572
3583	4095	1792	3571	3844	1572
3839	4095	1792	3822	3842	1571
4095	4095	1792	4061	3840	1571
0	0	2048	27	32	1815
256	0	2048	280	31	1814
512	0	2048	542	30	1814
768	0	2048	796	29	1814
1024	0	2048	1050	29	1814
1280	0	2048	1300	28	1815
1536	0	2048	1558	26	1815
1792	0	2048	1806	25	1815
2048	0	2048	2060	25	1813
2303	0	2048	2347	23	1815
2559	0	2048	2578	23	1813
2815	0	2048	2828	22	1813
3071	0	2048	3080	21	1813
3327	0	2048	3335	20	1813
3583	0	2048	3581	20	1812
3839	0	2048	3832	18	1813
4095	0	2048	4072	17	1812
0	256	2048	27	275	1814
256	256	2048	279	274	1814
512	256	2048	542	273	1813
768	256	2048	796	272	1812
1024	256	2048	1049	271	1813
1280	256	2048	1299	270	1814
1536	256	2048	1556	270	1813
1792	256	2048	1807	268	1813
2048	256	2048	2059	267	1813
2303	256	2048	2346	265	1813
2559	256	2048	2577	265	1813
2815	256	2048	2828	264	1813
3071	256	2048	3081	263	1812
3327	256	2048	3333	262	1812
3583	256	2048	3582	262	1813
3839	256	2048	3832	254	1812
4095	256	2048	4072	259	1811
0	512	2048	26	514	1814
256	512	2048	282	513	1813
512	512	2048	542	511	1813
768	512	2048	795	510	1812
1024	512	2048	1049	509	1812
1280	512	2048	1300	508	1813
1536	512	2048	1557	508	1812
1792	512	2048	1808	506	1812
2048	512	2048	2060	506	1812
2303	512	2048	2345	504	1812
2559	512	2048	2579	504	1812
2815	512	2048	2831	503	1812
3071	512	2048	3081	501	1812
3327	512	2048	3336	500	1811
3583	512	2048	3583	499	1812
3839	512	2048	3834	497	1811
4095	512	2048	4071	497	1811
0	768	2048	26	756	1814
256	768	2048	280	754	1812
512	768	2048	542	753	1812
768	768	2048	795	752	1813
1024	768	2048	1049	751	1812
1280	768	2048	1299	750	1812
1536	768	2048	1556	749	1812
1792	768	2048	1807	748	1811
2048	768	2048	2059	747	1812
2303	768	2048	2345	746	1812
2559	768	2048	2578	745	1812
2815	768	2048	2829	744	1811
3071	768	2048	3080	743	1811
3327	768	2048	3336	742	1811
3583	768	2048	3583	741	1810
3839	768	2048	3833	740	1811
4095	768	2048	4072	738	1809
0	1024	2048	25	995	1814
256	1024	2048	280	993	1812
512	1024	2048	540	992	1811
768	1024	2048	794	991	1811
1024	1024	2048	1049	990	1813
1280	1024	2048	1298	989	1811
1536	1024	2048	1554	988	1810
1792	1024	2048	1806	987	1811
2048	1024	2048	2059	987	1811
2303	1024	2048	2344	984	1811
2559	1024	2048	2577	984	1811
2815	1024	2048	2828	983	1810
3071	1024	2048	3079	981	1809
3327	1024	2048	3334	981	1811
3583	1024	2048	3581	980	1810
3839	1024	2048	3832	979	1809
4095	1024	2048	4071	977	1810
0	1280	2048	24	1228	1812
256	1280	2048	280	1226	1811
512	1280	2048	539	1225	1810
768	1280	2048	794	1223	1810
1024	1280	2048	1049	1223	1812
1280	1280	2048	1298	1222	1811
1536	1280	2048	1556	1221	1811
1792	1280	2048	1807	1220	1811
2048	1280	2048	2059	1220	1812
2303	1280	2048	2345	1219	1811
2559	1280	2048	2577	1218	1811
2815	1280	2048	2829	1217	1811
3071	1280	2048	3080	1215	1809
3327	1280	2048	3335	1214	1810
3583	1280	2048	3581	1213	1809
3839	1280	2048	3831	1212	1808
4095	1280	2048	4071	1211	1809
0	1536	2048	24	1472	1811
256	1536	2048	278	1471	1810
512	1536	2048	539	1469	1810
768	1536	2048	792	1468	1809
1024	1536	2048	1047	1468	1810
1280	1536	2048	1298	1467	1810
1536	1536	2048	1554	1466	1810
1792	1536	2048	1806	1464	1809
2048	1536	2048	2057	1464	1810
2303	1536	2048	2343	1462	1809
2559	1536	2048	2577	1461	1810
2815	1536	2048	2828	1460	1809
3071	1536	2048	3080	1459	1810
3327	1536	2048	3333	1458	1809
3583	1536	2048	3580	1457	1808
3839	1536	2048	3831	1456	1809
4095	1536	2048	4070	1453	1807
0	1792	2048	23	1714	1811
256	1792	2048	277	1712	1809
512	1792	2048	538	1711	1810
768	1792	2048	792	1710	1810
1024	1792	2048	1045	1709	1809
1280	1792	2048	1296	1708	1810
1536	1792	2048	1554	1708	1809
1792	1792	2048	1804	1707	1809
2048	1792	2048	2057	1707	1809
2303	1792	2048	2341	1705	1810
2559	1792	2048	2576	1704	1809
2815	1792	2048	2826	1703	1809
3071	1792	2048	3079	1702	1809
3327	1792	2048	3333	1700	1808
3583	1792	2048	3578	1699	1807
3839	1792	2048	3830	1698	1808
4095	1792	2048	4069	1697	1807
0	2048	2048	22	1952	1809
256	2048	2048	276	1950	1808
512	2048	2048	538	1949	1808
768	2048	2048	791	1949	1809
1024	2048	2048	1045	1947	1809
1280	2048	2048	1295	1946	1808
1536	2048	2048	1553	1945	1809
1792	2048	2048	1804	1944	1808
2048	2048	2048	2056	1944	1808
2303	2048	2048	2341	1943	1808
2559	2048	2048	2575	1942	1808
2815	2048	2048	2826	1941	1808
3071	2048	2048	3078	1939	1807
3327	2048	2048	3332	1938	1808
3583	2048	2048	3578	1936	1807
3839	2048	2048	3829	1935	1806
4095	2048	2048	4069	1934	1806
0	2303	2048	22	2203	1808
256	2303	2048	276	2200	1808
512	2303	2048	538	2200	1808
768	2303	2048	792	2199	1808
1024	2303	2048	1045	2198	1808
1280	2303	2048	1296	2197	1808
1536	2303	2048	1553	2196	1808
1792	2303	2048	1804	2194	1808
2048	2303	2048	2055	2193	1808
2303	2303	2048	2340	2192	1807
2559	2303	2048	2576	2191	1808
2815	2303	2048	2826	2190	1808
3071	2303	2048	3078	2188	1807
3327	2303	2048	3332	2187	1807
3583	2303	2048	3579	2186	1807
3839	2303	2048	3830	2185	1806
4095	2303	2048	4069	2184	1805
0	2559	2048	21	2448	1807
256	2559	2048	276	2445	1807
512	2559	2048	537	2444	1807
768	2559	2048	791	2444	1807
1024	2559	2048	1046	2443	1807
1280	2559	2048	1295	2442	1808
1536	2559	2048	1553	2442	1808
1792	2559	2048	1804	2441	1807
2048	2559	2048	2056	2440	1807
2303	2559	2048	2339	2438	1807
2559	2559	2048	2575	2438	1807
2815	2559	2048	2826	2436	1807
3071	2559	2048	3077	2435	1807
3327	2559	2048	3332	2434	1806
3583	2559	2048	3579	2433	1806
3839	2559	2048	3831	2431	1807
4095	2559	2048	4070	2430	1805
0	2815	2048	21	2681	1807
256	2815	2048	275	2680	1806
512	2815	2048	536	2678	1807
768	2815	2048	789	2678	1807
1024	2815	2048	1044	2677	1806
1280	2815	2048	1295	2675	1806
1536	2815	2048	1551	2675	1807
1792	2815	2048	1803	2674	1806
2048	2815	2048	2055	2672	1806
2303	2815	2048	2340	2671	1807
2559	2815	2048	2573	2671	1806
2815	2815	2048	2824	2669	1806
3071	2815	2048	3076	2668	1806
3327	2815	2048	3331	2668	1806
3583	2815	2048	3578	2665	1806
3839	2815	2048	3829	2663	1805
4095	2815	2048	4069	2662	1804
0	3071	2048	20	2919	1807
256	3071	2048	275	2917	1806
512	3071	2048	535	2916	1806
768	3071	2048	788	2915	1806
1024	3071	2048	1041	2913	1806
1280	3071	2048	1293	2912	1805
1536	3071	2048	1549	2912	1805
1792	3071	2048	1801	2911	1806
2048	3071	2048	2055	2909	1804
2303	3071	2048	2339	2908	1806
2559	3071	2048	2572	2907	1806
2815	3071	2048	2824	2906	1806
3071	3071	2048	3075	2905	1806
3327	3071	2048	3331	2904	1806
3583	3071	2048	3578	2903	1806
3839	3071	2048	3829	2901	1805
4095	3071	2048	4068	2899	1804
0	3327	2048	19	3157	1806
256	3327	2048	274	3155	1806
512	3327	2048	535	3152	1805
768	3327	2048	788	3152	1804
1024	3327	2048	1041	3150	1804
1280	3327	2048	1292	3149	1806
1536	3327	2048	1550	3149	1805
1792	3327	2048	1800	3147	1805
2048	3327	2048	2053	3146	1805
2303	3327	2048	2339	3146	1804
2559	3327	2048	2572	3145	1804
2815	3327	2048	2824	3144	1805
3071	3327	2048	3075	3142	1805
3327	3327	2048	3331	3141	1805
3583	3327	2048	3578	3140	1805
3839	3327	2048	3829	3138	1804
4095	3327	2048	4069	3135	1803
0	3583	2048	19	3392	1804
256	3583	2048	273	3390	1803
512	3583	2048	535	3388	1804
768	3583	2048	788	3387	1804
1024	3583	2048	1041	3385	1804
1280	3583	2048	1292	3384	1804
1536	3583	2048	1549	3383	1804
1792	3583	2048	1801	3382	1804
2048	3583	2048	2053	3381	1804
2303	3583	2048	2337	3379	1804
2559	3583	2048	2573	3378	1803
2815	3583	2048	2823	3378	1804
3071	3583	2048	3076	3376	1804
3327	3583	2048	3331	3374	1804
3583	3583	2048	3577	3373	1804
3839	3583	2048	3827	3371	1804
4095	3583	2048	4068	3368	1802
0	3839	2048	18	3634	1805
256	3839	2048	271	3631	1803
512	3839	2048	533	3629	1802
768	3839	2048	786	3629	1803
1024	3839	2048	1042	3627	1802
1280	3839	2048	1290	3626	1803
1536	3839	2048	1548	3626	1804
1792	3839	2048	1800	3624	1803
2048	3839	2048	2053	3622	1802
2303	3839	2048	2335	3620	1803
2559	3839	2048	2571	3620	1803
2815	3839	2048	2823	3619	1803
3071	3839	2048	3074	3617	1802
3327	3839	2048	3329	3616	1801
3583	3839	2048	3577	3614	1801
3839	3839	2048	3826	3612	1802
4095	3839	2048	4066	3610	1802
0	4095	2048	18	3872	1803
256	4095	2048	265	3868	1803
512	4095	2048	532	3865	1802
768	4095	2048	783	3864	1801
1024	4095	2048	1038	3863	1803
1280	4095	2048	1287	3862	1802
1536	4095	2048	1546	3861	1801
1792	4095	2048	1797	3860	1801
2048	4095	2048	2050	3858	1800
2303	4095	2048	2335	3857	1801
2559	4095	2048	2570	3857	1802
2815	4095	2048	2821	3854	1802
3071	4095	2048	3074	3852	1802
3327	4095	2048	3327	3850	1802
3583	4095	2048	3575	3849	1800
3839	4095	2048	3825	3847	1801
4095	4095	2048	4065	3845	1802
0	0	2303	31	36	2043
256	0	2303	283	35	2041
512	0	2303	546	35	2043
768	0	2303	800	34	2041
1024	0	2303	1054	33	2042
1280	0	2303	1304	31	2044
1536	0	2303	1562	30	2043
1792	0	2303	1813	29	2042
2048	0	2303	2064	29	2042
2303	0	2303	2350	28	2041
2559	0	2303	2582	28	2041
2815	0	2303	2833	26	2041
3071	0	2303	3085	25	2040
3327	0	2303	3339	25	2041
3583	0	2303	3585	24	2041
3839	0	2303	3835	22	2041
4095	0	2303	4074	22	2040
0	256	2303	30	279	2044
256	256	2303	283	278	2042
512	256	2303	545	277	2041
768	256	2303	799	276	2041
1024	256	2303	1053	275	2040
1280	256	2303	1303	274	2041
1536	256	2303	1561	274	2042
1792	256	2303	1811	273	2041
2048	256	2303	2064	271	2040
2303	256	2303	2348	270	2041
2559	256	2303	2581	269	2041
2815	256	2303	2833	268	2041
3071	256	2303	3083	267	2041
3327	256	2303	3339	266	2040
3583	256	2303	3586	266	2040
3839	256	2303	3837	258	2038
4095	256	2303	4076	263	2038
0	512	2303	30	518	2042
256	512	2303	284	517	2041
512	512	2303	546	515	2040
768	512	2303	799	514	2040
1024	512	2303	1052	514	2040
1280	512	2303	1303	512	2040
1536	512	2303	1561	511	2041
1792	512	2303	1812	511	2041
2048	512	2303	2064	510	2039
2303	512	2303	2350	508	2040
2559	512	2303	2582	508	2041
2815	512	2303	2834	506	2040
3071	512	2303	3085	505	2040
3327	512	2303	3340	504	2040
3583	512	2303	3588	503	2039
3839	512	2303	3836	502	2037
4095	512	2303	4077	501	2038
0	768	2303	29	760	2041
256	768	2303	284	759	2040
512	768	2303	544	757	2040
768	768	2303	798	756	2040
1024	768	2303	1052	756	2040
1280	768	2303	1303	754	2040
1536	768	2303	1559	753	2039
1792	768	2303	1810	752	2039
2048	768	2303	2065	751	2040
2303	768	2303	2349	750	2039
2559	768	2303	2582	750	2040
2815	768	2303	2833	749	2040
3071	768	2303	3084	747	2039
3327	768	2303	3339	746	2039
3583	768	2303	3585	745	2039
3839	768	2303	3837	743	2037
4095	768	2303	4074	742	2037
0	1024	2303	28	999	2041
256	1024	2303	282	998	2040
512	1024	2303	543	996	2040
768	1024	2303	797	996	2039
1024	1024	2303	1052	995	2040
1280	1024	2303	1301	994	2040
1536	1024	2303	1558	993	2038
1792	1024	2303	1809	991	2038
2048	1024	2303	2063	990	2038
2303	1024	2303	2348	989	2038
2559	1024	2303	2580	988	2038
2815	1024	2303	2833	987	2038
3071	1024	2303	3083	986	2038
3327	1024	2303	3339	985	2038
3583	1024	2303	3585	985	2039
3839	1024	2303	3837	984	2040
4095	1024	2303	4076	983	2038
0	1280	2303	28	1233	2040
256	1280	2303	282	1231	2039
512	1280	2303	544	1229	2039
768	1280	2303	797	1228	2039
1024	1280	2303	1051	1227	2038
1280	1280	2303	1302	1226	2038
1536	1280	2303	1559	1226	2039
1792	1280	2303	1811	1225	2038
2048	1280	2303	2063	1225	2039
2303	1280	2303	2348	1223	2039
2559	1280	2303	2581	1222	2038
2815	1280	2303	2833	1220	2038
3071	1280	2303	3084	1219	2037
3327	1280	2303	3339	1218	2038
3583	1280	2303	3586	1218	2037
3839	1280	2303	3836	1216	2037
4095	1280	2303	4075	1215	2036
0	1536	2303	27	1477	2040
256	1536	2303	282	1476	2039
512	1536	2303	542	1475	2039
768	1536	2303	797	1474	2038
1024	1536	2303	1051	1473	2039
1280	1536	2303	1301	1471	2038
1536	1536	2303	1558	1469	2037
1792	1536	2303	1809	1468	2038
2048	1536	2303	2062	1469	2038
2303	1536	2303	2345	1466	2036
2559	1536	2303	2580	1466	2037
2815	1536	2303	2832	1466	2037
3071	1536	2303	3083	1464	2038
3327	1536	2303	3337	1462	2036
3583	1536	2303	3583	1462	2035
3839	1536	2303	3836	1459	2035
4095	1536	2303	4073	1459	2036
0	1792	2303	27	1719	2038
256	1792	2303	280	1717	2037
512	1792	2303	542	1716	2036
768	1792	2303	795	1715	2037
1024	1792	2303	1050	1714	2038
1280	1792	2303	1299	1714	2037
1536	1792	2303	1557	1712	2036
1792	1792	2303	1809	1712	2038
2048	1792	2303	2062	1711	2038
2303	1792	2303	2345	1708	2036
2559	1792	2303	2578	1708	2036
2815	1792	2303	2831	1708	2038
3071	1792	2303	3083	1706	2036
3327	1792	2303	3336	1704	2035
3583	1792	2303	3582	1703	2035
3839	1792	2303	3833	1701	2033
4095	1792	2303	4072	1702	2034
0	2048	2303	26	1957	2036
256	2048	2303	279	1955	2035
512	2048	2303	541	1952	2035
768	2048	2303	795	1952	2035
1024	2048	2303	1048	1952	2035
1280	2048	2303	1299	1951	2036
1536	2048	2303	1556	1950	2036
1792	2048	2303	1807	1949	2035
2048	2048	2303	2061	1948	2036
2303	2048	2303	2345	1947	2035
2559	2048	2303	2578	1946	2035
2815	2048	2303	2829	1946	2035
3071	2048	2303	3082	1942	2034
3327	2048	2303	3336	1942	2035
3583	2048	2303	3581	1941	2034
3839	2048	2303	3832	1939	2034
4095	2048	2303	4070	1938	2032
0	2303	2303	25	2207	2036
256	2303	2303	280	2206	2034
512	2303	2303	540	2204	2034
768	2303	2303	794	2204	2036
1024	2303	2303	1048	2203	2035
1280	2303	2303	1299	2202	2035
1536	2303	2303	1557	2200	2035
1792	2303	2303	1806	2199	2034
2048	2303	2303	2060	2198	2036
2303	2303	2303	2344	2197	2035
2559	2303	2303	2578	2196	2035
2815	2303	2303	2829	2195	2034
3071	2303	2303	3081	2193	2034
3327	2303	2303	3337	2193	2034
3583	2303	2303	3583	2191	2034
3839	2303	2303	3833	2190	2034
4095	2303	2303	4072	2187	2032
0	2559	2303	25	2451	2036
256	2559	2303	279	2450	2035
512	2559	2303	540	2449	2035
768	2559	2303	794	2448	2035
1024	2559	2303	1048	2447	2034
1280	2559	2303	1299	2446	2034
1536	2559	2303	1556	2446	2035
1792	2559	2303	1808	2445	2036
2048	2559	2303	2059	2444	2034
2303	2559	2303	2345	2442	2035
2559	2559	2303	2577	2441	2035
2815	2559	2303	2828	2440	2033
3071	2559	2303	3082	2438	2032
3327	2559	2303	3336	2438	2033
3583	2559	2303	3584	2437	2032
3839	2559	2303	3834	2436	2034
4095	2559	2303	4073	2435	2033
0	2815	2303	24	2686	2035
256	2815	2303	278	2684	2034
512	2815	2303	539	2683	2034
768	2815	2303	793	2681	2034
1024	2815	2303	1047	2681	2035
1280	2815	2303	1297	2680	2035
1536	2815	2303	1556	2679	2034
1792	2815	2303	1807	2678	2034
2048	2815	2303	2059	2678	2035
2303	2815	2303	2343	2676	2034
2559	2815	2303	2576	2675	2034
2815	2815	2303	2827	2674	2034
3071	2815	2303	3080	2672	2034
3327	2815	2303	3335	2670	2033
3583	2815	2303	3582	2669	2034
3839	2815	2303	3833	2668	2033
4095	2815	2303	4071	2667	2032
0	3071	2303	23	2924	2034
256	3071	2303	277	2922	2033
512	3071	2303	539	2921	2034
768	3071	2303	791	2920	2034
1024	3071	2303	1046	2919	2033
1280	3071	2303	1295	2918	2033
1536	3071	2303	1555	2917	2032
1792	3071	2303	1805	2915	2033
2048	3071	2303	2057	2914	2033
2303	3071	2303	2343	2913	2033
2559	3071	2303	2576	2912	2034
2815	3071	2303	2828	2912	2033
3071	3071	2303	3080	2910	2032
3327	3071	2303	3334	2909	2032
3583	3071	2303	3582	2908	2032
3839	3071	2303	3833	2905	2033
4095	3071	2303	4072	2903	2031
0	3327	2303	23	3161	2034
256	3327	2303	276	3158	2031
512	3327	2303	538	3157	2032
768	3327	2303	791	3156	2032
1024	3327	2303	1045	3155	2031
1280	3327	2303	1296	3153	2031
1536	3327	2303	1553	3152	2032
1792	3327	2303	1804	3152	2031
2048	3327	2303	2056	3151	2032
2303	3327	2303	2342	3150	2032
2559	3327	2303	2577	3148	2032
2815	3327	2303	2827	3147	2032
3071	3327	2303	3080	3145	2032
3327	3327	2303	3333	3144	2031
3583	3327	2303	3580	3144	2031
3839	3327	2303	3832	3142	2030
4095	3327	2303	4071	3140	2029
0	3583	2303	22	3396	2032
256	3583	2303	277	3394	2031
512	3583	2303	537	3392	2030
768	3583	2303	791	3391	2031
1024	3583	2303	1046	3389	2032
1280	3583	2303	1295	3387	2030
1536	3583	2303	1552	3387	2031
1792	3583	2303	1804	3385	2031
2048	3583	2303	2057	3384	2030
2303	3583	2303	2340	3384	2031
2559	3583	2303	2576	3383	2031
2815	3583	2303	2829	3381	2030
3071	3583	2303	3079	3380	2031
3327	3583	2303	3334	3377	2030
3583	3583	2303	3581	3376	2029
3839	3583	2303	3831	3375	2030
4095	3583	2303	4069	3373	2029
0	3839	2303	22	3638	2031
256	3839	2303	274	3635	2031
512	3839	2303	536	3634	2029
768	3839	2303	789	3633	2030
1024	3839	2303	1044	3632	2031
1280	3839	2303	1294	3630	2030
1536	3839	2303	1550	3630	2030
1792	3839	2303	1803	3627	2030
2048	3839	2303	2055	3626	2030
2303	3839	2303	2340	3625	2030
2559	3839	2303	2574	3624	2030
2815	3839	2303	2827	3623	2031
3071	3839	2303	3079	3621	2028
3327	3839	2303	3332	3619	2030
3583	3839	2303	3578	3619	2029
3839	3839	2303	3829	3617	2029
4095	3839	2303	4070	3613	2028
0	4095	2303	21	3875	2030
256	4095	2303	269	3871	2029
512	4095	2303	533	3870	2029
768	4095	2303	787	3869	2029
1024	4095	2303	1041	3868	2029
1280	4095	2303	1292	3866	2030
1536	4095	2303	1548	3866	2029
1792	4095	2303	1801	3865	2029
2048	4095	2303	2054	3863	2028
2303	4095	2303	2338	3862	2028
2559	4095	2303	2574	3860	2028
2815	4095	2303	2823	3858	2029
3071	4095	2303	3075	3856	2030
3327	4095	2303	3331	3855	2028
3583	4095	2303	3579	3853	2029
3839	4095	2303	3829	3851	2030
4095	4095	2303	4068	3849	2029
0	0	2559	34	41	2284
256	0	2559	286	40	2280
512	0	2559	547	40	2280
768	0	2559	801	39	2281
1024	0	2559	1056	37	2280
1280	0	2559	1306	36	2281
1536	0	2559	1564	35	2281
1792	0	2559	1814	35	2282
2048	0	2559	2070	33	2282
2303	0	2559	2352	32	2281
2559	0	2559	2583	33	2280
2815	0	2559	2836	31	2279
3071	0	2559	3085	31	2279
3327	0	2559	3344	28	2282
3583	0	2559	3587	29	2280
3839	0	2559	3837	27	2279
4095	0	2559	4075	27	2278
0	256	2559	34	284	2279
256	256	2559	285	283	2280
512	256	2559	547	282	2280
768	256	2559	800	281	2278
1024	256	2559	1054	280	2280
1280	256	2559	1305	279	2279
1536	256	2559	1562	278	2279
1792	256	2559	1813	277	2280
2048	256	2559	2066	275	2279
2303	256	2559	2351	274	2279
2559	256	2559	2584	274	2279
2815	256	2559	2835	273	2277
3071	256	2559	3088	272	2278
3327	256	2559	3342	271	2280
3583	256	2559	3590	270	2279
3839	256	2559	3839	262	2278
4095	256	2559	4077	267	2278
0	512	2559	33	523	2278
256	512	2559	287	521	2278
512	512	2559	547	520	2278
768	512	2559	802	519	2279
1024	512	2559	1056	518	2278
1280	512	2559	1305	517	2280
1536	512	2559	1563	517	2278
1792	512	2559	1815	516	2278
2048	512	2559	2069	515	2279
2303	512	2559	2350	513	2277
2559	512	2559	2585	512	2278
2815	512	2559	2835	511	2278
3071	512	2559	3088	510	2276
3327	512	2559	3341	509	2277
3583	512	2559	3589	508	2279
3839	512	2559	3839	507	2278
4095	512	2559	4079	506	2277
0	768	2559	32	764	2279
256	768	2559	286	763	2277
512	768	2559	547	762	2277
768	768	2559	799	760	2276
1024	768	2559	1054	759	2278
1280	768	2559	1303	758	2277
1536	768	2559	1563	757	2279
1792	768	2559	1812	756	2278
2048	768	2559	2066	756	2278
2303	768	2559	2351	755	2276
2559	768	2559	2583	755	2275
2815	768	2559	2836	753	2277
3071	768	2559	3087	752	2276
3327	768	2559	3342	749	2275
3583	768	2559	3587	749	2276
3839	768	2559	3839	748	2276
4095	768	2559	4079	747	2275
0	1024	2559	32	1004	2278
256	1024	2559	285	1003	2277
512	1024	2559	546	1001	2277
768	1024	2559	799	1000	2276
1024	1024	2559	1054	1000	2276
1280	1024	2559	1304	998	2275
1536	1024	2559	1561	998	2277
1792	1024	2559	1812	995	2276
2048	1024	2559	2066	995	2276
2303	1024	2559	2351	994	2277
2559	1024	2559	2584	994	2276
2815	1024	2559	2835	992	2277
3071	1024	2559	3087	991	2277
3327	1024	2559	3340	990	2276
3583	1024	2559	3588	990	2274
3839	1024	2559	3839	988	2275
4095	1024	2559	4077	986	2276
0	1280	2559	31	1237	2278
256	1280	2559	285	1234	2278
512	1280	2559	545	1234	2275
768	1280	2559	800	1233	2276
1024	1280	2559	1053	1231	2276
1280	1280	2559	1305	1231	2276
1536	1280	2559	1562	1230	2276
1792	1280	2559	1812	1230	2276
2048	1280	2559	2066	1229	2276
2303	1280	2559	2350	1228	2276
2559	1280	2559	2584	1227	2276
2815	1280	2559	2834	1225	2276
3071	1280	2559	3086	1224	2275
3327	1280	2559	3341	1224	2276
3583	1280	2559	3586	1222	2274
3839	1280	2559	3838	1221	2275
4095	1280	2559	4078	1220	2275
0	1536	2559	31	1482	2276
256	1536	2559	283	1481	2276
512	1536	2559	545	1480	2276
768	1536	2559	798	1479	2275
1024	1536	2559	1053	1477	2275
1280	1536	2559	1302	1476	2277
1536	1536	2559	1561	1476	2275
1792	1536	2559	1812	1474	2276
2048	1536	2559	2065	1474	2276
2303	1536	2559	2350	1472	2276
2559	1536	2559	2582	1472	2276
2815	1536	2559	2834	1470	2276
3071	1536	2559	3085	1470	2274
3327	1536	2559	3340	1468	2274
3583	1536	2559	3586	1466	2275
3839	1536	2559	3837	1465	2273
4095	1536	2559	4077	1464	2274
0	1792	2559	30	1724	2276
256	1792	2559	283	1723	2276
512	1792	2559	544	1721	2276
768	1792	2559	798	1721	2276
1024	1792	2559	1052	1719	2276
1280	1792	2559	1302	1718	2276
1536	1792	2559	1560	1718	2276
1792	1792	2559	1811	1716	2275
2048	1792	2559	2064	1716	2275
2303	1792	2559	2348	1714	2275
2559	1792	2559	2581	1714	2274
2815	1792	2559	2833	1712	2275
3071	1792	2559	3085	1712	2275
3327	1792	2559	3340	1710	2274
3583	1792	2559	3585	1709	2274
3839	1792	2559	3838	1708	2274
4095	1792	2559	4076	1707	2272
0	2048	2559	29	1962	2276
256	2048	2559	282	1960	2274
512	2048	2559	543	1959	2274
768	2048	2559	796	1958	2275
1024	2048	2559	1052	1957	2273
1280	2048	2559	1302	1956	2274
1536	2048	2559	1560	1956	2276
1792	2048	2559	1810	1955	2275
2048	2048	2559	2063	1954	2274
2303	2048	2559	2347	1953	2274
2559	2048	2559	2580	1952	2273
2815	2048	2559	2833	1949	2273
3071	2048	2559	3084	1949	2274
3327	2048	2559	3340	1947	2275
3583	2048	2559	3584	1946	2273
3839	2048	2559	3836	1945	2273
4095	2048	2559	4075	1944	2274
0	2303	2559	29	2213	2274
256	2303	2559	282	2211	2274
512	2303	2559	543	2211	2273
768	2303	2559	796	2209	2273
1024	2303	2559	1051	2209	2274
1280	2303	2559	1303	2207	2274
1536	2303	2559	1559	2206	2274
1792	2303	2559	1810	2205	2274
2048	2303	2559	2062	2204	2273
2303	2303	2559	2347	2203	2273
2559	2303	2559	2580	2202	2273
2815	2303	2559	2833	2200	2272
3071	2303	2559	3085	2199	2272
3327	2303	2559	3340	2198	2272
3583	2303	2559	3586	2196	2271
3839	2303	2559	3836	2194	2271
4095	2303	2559	4076	2193	2271
0	2559	2559	28	2457	2272
256	2559	2559	283	2455	2272
512	2559	2559	543	2454	2272
768	2559	2559	796	2453	2271
1024	2559	2559	1050	2452	2272
1280	2559	2559	1301	2451	2272
1536	2559	2559	1559	2451	2272
1792	2559	2559	1809	2450	2272
2048	2559	2559	2062	2448	2272
2303	2559	2559	2346	2447	2271
2559	2559	2559	2580	2446	2271
2815	2559	2559	2832	2445	2272
3071	2559	2559	3084	2444	2271
3327	2559	2559	3340	2443	2272
3583	2559	2559	3587	2442	2272
3839	2559	2559	3837	2441	2271
4095	2559	2559	4076	2439	2271
0	2815	2559	27	2692	2272
256	2815	2559	281	2690	2272
512	2815	2559	543	2687	2272
768	2815	2559	794	2687	2273
1024	2815	2559	1050	2685	2271
1280	2815	2559	1299	2684	2273
1536	2815	2559	1558	2685	2273
1792	2815	2559	1809	2684	2272
2048	2815	2559	2061	2683	2272
2303	2815	2559	2347	2681	2271
2559	2815	2559	2578	2680	2271
2815	2815	2559	2832	2679	2271
3071	2815	2559	3083	2677	2271
3327	2815	2559	3338	2676	2270
3583	2815	2559	3586	2675	2270
3839	2815	2559	3835	2673	2270
4095	2815	2559	4076	2671	2269
0	3071	2559	27	2929	2271
256	3071	2559	279	2927	2271
512	3071	2559	541	2926	2271
768	3071	2559	794	2926	2271
1024	3071	2559	1048	2924	2270
1280	3071	2559	1299	2922	2271
1536	3071	2559	1555	2922	2273
1792	3071	2559	1808	2921	2272
2048	3071	2559	2061	2920	2272
2303	3071	2559	2346	2918	2272
2559	3071	2559	2579	2917	2271
2815	3071	2559	2830	2916	2271
3071	3071	2559	3083	2915	2272
3327	3071	2559	3337	2914	2272
3583	3071	2559	3585	2913	2271
3839	3071	2559	3836	2910	2270
4095	3071	2559	4075	2908	2270
0	3327	2559	26	3166	2271
256	3327	2559	279	3164	2271
512	3327	2559	540	3163	2271
768	3327	2559	793	3162	2270
1024	3327	2559	1048	3161	2271
1280	3327	2559	1298	3159	2270
1536	3327	2559	1555	3158	2271
1792	3327	2559	1807	3158	2271
2048	3327	2559	2059	3157	2270
2303	3327	2559	2345	3154	2270
2559	3327	2559	2579	3154	2271
2815	3327	2559	2830	3153	2270
3071	3327	2559	3082	3151	2271
3327	3327	2559	3337	3151	2271
3583	3327	2559	3583	3149	2270
3839	3327	2559	3835	3147	2270
4095	3327	2559	4074	3145	2269
0	3583	2559	26	3403	2269
256	3583	2559	279	3399	2270
512	3583	2559	540	3399	2271
768	3583	2559	793	3397	2270
1024	3583	2559	1048	3396	2270
1280	3583	2559	1297	3394	2270
1536	3583	2559	1556	3394	2269
1792	3583	2559	1807	3393	2269
2048	3583	2559	2058	3392	2269
2303	3583	2559	2345	3390	2269
2559	3583	2559	2579	3389	2270
2815	3583	2559	2830	3388	2269
3071	3583	2559	3081	3386	2269
3327	3583	2559	3337	3385	2271
3583	3583	2559	3585	3383	2270
3839	3583	2559	3834	3381	2268
4095	3583	2559	4073	3379	2267
0	3839	2559	25	3645	2268
256	3839	2559	277	3642	2268
512	3839	2559	538	3640	2269
768	3839	2559	793	3638	2270
1024	3839	2559	1046	3638	2268
1280	3839	2559	1296	3637	2270
1536	3839	2559	1554	3635	2270
1792	3839	2559	1805	3634	2268
2048	3839	2559	2060	3633	2268
2303	3839	2559	2343	3632	2269
2559	3839	2559	2578	3631	2269
2815	3839	2559	2828	3629	2269
3071	3839	2559	3080	3628	2268
3327	3839	2559	3335	3626	2267
3583	3839	2559	3582	3625	2267
3839	3839	2559	3834	3622	2268
4095	3839	2559	4072	3619	2266
0	4095	2559	23	3880	2267
256	4095	2559	269	3878	2266
512	4095	2559	536	3876	2267
768	4095	2559	790	3875	2268
1024	4095	2559	1045	3874	2267
1280	4095	2559	1294	3873	2266
1536	4095	2559	1553	3871	2268
1792	4095	2559	1802	3871	2267
2048	4095	2559	2058	3869	2267
2303	4095	2559	2342	3868	2268
2559	4095	2559	2577	3866	2268
2815	4095	2559	2828	3864	2267
3071	4095	2559	3080	3862	2267
3327	4095	2559	3335	3861	2268
3583	4095	2559	3583	3860	2266
3839	4095	2559	3832	3858	2266
4095	4095	2559	4073	3855	2266
0	0	2815	38	45	2517
256	0	2815	289	44	2519
512	0	2815	551	43	2517
768	0	2815	804	42	2517
1024	0	2815	1059	41	2518
1280	0	2815	1310	40	2519
1536	0	2815	1567	39	2518
1792	0	2815	1818	38	2517
2048	0	2815	2070	38	2518
2303	0	2815	2354	37	2517
2559	0	2815	2586	36	2517
2815	0	2815	2838	35	2517
3071	0	2815	3090	34	2516
3327	0	2815	3345	33	2516
3583	0	2815	3592	32	2517
3839	0	2815	3841	31	2517
4095	0	2815	4079	31	2515
0	256	2815	37	287	2517
256	256	2815	289	286	2515
512	256	2815	549	285	2516
768	256	2815	803	285	2516
1024	256	2815	1057	283	2517
1280	256	2815	1309	282	2516
1536	256	2815	1565	281	2515
1792	256	2815	1816	280	2517
2048	256	2815	2071	279	2517
2303	256	2815	2353	278	2515
2559	256	2815	2585	278	2515
2815	256	2815	2837	277	2515
3071	256	2815	3091	276	2515
3327	256	2815	3345	275	2515
3583	256	2815	3591	274	2515
3839	256	2815	3843	265	2515
4095	256	2815	4080	271	2514
0	512	2815	36	525	2515
256	512	2815	289	524	2514
512	512	2815	550	523	2515
768	512	2815	804	523	2516
1024	512	2815	1059	522	2515
1280	512	2815	1309	521	2517
1536	512	2815	1567	520	2516
1792	512	2815	1817	519	2516
2048	512	2815	2071	518	2515
2303	512	2815	2355	516	2515
2559	512	2815	2587	516	2514
2815	512	2815	2839	515	2514
3071	512	2815	3092	513	2514
3327	512	2815	3345	513	2514
3583	512	2815	3592	513	2514
3839	512	2815	3841	511	2514
4095	512	2815	4081	510	2514
0	768	2815	36	768	2515
256	768	2815	288	767	2513
512	768	2815	550	766	2513
768	768	2815	804	764	2514
1024	768	2815	1058	763	2515
1280	768	2815	1308	762	2514
1536	768	2815	1565	762	2516
1792	768	2815	1818	761	2515
2048	768	2815	2070	760	2515
2303	768	2815	2355	759	2514
2559	768	2815	2588	759	2514
2815	768	2815	2839	757	2513
3071	768	2815	3091	755	2514
3327	768	2815	3346	754	2514
3583	768	2815	3592	754	2512
3839	768	2815	3841	753	2513
4095	768	2815	4081	751	2513
0	1024	2815	35	1008	2515
256	1024	2815	288	1007	2515
512	1024	2815	549	1005	2514
768	1024	2815	803	1004	2514
1024	1024	2815	1056	1003	2514
1280	1024	2815	1307	1003	2514
1536	1024	2815	1566	1001	2514
1792	1024	2815	1815	1000	2515
2048	1024	2815	2069	999	2513
2303	1024	2815	2355	998	2514
2559	1024	2815	2587	999	2515
2815	1024	2815	2840	996	2515
3071	1024	2815	3089	995	2514
3327	1024	2815	3346	994	2514
3583	1024	2815	3590	994	2514
3839	1024	2815	3841	992	2513
4095	1024	2815	4080	990	2513
0	1280	2815	35	1239	2514
256	1280	2815	288	1239	2514
512	1280	2815	549	1238	2513
768	1280	2815	801	1236	2513
1024	1280	2815	1056	1236	2514
1280	1280	2815	1307	1235	2514
1536	1280	2815	1565	1234	2513
1792	1280	2815	1816	1234	2513
2048	1280	2815	2069	1233	2513
2303	1280	2815	2355	1231	2514
2559	1280	2815	2587	1230	2513
2815	1280	2815	2839	1230	2514
3071	1280	2815	3090	1228	2513
3327	1280	2815	3346	1227	2512
3583	1280	2815	3593	1226	2513
3839	1280	2815	3842	1225	2511
4095	1280	2815	4081	1224	2511
0	1536	2815	34	1486	2513
256	1536	2815	287	1485	2513
512	1536	2815	548	1484	2512
768	1536	2815	801	1481	2512
1024	1536	2815	1055	1482	2512
1280	1536	2815	1307	1480	2513
1536	1536	2815	1564	1480	2513
1792	1536	2815	1815	1479	2513
2048	1536	2815	2069	1478	2513
2303	1536	2815	2352	1477	2514
2559	1536	2815	2585	1476	2512
2815	1536	2815	2838	1475	2512
3071	1536	2815	3090	1474	2512
3327	1536	2815	3344	1472	2512
3583	1536	2815	3591	1471	2512
3839	1536	2815	3842	1470	2512
4095	1536	2815	4081	1468	2511
0	1792	2815	33	1728	2513
256	1792	2815	285	1727	2513
512	1792	2815	547	1726	2512
768	1792	2815	801	1724	2512
1024	1792	2815	1055	1724	2513
1280	1792	2815	1305	1723	2512
1536	1792	2815	1563	1722	2512
1792	1792	2815	1814	1720	2512
2048	1792	2815	2067	1719	2511
2303	1792	2815	2351	1718	2511
2559	1792	2815	2584	1718	2511
2815	1792	2815	2837	1716	2511
3071	1792	2815	3088	1715	2512
3327	1792	2815	3343	1714	2512
3583	1792	2815	3590	1713	2511
3839	1792	2815	3840	1712	2510
4095	1792	2815	4080	1710	2511
0	2048	2815	33	1965	2512
256	2048	2815	285	1964	2512
512	2048	2815	546	1963	2511
768	2048	2815	799	1961	2511
1024	2048	2815	1054	1961	2512
1280	2048	2815	1306	1960	2511
1536	2048	2815	1562	1960	2511
1792	2048	2815	1813	1959	2511
2048	2048	2815	2067	1958	2510
2303	2048	2815	2352	1957	2510
2559	2048	2815	2585	1956	2510
2815	2048	2815	2835	1954	2511
3071	2048	2815	3088	1953	2510
3327	2048	2815	3342	1951	2510
3583	2048	2815	3590	1950	2510
3839	2048	2815	3839	1949	2509
4095	2048	2815	4079	1949	2509
0	2303	2815	32	2218	2511
256	2303	2815	286	2217	2511
512	2303	2815	547	2216	2510
768	2303	2815	800	2214	2509
1024	2303	2815	1053	2213	2510
1280	2303	2815	1305	2211	2511
1536	2303	2815	1563	2211	2510
1792	2303	2815	1813	2210	2510
2048	2303	2815	2068	2209	2511
2303	2303	2815	2352	2207	2510
2559	2303	2815	2584	2207	2510
2815	2303	2815	2834	2206	2509
3071	2303	2815	3088	2204	2509
3327	2303	2815	3344	2202	2510
3583	2303	2815	3589	2201	2510
3839	2303	2815	3840	2200	2508
4095	2303	2815	4079	2199	2509
0	2559	2815	32	2461	2510
256	2559	2815	285	2460	2509
512	2559	2815	546	2459	2510
768	2559	2815	799	2458	2510
1024	2559	2815	1054	2457	2509
1280	2559	2815	1304	2455	2509
1536	2559	2815	1562	2456	2509
1792	2559	2815	1814	2453	2509
2048	2559	2815	2066	2453	2509
2303	2559	2815	2353	2452	2509
2559	2559	2815	2583	2451	2508
2815	2559	2815	2835	2450	2508
3071	2559	2815	3087	2449	2509
3327	2559	2815	3343	2448	2508
3583	2559	2815	3588	2447	2508
3839	2559	2815	3839	2446	2508
4095	2559	2815	4079	2444	2507
0	2815	2815	31	2696	2509
256	2815	2815	283	2694	2509
512	2815	2815	544	2692	2508
768	2815	2815	799	2691	2509
1024	2815	2815	1053	2690	2509
1280	2815	2815	1303	2689	2508
1536	2815	2815	1560	2689	2509
1792	2815	2815	1813	2687	2509
2048	2815	2815	2066	2687	2508
2303	2815	2815	2351	2686	2508
2559	2815	2815	2583	2685	2509
2815	2815	2815	2835	2682	2508
3071	2815	2815	3086	2682	2508
3327	2815	2815	3341	2680	2508
3583	2815	2815	3587	2680	2507
3839	2815	2815	3839	2678	2507
4095	2815	2815	4077	2676	2506
0	3071	2815	30	2934	2509
256	3071	2815	283	2932	2508
512	3071	2815	544	2930	2507
768	3071	2815	797	2929	2508
1024	3071	2815	1052	2927	2508
1280	3071	2815	1302	2926	2507
1536	3071	2815	1560	2926	2508
1792	3071	2815	1811	2924	2507
2048	3071	2815	2064	2923	2508
2303	3071	2815	2350	2922	2507
2559	3071	2815	2582	2921	2507
2815	3071	2815	2835	2921	2508
3071	3071	2815	3086	2920	2508
3327	3071	2815	3342	2918	2508
3583	3071	2815	3587	2916	2507
3839	3071	2815	3839	2914	2506
4095	3071	2815	4078	2912	2506
0	3327	2815	30	3170	2507
256	3327	2815	282	3168	2507
512	3327	2815	543	3167	2508
768	3327	2815	796	3167	2507
1024	3327	2815	1051	3165	2507
1280	3327	2815	1302	3164	2507
1536	3327	2815	1559	3163	2507
1792	3327	2815	1811	3162	2507
2048	3327	2815	2063	3160	2508
2303	3327	2815	2350	3159	2507
2559	3327	2815	2583	3158	2507
2815	3327	2815	2834	3157	2507
3071	3327	2815	3085	3156	2507
3327	3327	2815	3341	3154	2508
3583	3327	2815	3588	3153	2507
3839	3327	2815	3837	3152	2507
4095	3327	2815	4077	3150	2505
0	3583	2815	29	3407	2506
256	3583	2815	282	3404	2505
512	3583	2815	542	3402	2507
768	3583	2815	796	3402	2507
1024	3583	2815	1050	3400	2506
1280	3583	2815	1300	3398	2506
1536	3583	2815	1559	3398	2506
1792	3583	2815	1811	3396	2506
2048	3583	2815	2064	3396	2506
2303	3583	2815	2349	3394	2506
2559	3583	2815	2583	3393	2505
2815	3583	2815	2832	3390	2504
3071	3583	2815	3084	3390	2505
3327	3583	2815	3341	3388	2506
3583	3583	2815	3588	3387	2506
3839	3583	2815	3838	3386	2506
4095	3583	2815	4076	3384	2504
0	3839	2815	28	3649	2505
256	3839	2815	279	3646	2505
512	3839	2815	542	3644	2504
768	3839	2815	796	3643	2505
1024	3839	2815	1049	3642	2506
1280	3839	2815	1299	3640	2505
1536	3839	2815	1557	3639	2505
1792	3839	2815	1809	3638	2505
2048	3839	2815	2062	3637	2504
2303	3839	2815	2346	3636	2504
2559	3839	2815	2581	3634	2505
2815	3839	2815	2831	3633	2503
3071	3839	2815	3084	3632	2503
3327	3839	2815	3339	3630	2504
3583	3839	2815	3586	3628	2504
3839	3839	2815	3836	3626	2504
4095	3839	2815	4075	3624	2504
0	4095	2815	27	3885	2504
256	4095	2815	273	3882	2504
512	4095	2815	539	3880	2503
768	4095	2815	794	3878	2504
1024	4095	2815	1046	3878	2503
1280	4095	2815	1298	3876	2503
1536	4095	2815	1554	3876	2504
1792	4095	2815	1807	3874	2503
2048	4095	2815	2060	3872	2503
2303	4095	2815	2344	3871	2502
2559	4095	2815	2580	3870	2503
2815	4095	2815	2830	3868	2503
3071	4095	2815	3082	3867	2503
3327	4095	2815	3336	3866	2503
3583	4095	2815	3584	3864	2503
3839	4095	2815	3835	3862	2502
4095	4095	2815	4074	3859	2502
0	0	3071	41	49	2746
256	0	3071	292	49	2746
512	0	3071	553	47	2746
768	0	3071	808	46	2745
1024	0	3071	1060	46	2747
1280	0	3071	1312	44	2748
1536	0	3071	1571	43	2745
1792	0	3071	1820	43	2746
2048	0	3071	2075	42	2746
2303	0	3071	2357	41	2746
2559	0	3071	2590	41	2746
2815	0	3071	2841	39	2746
3071	0	3071	3093	38	2746
3327	0	3071	3347	37	2745
3583	0	3071	3596	36	2746
3839	0	3071	3844	35	2746
4095	0	3071	4082	35	2745
0	256	3071	40	291	2746
256	256	3071	291	290	2744
512	256	3071	552	290	2744
768	256	3071	806	289	2745
1024	256	3071	1061	288	2745
1280	256	3071	1312	286	2744
1536	256	3071	1569	285	2745
1792	256	3071	1820	284	2745
2048	256	3071	2075	283	2745
2303	256	3071	2359	282	2745
2559	256	3071	2590	282	2744
2815	256	3071	2843	281	2744
3071	256	3071	3094	280	2744
3327	256	3071	3350	278	2744
3583	256	3071	3596	277	2744
3839	256	3071	3845	269	2743
4095	256	3071	4084	275	2744
0	512	3071	40	530	2743
256	512	3071	292	529	2744
512	512	3071	553	528	2743
768	512	3071	807	527	2743
1024	512	3071	1061	526	2743
1280	512	3071	1312	524	2742
1536	512	3071	1568	524	2744
1792	512	3071	1820	523	2743
2048	512	3071	2074	521	2743
2303	512	3071	2357	520	2743
2559	512	3071	2591	519	2744
2815	512	3071	2843	519	2744
3071	512	3071	3095	518	2744
3327	512	3071	3349	517	2743
3583	512	3071	3598	516	2743
3839	512	3071	3845	515	2743
4095	512	3071	4085	514	2742
0	768	3071	39	771	2743
256	768	3071	292	770	2742
512	768	3071	552	769	2742
768	768	3071	807	768	2742
1024	768	3071	1062	768	2742
1280	768	3071	1311	767	2742
1536	768	3071	1569	766	2742
1792	768	3071	1820	766	2743
2048	768	3071	2075	764	2742
2303	768	3071	2356	763	2742
2559	768	3071	2590	763	2742
2815	768	3071	2842	761	2743
3071	768	3071	3095	759	2742
3327	768	3071	3349	758	2743
3583	768	3071	3595	758	2742
3839	768	3071	3845	757	2742
4095	768	3071	4084	755	2741
0	1024	3071	39	1012	2742
256	1024	3071	291	1010	2742
512	1024	3071	552	1009	2742
768	1024	3071	805	1009	2742
1024	1024	3071	1060	1007	2743
1280	1024	3071	1310	1006	2742
1536	1024	3071	1568	1005	2743
1792	1024	3071	1820	1004	2742
2048	1024	3071	2073	1004	2742
2303	1024	3071	2358	1002	2742
2559	1024	3071	2590	1002	2742
2815	1024	3071	2842	1001	2742
3071	1024	3071	3093	1000	2742
3327	1024	3071	3350	998	2742
3583	1024	3071	3596	996	2741
3839	1024	3071	3844	996	2742
4095	1024	3071	4084	995	2740
0	1280	3071	38	1244	2742
256	1280	3071	292	1243	2741
512	1280	3071	552	1241	2741
768	1280	3071	806	1241	2742
1024	1280	3071	1059	1240	2741
1280	1280	3071	1310	1239	2741
1536	1280	3071	1567	1238	2742
1792	1280	3071	1819	1238	2741
2048	1280	3071	2074	1237	2742
2303	1280	3071	2358	1235	2743
2559	1280	3071	2591	1234	2742
2815	1280	3071	2842	1234	2741
3071	1280	3071	3094	1232	2741
3327	1280	3071	3350	1230	2740
3583	1280	3071	3595	1230	2741
3839	1280	3071	3845	1229	2741
4095	1280	3071	4084	1228	2740
0	1536	3071	37	1491	2741
256	1536	3071	290	1489	2741
512	1536	3071	552	1486	2740
768	1536	3071	804	1486	2741
1024	1536	3071	1059	1486	2741
1280	1536	3071	1309	1485	2741
1536	1536	3071	1567	1484	2741
1792	1536	3071	1818	1483	2742
2048	1536	3071	2073	1483	2742
2303	1536	3071	2356	1482	2742
2559	1536	3071	2590	1480	2741
2815	1536	3071	2842	1478	2740
3071	1536	3071	3092	1477	2740
3327	1536	3071	3348	1476	2740
3583	1536	3071	3594	1476	2740
3839	1536	3071	3844	1474	2739
4095	1536	3071	4083	1472	2739
0	1792	3071	37	1732	2740
256	1792	3071	288	1731	2740
512	1792	3071	550	1730	2740
768	1792	3071	804	1729	2740
1024	1792	3071	1057	1728	2740
1280	1792	3071	1309	1727	2741
1536	1792	3071	1566	1726	2741
1792	1792	3071	1817	1725	2741
2048	1792	3071	2072	1724	2741
2303	1792	3071	2354	1723	2740
2559	1792	3071	2588	1722	2740
2815	1792	3071	2840	1721	2740
3071	1792	3071	3092	1721	2739
3327	1792	3071	3346	1719	2739
3583	1792	3071	3594	1718	2740
3839	1792	3071	3844	1716	2739
4095	1792	3071	4083	1715	2739
0	2048	3071	36	1969	2739
256	2048	3071	288	1968	2739
512	2048	3071	549	1967	2740
768	2048	3071	803	1966	2739
1024	2048	3071	1056	1966	2739
1280	2048	3071	1308	1966	2740
1536	2048	3071	1566	1964	2741
1792	2048	3071	1816	1964	2740
2048	2048	3071	2072	1963	2740
2303	2048	3071	2354	1961	2740
2559	2048	3071	2587	1960	2739
2815	2048	3071	2840	1959	2739
3071	2048	3071	3092	1958	2739
3327	2048	3071	3346	1957	2739
3583	2048	3071	3592	1955	2739
3839	2048	3071	3843	1954	2739
4095	2048	3071	4082	1953	2738
0	2303	3071	36	2223	2739
256	2303	3071	288	2221	2738
512	2303	3071	550	2220	2738
768	2303	3071	803	2218	2738
1024	2303	3071	1057	2218	2738
1280	2303	3071	1308	2217	2739
1536	2303	3071	1566	2216	2740
1792	2303	3071	1817	2215	2738
2048	2303	3071	2072	2214	2739
2303	2303	3071	2356	2213	2739
2559	2303	3071	2587	2212	2738
2815	2303	3071	2840	2211	2738
3071	2303	3071	3092	2209	2739
3327	2303	3071	3346	2207	2738
3583	2303	3071	3593	2206	2738
3839	2303	3071	3842	2205	2737
4095	2303	3071	4082	2204	2737
0	2559	3071	35	2466	2738
256	2559	3071	288	2464	2738
512	2559	3071	549	2463	2737
768	2559	3071	803	2463	2738
1024	2559	3071	1056	2461	2738
1280	2559	3071	1309	2461	2738
1536	2559	3071	1565	2459	2738
1792	2559	3071	1817	2458	2738
2048	2559	3071	2072	2457	2738
2303	2559	3071	2355	2456	2738
2559	2559	3071	2588	2455	2738
2815	2559	3071	2839	2454	2737
3071	2559	3071	3091	2453	2738
3327	2559	3071	3346	2452	2738
3583	2559	3071	3592	2451	2737
3839	2559	3071	3843	2450	2737
4095	2559	3071	4081	2448	2736
0	2815	3071	34	2700	2737
256	2815	3071	286	2698	2737
512	2815	3071	547	2697	2737
768	2815	3071	801	2696	2737
1024	2815	3071	1055	2695	2737
1280	2815	3071	1307	2694	2738
1536	2815	3071	1564	2693	2737
1792	2815	3071	1816	2693	2737
2048	2815	3071	2070	2691	2737
2303	2815	3071	2354	2689	2736
2559	2815	3071	2586	2688	2737
2815	2815	3071	2839	2686	2736
3071	2815	3071	3089	2686	2736
3327	2815	3071	3345	2685	2736
3583	2815	3071	3590	2684	2736
3839	2815	3071	3842	2682	2735
4095	2815	3071	4080	2681	2735
0	3071	3071	34	2938	2736
256	3071	3071	285	2936	2736
512	3071	3071	547	2935	2737
768	3071	3071	799	2933	2735
1024	3071	3071	1054	2932	2736
1280	3071	3071	1305	2931	2736
1536	3071	3071	1563	2930	2737
1792	3071	3071	1815	2929	2736
2048	3071	3071	2068	2928	2735
2303	3071	3071	2353	2927	2737
2559	3071	3071	2585	2926	2736
2815	3071	3071	2838	2924	2736
3071	3071	3071	3089	2924	2737
3327	3071	3071	3344	2922	2736
3583	3071	3071	3591	2921	2736
3839	3071	3071	3841	2919	2736
4095	3071	3071	4080	2917	2735
0	3327	3071	33	3174	2736
256	3327	3071	285	3172	2735
512	3327	3071	545	3171	2735
768	3327	3071	799	3170	2735
1024	3327	3071	1053	3169	2735
1280	3327	3071	1304	3168	2736
1536	3327	3071	1563	3168	2736
1792	3327	3071	1814	3165	2735
2048	3327	3071	2068	3164	2735
2303	3327	3071	2351	3163	2736
2559	3327	3071	2585	3162	2735
2815	3327	3071	2837	3161	2735
3071	3327	3071	3088	3160	2735
3327	3327	3071	3344	3158	2736
3583	3327	3071	3590	3158	2735
3839	3327	3071	3841	3155	2735
4095	3327	3071	4080	3152	2734
0	3583	3071	32	3410	2734
256	3583	3071	284	3407	2734
512	3583	3071	545	3406	2733
768	3583	3071	799	3405	2734
1024	3583	3071	1053	3404	2734
1280	3583	3071	1303	3402	2733
1536	3583	3071	1563	3402	2734
1792	3583	3071	1815	3401	2735
2048	3583	3071	2068	3400	2734
2303	3583	3071	2352	3399	2735
2559	3583	3071	2585	3397	2735
2815	3583	3071	2836	3395	2734
3071	3583	3071	3088	3394	2733
3327	3583	3071	3343	3392	2734
3583	3583	3071	3590	3391	2733
3839	3583	3071	3840	3390	2734
4095	3583	3071	4079	3388	2733
0	3839	3071	32	3652	2733
256	3839	3071	282	3650	2733
512	3839	3071	544	3649	2733
768	3839	3071	798	3647	2732
1024	3839	3071	1050	3645	2732
1280	3839	3071	1302	3643	2733
1536	3839	3071	1561	3643	2733
1792	3839	3071	1813	3642	2733
2048	3839	3071	2065	3641	2734
2303	3839	3071	2351	3641	2733
2559	3839	3071	2586	3639	2733
2815	3839	3071	2834	3638	2733
3071	3839	3071	3087	3636	2731
3327	3839	3071	3341	3633	2732
3583	3839	3071	3589	3633	2733
3839	3839	3071	3839	3631	2732
4095	3839	3071	4079	3628	2732
0	4095	3071	30	3890	2732
256	4095	3071	276	3886	2732
512	4095	3071	541	3885	2732
768	4095	3071	795	3883	2731
1024	4095	3071	1050	3882	2731
1280	4095	3071	1301	3881	2731
1536	4095	3071	1559	3880	2732
1792	4095	3071	1810	3877	2732
2048	4095	3071	2064	3877	2733
2303	4095	3071	2349	3876	2733
2559	4095	3071	2584	3875	2732
2815	4095	3071	2833	3873	2731
3071	4095	3071	3086	3871	2731
3327	4095	3071	3342	3869	2731
3583	4095	3071	3588	3868	2731
3839	4095	3071	3839	3866	2730
4095	4095	3071	4078	3863	2731
0	0	3327	43	53	2977
256	0	3327	295	52	2976
512	0	3327	557	51	2977
768	0	3327	810	50	2977
1024	0	3327	1065	49	2977
1280	0	3327	1315	48	2977
1536	0	3327	1573	48	2977
1792	0	3327	1825	47	2977
2048	0	3327	2080	46	2977
2303	0	3327	2361	45	2977
2559	0	3327	2594	43	2977
2815	0	3327	2846	43	2976
3071	0	3327	3096	42	2976
3327	0	3327	3352	41	2977
3583	0	3327	3600	40	2976
3839	0	3327	3848	38	2976
4095	0	3327	4088	39	2976
0	256	3327	44	295	2976
256	256	3327	294	294	2975
512	256	3327	556	293	2974
768	256	3327	810	292	2975
1024	256	3327	1064	290	2976
1280	256	3327	1316	290	2974
1536	256	3327	1573	289	2975
1792	256	3327	1824	288	2976
2048	256	3327	2079	287	2974
2303	256	3327	2361	286	2976
2559	256	3327	2594	286	2975
2815	256	3327	2846	285	2974
3071	256	3327	3097	284	2974
3327	256	3327	3351	282	2974
3583	256	3327	3599	281	2974
3839	256	3327	3849	273	2973
4095	256	3327	4089	279	2974
0	512	3327	43	533	2973
256	512	3327	296	533	2974
512	512	3327	556	532	2974
768	512	3327	810	530	2973
1024	512	3327	1065	530	2973
1280	512	3327	1314	529	2974
1536	512	3327	1573	528	2974
1792	512	3327	1824	526	2974
2048	512	3327	2078	525	2975
2303	512	3327	2362	524	2974
2559	512	3327	2595	523	2974
2815	512	3327	2847	523	2974
3071	512	3327	3099	521	2973
3327	512	3327	3354	521	2973
3583	512	3327	3599	520	2973
3839	512	3327	3849	519	2972
4095	512	3327	4089	517	2972
0	768	3327	43	775	2974
256	768	3327	295	773	2972
512	768	3327	556	772	2973
768	768	3327	809	771	2973
1024	768	3327	1064	771	2973
1280	768	3327	1315	769	2972
1536	768	3327	1571	769	2973
1792	768	3327	1824	768	2973
2048	768	3327	2078	767	2973
2303	768	3327	2362	767	2974
2559	768	3327	2593	765	2973
2815	768	3327	2846	764	2973
3071	768	3327	3099	763	2973
3327	768	3327	3353	763	2972
3583	768	3327	3600	761	2972
3839	768	3327	3849	760	2972
4095	768	3327	4089	759	2971
0	1024	3327	42	1016	2973
256	1024	3327	294	1014	2972
512	1024	3327	555	1013	2972
768	1024	3327	809	1012	2972
1024	1024	3327	1063	1011	2972
1280	1024	3327	1314	1009	2972
1536	1024	3327	1572	1009	2973
1792	1024	3327	1823	1008	2973
2048	1024	3327	2078	1007	2972
2303	1024	3327	2361	1006	2973
2559	1024	3327	2594	1006	2973
2815	1024	3327	2845	1005	2972
3071	1024	3327	3098	1003	2973
3327	1024	3327	3354	1001	2973
3583	1024	3327	3600	1000	2972
3839	1024	3327	3848	1000	2972
4095	1024	3327	4087	999	2971
0	1280	3327	41	1249	2972
256	1280	3327	294	1256	2972
512	1280	3327	556	1245	2971
768	1280	3327	809	1244	2972
1024	1280	3327	1063	1244	2973
1280	1280	3327	1314	1243	2971
1536	1280	3327	1571	1242	2972
1792	1280	3327	1822	1241	2972
2048	1280	3327	2078	1240	2972
2303	1280	3327	2360	1239	2972
2559	1280	3327	2594	1238	2972
2815	1280	3327	2846	1237	2971
3071	1280	3327	3098	1235	2971
3327	1280	3327	3353	1235	2972
3583	1280	3327	3599	1235	2972
3839	1280	3327	3848	1233	2971
4095	1280	3327	4087	1232	2970
0	1536	3327	41	1495	2971
256	1536	3327	292	1494	2971
512	1536	3327	554	1491	2971
768	1536	3327	808	1490	2970
1024	1536	3327	1061	1489	2971
1280	1536	3327	1313	1489	2972
1536	1536	3327	1570	1488	2971
1792	1536	3327	1822	1487	2971
2048	1536	3327	2077	1486	2972
2303	1536	3327	2359	1485	2971
2559	1536	3327	2594	1483	2971
2815	1536	3327	2844	1482	2971
3071	1536	3327	3097	1480	2970
3327	1536	3327	3351	1480	2970
3583	1536	3327	3598	1480	2970
3839	1536	3327	3847	1478	2969
4095	1536	3327	4086	1477	2969
0	1792	3327	40	1736	2971
256	1792	3327	292	1735	2970
512	1792	3327	552	1734	2970
768	1792	3327	806	1733	2971
1024	1792	3327	1061	1731	2970
1280	1792	3327	1311	1730	2971
1536	1792	3327	1569	1730	2971
1792	1792	3327	1821	1729	2971
2048	1792	3327	2077	1728	2971
2303	1792	3327	2358	1727	2971
2559	1792	3327	2592	1727	2970
2815	1792	3327	2844	1725	2970
3071	1792	3327	3095	1724	2970
3327	1792	3327	3351	1723	2969
3583	1792	3327	3596	1721	2970
3839	1792	3327	3848	1720	2970
4095	1792	3327	4085	1719	2969
0	2048	3327	40	1973	2971
256	2048	3327	291	1972	2969
512	2048	3327	552	1971	2970
768	2048	3327	806	1970	2970
1024	2048	3327	1060	1969	2970
1280	2048	3327	1310	1969	2970
1536	2048	3327	1568	1968	2970
1792	2048	3327	1821	1967	2971
2048	2048	3327	2076	1965	2970
2303	2048	3327	2358	1965	2970
2559	2048	3327	2590	1964	2970
2815	2048	3327	2843	1963	2970
3071	2048	3327	3096	1962	2970
3327	2048	3327	3349	1960	2969
3583	2048	3327	3596	1959	2968
3839	2048	3327	3846	1958	2968
4095	2048	3327	4086	1957	2969
0	2303	3327	39	2227	2969
256	2303	3327	292	2226	2969
512	2303	3327	552	2223	2968
768	2303	3327	807	2222	2968
1024	2303	3327	1060	2221	2969
1280	2303	3327	1312	2221	2969
1536	2303	3327	1569	2220	2969
1792	2303	3327	1820	2219	2970
2048	2303	3327	2076	2218	2968
2303	2303	3327	2358	2217	2968
2559	2303	3327	2592	2216	2969
2815	2303	3327	2843	2214	2969
3071	2303	3327	3096	2212	2968
3327	2303	3327	3350	2211	2969
3583	2303	3327	3597	2210	2968
3839	2303	3327	3846	2209	2967
4095	2303	3327	4086	2208	2967
0	2559	3327	38	2470	2968
256	2559	3327	291	2468	2968
512	2559	3327	553	2467	2968
768	2559	3327	805	2466	2967
1024	2559	3327	1060	2465	2968
1280	2559	3327	1311	2464	2969
1536	2559	3327	1569	2463	2968
1792	2559	3327	1820	2462	2968
2048	2559	3327	2075	2461	2969
2303	2559	3327	2358	2460	2968
2559	2559	3327	2591	2459	2968
2815	2559	3327	2842	2458	2968
3071	2559	3327	3094	2456	2967
3327	2559	3327	3351	2456	2968
3583	2559	3327	3596	2455	2967
3839	2559	3327	3846	2453	2967
4095	2559	3327	4085	2452	2967
0	2815	3327	38	2704	2968
256	2815	3327	289	2702	2967
512	2815	3327	551	2701	2967
768	2815	3327	803	2700	2967
1024	2815	3327	1058	2698	2966
1280	2815	3327	1310	2698	2967
1536	2815	3327	1567	2697	2968
1792	2815	3327	1819	2697	2967
2048	2815	3327	2073	2695	2967
2303	2815	3327	2357	2693	2967
2559	2815	3327	2589	2692	2966
2815	2815	3327	2840	2691	2966
3071	2815	3327	3093	2690	2966
3327	2815	3327	3349	2689	2966
3583	2815	3327	3595	2687	2967
3839	2815	3327	3845	2686	2967
4095	2815	3327	4083	2685	2965
0	3071	3327	37	2941	2967
256	3071	3327	289	2940	2965
512	3071	3327	549	2938	2966
768	3071	3327	803	2936	2965
1024	3071	3327	1057	2935	2966
1280	3071	3327	1308	2935	2967
1536	3071	3327	1566	2934	2967
1792	3071	3327	1818	2933	2967
2048	3071	3327	2072	2932	2966
2303	3071	3327	2355	2931	2966
2559	3071	3327	2589	2930	2967
2815	3071	3327	2840	2929	2966
3071	3071	3327	3091	2926	2966
3327	3071	3327	3348	2925	2966
3583	3071	3327	3594	2925	2966
3839	3071	3327	3844	2922	2966
4095	3071	3327	4083	2921	2965
0	3327	3327	37	3178	2965
256	3327	3327	288	3176	2965
512	3327	3327	549	3175	2965
768	3327	3327	802	3174	2965
1024	3327	3327	1057	3173	2966
1280	3327	3327	1307	3171	2966
1536	3327	3327	1565	3171	2966
1792	3327	3327	1818	3169	2966
2048	3327	3327	2071	3168	2965
2303	3327	3327	2355	3167	2965
2559	3327	3327	2588	3166	2965
2815	3327	3327	2841	3165	2965
3071	3327	3327	3091	3164	2964
3327	3327	3327	3346	3162	2965
3583	3327	3327	3593	3162	2965
3839	3327	3327	3844	3158	2964
4095	3327	3327	4082	3156	2964
0	3583	3327	36	3414	2963
256	3583	3327	287	3411	2964
512	3583	3327	548	3410	2964
768	3583	3327	802	3409	2964
1024	3583	3327	1056	3408	2964
1280	3583	3327	1308	3407	2965
1536	3583	3327	1565	3406	2964
1792	3583	3327	1817	3405	2965
2048	3583	3327	2072	3404	2965
2303	3583	3327	2355	3402	2964
2559	3583	3327	2589	3401	2964
2815	3583	3327	2840	3400	2964
3071	3583	3327	3092	3398	2963
3327	3583	3327	3347	3396	2963
3583	3583	3327	3593	3395	2963
3839	3583	3327	3844	3393	2962
4095	3583	3327	4082	3391	2963
0	3839	3327	35	3656	2963
256	3839	3327	285	3654	2962
512	3839	3327	547	3652	2963
768	3839	3327	801	3650	2963
1024	3839	3327	1055	3649	2962
1280	3839	3327	1305	3648	2963
1536	3839	3327	1563	3647	2963
1792	3839	3327	1815	3646	2963
2048	3839	3327	2069	3645	2964
2303	3839	3327	2356	3644	2964
2559	3839	3327	2587	3643	2963
2815	3839	3327	2840	3642	2963
3071	3839	3327	3091	3639	2962
3327	3839	3327	3345	3637	2962
3583	3839	3327	3592	3637	2962
3839	3839	3327	3844	3635	2963
4095	3839	3327	4083	3632	2961
0	4095	3327	34	3893	2962
256	4095	3327	279	3890	2961
512	4095	3327	545	3888	2961
768	4095	3327	799	3887	2962
1024	4095	3327	1053	3886	2962
1280	4095	3327	1304	3885	2961
1536	4095	3327	1561	3883	2961
1792	4095	3327	1813	3881	2962
2048	4095	3327	2068	3880	2961
2303	4095	3327	2353	3879	2962
2559	4095	3327	2585	3878	2962
2815	4095	3327	2837	3876	2961
3071	4095	3327	3091	3874	2960
3327	4095	3327	3344	3873	2962
3583	4095	3327	3590	3873	2960
3839	4095	3327	3841	3869	2960
4095	4095	3327	4080	3866	2961
0	0	3583	47	57	3194
256	0	3583	297	56	3194
512	0	3583	559	55	3194
768	0	3583	813	54	3195
1024	0	3583	1066	54	3195
1280	0	3583	1317	53	3194
1536	0	3583	1574	52	3194
1792	0	3583	1826	51	3195
2048	0	3583	2082	51	3195
2303	0	3583	2362	49	3194
2559	0	3583	2596	48	3195
2815	0	3583	2848	47	3194
3071	0	3583	3099	46	3194
3327	0	3583	3354	45	3194
3583	0	3583	3601	45	3194
3839	0	3583	3851	43	3194
4095	0	3583	4089	44	3193
0	256	3583	46	300	3193
256	256	3583	297	298	3192
512	256	3583	557	298	3193
768	256	3583	812	296	3192
1024	256	3583	1066	295	3192
1280	256	3583	1317	294	3193
1536	256	3583	1574	293	3192
1792	256	3583	1824	292	3192
2048	256	3583	2081	292	3192
2303	256	3583	2362	291	3193
2559	256	3583	2596	290	3192
2815	256	3583	2848	289	3192
3071	256	3583	3098	287	3192
3327	256	3583	3353	286	3191
3583	256	3583	3600	286	3192
3839	256	3583	3851	277	3192
4095	256	3583	4090	283	3191
0	512	3583	47	538	3191
256	512	3583	297	537	3192
512	512	3583	558	536	3191
768	512	3583	811	535	3191
1024	512	3583	1066	534	3191
1280	512	3583	1317	533	3192
1536	512	3583	1573	531	3191
1792	512	3583	1825	530	3191
2048	512	3583	2080	530	3192
2303	512	3583	2363	528	3192
2559	512	3583	2596	528	3191
2815	512	3583	2849	527	3191
3071	512	3583	3100	526	3191
3327	512	3583	3355	524	3191
3583	512	3583	3601	524	3191
3839	512	3583	3852	522	3191
4095	512	3583	4090	521	3191
0	768	3583	46	779	3191
256	768	3583	297	777	3191
512	768	3583	557	776	3190
768	768	3583	811	775	3191
1024	768	3583	1066	775	3192
1280	768	3583	1316	774	3190
1536	768	3583	1573	773	3190
1792	768	3583	1825	772	3191
2048	768	3583	2081	771	3190
2303	768	3583	2363	769	3191
2559	768	3583	2596	769	3191
2815	768	3583	2848	768	3191
3071	768	3583	3100	767	3191
3327	768	3583	3356	766	3191
3583	768	3583	3600	766	3190
3839	768	3583	3850	765	3190
4095	768	3583	4090	764	3191
0	1024	3583	44	1020	3190
256	1024	3583	295	1018	3190
512	1024	3583	557	1017	3190
768	1024	3583	810	1015	3189
1024	1024	3583	1065	1015	3191
1280	1024	3583	1316	1014	3191
1536	1024	3583	1573	1013	3190
1792	1024	3583	1824	1012	3191
2048	1024	3583	2080	1011	3191
2303	1024	3583	2362	1010	3190
2559	1024	3583	2594	1010	3190
2815	1024	3583	2847	1008	3191
3071	1024	3583	3099	1006	3190
3327	1024	3583	3355	1005	3191
3583	1024	3583	3600	1005	3190
3839	1024	3583	3849	1004	3190
4095	1024	3583	4088	1003	3189
0	1280	3583	45	1253	3189
256	1280	3583	295	1256	3189
512	1280	3583	557	1249	3189
768	1280	3583	811	1248	3189
1024	1280	3583	1065	1248	3190
1280	1280	3583	1316	1247	3190
1536	1280	3583	1572	1245	3190
1792	1280	3583	1824	1244	3190
2048	1280	3583	2078	1243	3190
2303	1280	3583	2361	1242	3190
2559	1280	3583	2595	1242	3189
2815	1280	3583	2847	1241	3190
3071	1280	3583	3099	1239	3190
3327	1280	3583	3353	1239	3190
3583	1280	3583	3599	1239	3189
3839	1280	3583	3850	1236	3189
4095	1280	3583	4089	1235	3188
0	1536	3583	43	1498	3189
256	1536	3583	294	1498	3188
512	1536	3583	555	1495	3188
768	1536	3583	810	1495	3189
1024	1536	3583	1063	1494	3189
1280	1536	3583	1315	1493	3189
1536	1536	3583	1573	1492	3190
1792	1536	3583	1823	1492	3189
2048	1536	3583	2079	1491	3189
2303	1536	3583	2361	1488	3189
2559	1536	3583	2594	1488	3188
2815	1536	3583	2846	1487	3189
3071	1536	3583	3098	1485	3189
3327	1536	3583	3353	1484	3189
3583	1536	3583	3599	1484	3188
3839	1536	3583	3849	1482	3188
4095	1536	3583	4087	1481	3187
0	1792	3583	43	1740	3188
256	1792	3583	293	1739	3189
512	1792	3583	555	1738	3188
768	1792	3583	808	1736	3189
1024	1792	3583	1062	1735	3189
1280	1792	3583	1314	1734	3188
1536	1792	3583	1571	1734	3188
1792	1792	3583	1824	1733	3189
2048	1792	3583	2078	1732	3189
2303	1792	3583	2361	1731	3189
2559	1792	3583	2594	1731	3189
2815	1792	3583	2845	1729	3189
3071	1792	3583	3097	1728	3188
3327	1792	3583	3352	1726	3189
3583	1792	3583	3599	1725	3188
3839	1792	3583	3848	1724	3188
4095	1792	3583	4087	1723	3188
0	2048	3583	43	1978	3188
256	2048	3583	294	1976	3188
512	2048	3583	553	1975	3189
768	2048	3583	808	1975	3188
1024	2048	3583	1061	1974	3188
1280	2048	3583	1312	1973	3189
1536	2048	3583	1570	1971	3188
1792	2048	3583	1822	1970	3189
2048	2048	3583	2078	1969	3189
2303	2048	3583	2359	1968	3188
2559	2048	3583	2594	1968	3188
2815	2048	3583	2844	1967	3188
3071	2048	3583	3096	1965	3187
3327	2048	3583	3351	1965	3187
3583	2048	3583	3597	1963	3188
3839	2048	3583	3848	1963	3187
4095	2048	3583	4087	1960	3186
0	2303	3583	42	2232	3187
256	2303	3583	293	2229	3187
512	2303	3583	555	2228	3187
768	2303	3583	807	2227	3186
1024	2303	3583	1062	2226	3187
1280	2303	3583	1313	2225	3188
1536	2303	3583	1571	2225	3187
1792	2303	3583	1822	2223	3188
2048	2303	3583	2077	2223	3187
2303	2303	3583	2360	2221	3187
2559	2303	3583	2593	2220	3187
2815	2303	3583	2845	2219	3187
3071	2303	3583	3096	2217	3187
3327	2303	3583	3352	2216	3186
3583	2303	3583	3597	2215	3186
3839	2303	3583	3848	2214	3187
4095	2303	3583	4088	2212	3186
0	2559	3583	42	2473	3187
256	2559	3583	293	2472	3186
512	2559	3583	554	2471	3186
768	2559	3583	807	2470	3186
1024	2559	3583	1061	2468	3186
1280	2559	3583	1313	2468	3187
1536	2559	3583	1571	2467	3187
1792	2559	3583	1822	2466	3186
2048	2559	3583	2076	2465	3186
2303	2559	3583	2359	2464	3187
2559	2559	3583	2593	2463	3186
2815	2559	3583	2843	2462	3185
3071	2559	3583	3096	2461	3186
3327	2559	3583	3352	2459	3185
3583	2559	3583	3598	2458	3185
3839	2559	3583	3848	2457	3186
4095	2559	3583	4086	2456	3186
0	2815	3583	41	2708	3186
256	2815	3583	292	2706	3186
512	2815	3583	552	2705	3185
768	2815	3583	805	2704	3185
1024	2815	3583	1059	2703	3186
1280	2815	3583	1311	2702	3185
1536	2815	3583	1569	2701	3186
1792	2815	3583	1821	2700	3186
2048	2815	3583	2076	2699	3186
2303	2815	3583	2358	2698	3186
2559	2815	3583	2591	2696	3185
2815	2815	3583	2842	2696	3185
3071	2815	3583	3094	2694	3184
3327	2815	3583	3352	2693	3185
3583	2815	3583	3596	2692	3185
3839	2815	3583	3847	2691	3185
4095	2815	3583	4085	2689	3185
0	3071	3583	41	2946	3184
256	3071	3583	291	2943	3185
512	3071	3583	552	2942	3185
768	3071	3583	804	2941	3184
1024	3071	3583	1059	2940	3185
1280	3071	3583	1309	2939	3185
1536	3071	3583	1567	2939	3185
1792	3071	3583	1820	2938	3185
2048	3071	3583	2074	2937	3185
2303	3071	3583	2357	2935	3185
2559	3071	3583	2590	2934	3185
2815	3071	3583	2842	2932	3185
3071	3071	3583	3093	2930	3184
3327	3071	3583	3350	2929	3184
3583	3071	3583	3595	2929	3185
3839	3071	3583	3846	2927	3184
4095	3071	3583	4085	2925	3183
0	3327	3583	40	3182	3183
256	3327	3583	291	3180	3183
512	3327	3583	551	3179	3184
768	3327	3583	805	3178	3184
1024	3327	3583	1059	3177	3184
1280	3327	3583	1310	3175	3184
1536	3327	3583	1566	3175	3184
1792	3327	3583	1818	3174	3184
2048	3327	3583	2074	3173	3184
2303	3327	3583	2357	3171	3185
2559	3327	3583	2591	3171	3184
2815	3327	3583	2843	3169	3184
3071	3327	3583	3093	3168	3184
3327	3327	3583	3348	3167	3183
3583	3327	3583	3595	3165	3183
3839	3327	3583	3846	3163	3183
4095	3327	3583	4084	3161	3183
0	3583	3583	39	3419	3183
256	3583	3583	290	3416	3182
512	3583	3583	550	3414	3182
768	3583	3583	804	3414	3183
1024	3583	3583	1059	3413	3183
1280	3583	3583	1309	3412	3183
1536	3583	3583	1567	3411	3183
1792	3583	3583	1818	3410	3183
2048	3583	3583	2074	3408	3183
2303	3583	3583	2358	3406	3184
2559	3583	3583	2590	3405	3182
2815	3583	3583	2844	3404	3183
3071	3583	3583	3093	3403	3183
3327	3583	3583	3349	3401	3182
3583	3583	3583	3595	3400	3183
3839	3583	3583	3846	3398	3182
4095	3583	3583	4085	3396	3183
0	3839	3583	38	3661	3181
256	3839	3583	287	3658	3181
512	3839	3583	549	3655	3181
768	3839	3583	802	3654	3181
1024	3839	3583	1057	3654	3182
1280	3839	3583	1308	3653	3181
1536	3839	3583	1564	3652	3182
1792	3839	3583	1818	3651	3182
2048	3839	3583	2072	3650	3182
2303	3839	3583	2357	3649	3182
2559	3839	3583	2589	3648	3182
2815	3839	3583	2842	3645	3182
3071	3839	3583	3094	3644	3181
3327	3839	3583	3348	3642	3181
3583	3839	3583	3595	3641	3181
3839	3839	3583	3845	3639	3181
4095	3839	3583	4085	3637	3182
0	4095	3583	36	3897	3180
256	4095	3583	281	3894	3180
512	4095	3583	546	3893	3180
768	4095	3583	802	3891	3180
1024	4095	3583	1055	3890	3180
1280	4095	3583	1307	3888	3181
1536	4095	3583	1564	3887	3180
1792	4095	3583	1816	3886	3180
2048	4095	3583	2071	3885	3181
2303	4095	3583	2355	3883	3180
2559	4095	3583	2587	3882	3180
2815	4095	3583	2840	3881	3180
3071	4095	3583	3091	3879	3179
3327	4095	3583	3347	3878	3180
3583	4095	3583	3591	3876	3180
3839	4095	3583	3844	3873	3178
4095	4095	3583	4082	3870	3179
0	0	3839	50	61	3426
256	0	3839	300	61	3424
512	0	3839	560	60	3425
768	0	3839	815	59	3425
1024	0	3839	1069	58	3424
1280	0	3839	1318	58	3423
1536	0	3839	1576	57	3425
1792	0	3839	1827	56	3424
2048	0	3839	2083	54	3424
2303	0	3839	2364	53	3424
2559	0	3839	2596	53	3424
2815	0	3839	2851	51	3424
3071	0	3839	3101	51	3424
3327	0	3839	3357	50	3424
3583	0	3839	3601	50	3424
3839	0	3839	3853	47	3424
4095	0	3839	4091	48	3422
0	256	3839	50	304	3423
256	256	3839	299	303	3422
512	256	3839	560	300	3422
768	256	3839	813	300	3423
1024	256	3839	1067	299	3421
1280	256	3839	1320	298	3422
1536	256	3839	1575	298	3422
1792	256	3839	1826	296	3421
2048	256	3839	2083	296	3422
2303	256	3839	2363	295	3423
2559	256	3839	2598	294	3423
2815	256	3839	2849	292	3422
3071	256	3839	3100	291	3422
3327	256	3839	3355	290	3422
3583	256	3839	3603	290	3422
3839	256	3839	3853	281	3422
4095	256	3839	4092	287	3422
0	512	3839	49	542	3422
256	512	3839	299	541	3422
512	512	3839	560	540	3421
768	512	3839	814	539	3420
1024	512	3839	1068	538	3422
1280	512	3839	1326	536	3421
1536	512	3839	1575	535	3421
1792	512	3839	1826	534	3422
2048	512	3839	2083	533	3422
2303	512	3839	2363	532	3421
2559	512	3839	2598	532	3421
2815	512	3839	2850	530	3421
3071	512	3839	3102	530	3420
3327	512	3839	3357	529	3421
3583	512	3839	3603	527	3421
3839	512	3839	3854	526	3420
4095	512	3839	4091	525	3421
0	768	3839	48	783	3422
256	768	3839	299	781	3420
512	768	3839	560	780	3420
768	768	3839	812	779	3420
1024	768	3839	1068	778	3421
1280	768	3839	1318	777	3421
1536	768	3839	1574	776	3421
1792	768	3839	1827	775	3421
2048	768	3839	2083	774	3421
2303	768	3839	2363	773	3420
2559	768	3839	2597	773	3420
2815	768	3839	2850	771	3421
3071	768	3839	3101	770	3420
3327	768	3839	3356	768	3420
3583	768	3839	3602	768	3420
3839	768	3839	3851	768	3419
4095	768	3839	4091	768	3420
0	1024	3839	48	1023	3421
256	1024	3839	298	1022	3420
512	1024	3839	559	1020	3420
768	1024	3839	812	1018	3419
1024	1024	3839	1066	1018	3420
1280	1024	3839	1318	1017	3420
1536	1024	3839	1574	1016	3420
1792	1024	3839	1826	1016	3420
2048	1024	3839	2082	1015	3420
2303	1024	3839	2363	1013	3420
2559	1024	3839	2597	1014	3419
2815	1024	3839	2849	1011	3420
3071	1024	3839	3100	1011	3420
3327	1024	3839	3355	1010	3419
3583	1024	3839	3601	1009	3419
3839	1024	3839	3852	1008	3419
4095	1024	3839	4089	1007	3418
0	1280	3839	47	1255	3420
256	1280	3839	298	1255	3418
512	1280	3839	558	1261	3419
768	1280	3839	813	1259	3419
1024	1280	3839	1067	1251	3419
1280	1280	3839	1317	1249	3419
1536	1280	3839	1575	1249	3419
1792	1280	3839	1825	1248	3419
2048	1280	3839	2081	1247	3419
2303	1280	3839	2362	1246	3419
2559	1280	3839	2597	1245	3419
2815	1280	3839	2849	1244	3419
3071	1280	3839	3101	1244	3419
3327	1280	3839	3356	1242	3419
3583	1280	3839	3602	1241	3418
3839	1280	3839	3852	1239	3417
4095	1280	3839	4092	1239	3418
0	1536	3839	47	1502	3418
256	1536	3839	297	1501	3419
512	1536	3839	559	1501	3418
768	1536	3839	811	1500	3419
1024	1536	3839	1065	1498	3419
1280	1536	3839	1318	1497	3418
1536	1536	3839	1574	1496	3418
1792	1536	3839	1826	1496	3419
2048	1536	3839	2081	1494	3418
2303	1536	3839	2363	1492	3418
2559	1536	3839	2596	1492	3418
2815	1536	3839	2848	1491	3418
3071	1536	3839	3101	1490	3418
3327	1536	3839	3355	1489	3418
3583	1536	3839	3601	1487	3417
3839	1536	3839	3851	1486	3417
4095	1536	3839	4090	1485	3416
0	1792	3839	46	1744	3417
256	1792	3839	297	1742	3418
512	1792	3839	557	1740	3418
768	1792	3839	811	1740	3418
1024	1792	3839	1064	1739	3418
1280	1792	3839	1316	1738	3418
1536	1792	3839	1574	1737	3417
1792	1792	3839	1825	1737	3418
2048	1792	3839	2080	1736	3418
2303	1792	3839	2362	1735	3417
2559	1792	3839	2596	1734	3417
2815	1792	3839	2847	1733	3418
3071	1792	3839	3099	1730	3417
3327	1792	3839	3355	1730	3418
3583	1792	3839	3600	1728	3417
3839	1792	3839	3850	1728	3416
4095	1792	3839	4089	1727	3416
0	2048	3839	45	1981	3417
256	2048	3839	295	1980	3416
512	2048	3839	556	1980	3417
768	2048	3839	810	1979	3418
1024	2048	3839	1064	1978	3416
1280	2048	3839	1315	1975	3417
1536	2048	3839	1573	1975	3417
1792	2048	3839	1824	1974	3416
2048	2048	3839	2079	1973	3417
2303	2048	3839	2362	1972	3417
2559	2048	3839	2594	1972	3416
2815	2048	3839	2847	1970	3416
3071	2048	3839	3097	1969	3416
3327	2048	3839	3353	1969	3416
3583	2048	3839	3599	1967	3416
3839	2048	3839	3849	1966	3416
4095	2048	3839	4090	1964	3414
0	2303	3839	46	2235	3416
256	2303	3839	296	2233	3416
512	2303	3839	556	2233	3416
768	2303	3839	810	2232	3416
1024	2303	3839	1064	2231	3415
1280	2303	3839	1316	2229	3416
1536	2303	3839	1573	2229	3416
1792	2303	3839	1824	2228	3416
2048	2303	3839	2079	2227	3416
2303	2303	3839	2362	2224	3416
2559	2303	3839	2595	2224	3416
2815	2303	3839	2847	2223	3415
3071	2303	3839	3098	2222	3415
3327	2303	3839	3354	2221	3415
3583	2303	3839	3599	2219	3414
3839	2303	3839	3850	2218	3415
4095	2303	3839	4089	2216	3415
0	2559	3839	44	2477	3415
256	2559	3839	296	2475	3415
512	2559	3839	556	2475	3415
768	2559	3839	809	2473	3415
1024	2559	3839	1064	2473	3415
1280	2559	3839	1315	2471	3415
1536	2559	3839	1573	2471	3415
1792	2559	3839	1822	2470	3415
2048	2559	3839	2079	2469	3414
2303	2559	3839	2361	2468	3416
2559	2559	3839	2594	2467	3416
2815	2559	3839	2847	2466	3414
3071	2559	3839	3097	2464	3414
3327	2559	3839	3354	2463	3414
3583	2559	3839	3599	2461	3414
3839	2559	3839	3851	2461	3413
4095	2559	3839	4088	2460	3414
0	2815	3839	44	2712	3414
256	2815	3839	293	2710	3414
512	2815	3839	555	2709	3415
768	2815	3839	807	2708	3413
1024	2815	3839	1062	2708	3414
1280	2815	3839	1312	2706	3414
1536	2815	3839	1570	2704	3414
1792	2815	3839	1823	2704	3414
2048	2815	3839	2078	2703	3415
2303	2815	3839	2360	2702	3414
2559	2815	3839	2593	2700	3413
2815	2815	3839	2845	2700	3413
3071	2815	3839	3097	2698	3413
3327	2815	3839	3353	2697	3413
3583	2815	3839	3598	2696	3413
3839	2815	3839	3849	2695	3412
4095	2815	3839	4088	2692	3412
0	3071	3839	43	2949	3414
256	3071	3839	293	2947	3413
512	3071	3839	553	2946	3413
768	3071	3839	807	2945	3414
1024	3071	3839	1061	2944	3413
1280	3071	3839	1312	2943	3413
1536	3071	3839	1568	2942	3413
1792	3071	3839	1821	2942	3413
2048	3071	3839	2077	2941	3413
2303	3071	3839	2359	2939	3413
2559	3071	3839	2594	2937	3412
2815	3071	3839	2843	2936	3413
3071	3071	3839	3096	2935	3413
3327	3071	3839	3352	2934	3412
3583	3071	3839	3597	2933	3412
3839	3071	3839	3848	2931	3412
4095	3071	3839	4087	2930	3411
0	3327	3839	42	3186	3412
256	3327	3839	293	3184	3411
512	3327	3839	554	3183	3411
768	3327	3839	806	3182	3412
1024	3327	3839	1061	3180	3411
1280	3327	3839	1312	3179	3412
1536	3327	3839	1569	3178	3412
1792	3327	3839	1819	3178	3412
2048	3327	3839	2076	3176	3411
2303	3327	3839	2360	3175	3412
2559	3327	3839	2592	3174	3412
2815	3327	3839	2845	3173	3411
3071	3327	3839	3095	3172	3412
3327	3327	3839	3351	3170	3412
3583	3327	3839	3596	3169	3411
3839	3327	3839	3847	3167	3411
4095	3327	3839	4086	3165	3411
0	3583	3839	42	3422	3410
256	3583	3839	292	3420	3410
512	3583	3839	553	3418	3409
768	3583	3839	805	3418	3410
1024	3583	3839	1061	3417	3411
1280	3583	3839	1312	3415	3410
1536	3583	3839	1570	3415	3410
1792	3583	3839	1821	3413	3411
2048	3583	3839	2076	3412	3410
2303	3583	3839	2359	3410	3410
2559	3583	3839	2592	3410	3410
2815	3583	3839	2844	3408	3410
3071	3583	3839	3097	3407	3410
3327	3583	3839	3350	3405	3410
3583	3583	3839	3597	3405	3411
3839	3583	3839	3848	3403	3409
4095	3583	3839	4087	3400	3410
0	3839	3839	41	3665	3409
256	3839	3839	290	3661	3409
512	3839	3839	551	3660	3409
768	3839	3839	805	3659	3408
1024	3839	3839	1058	3657	3409
1280	3839	3839	1310	3656	3409
1536	3839	3839	1568	3656	3409
1792	3839	3839	1820	3655	3409
2048	3839	3839	2076	3654	3410
2303	3839	3839	2358	3652	3409
2559	3839	3839	2591	3650	3409
2815	3839	3839	2844	3649	3409
3071	3839	3839	3096	3648	3407
3327	3839	3839	3351	3646	3408
3583	3839	3839	3597	3645	3408
3839	3839	3839	3847	3643	3407
4095	3839	3839	4086	3641	3409
0	4095	3839	40	3901	3408
256	4095	3839	283	3899	3407
512	4095	3839	549	3897	3407
768	4095	3839	803	3896	3408
1024	4095	3839	1057	3894	3407
1280	4095	3839	1309	3892	3408
1536	4095	3839	1566	3891	3408
1792	4095	3839	1818	3891	3407
2048	4095	3839	2073	3889	3408
2303	4095	3839	2356	3887	3408
2559	4095	3839	2590	3886	3407
2815	4095	3839	2842	3885	3406
3071	4095	3839	3092	3884	3407
3327	4095	3839	3349	3881	3406
3583	4095	3839	3595	3879	3406
3839	4095	3839	3845	3877	3406
4095	4095	3839	4085	3875	3406
0	0	4095	54	65	3666
256	0	4095	302	64	3665
512	0	4095	563	63	3667
768	0	4095	817	62	3666
1024	0	4095	1072	61	3665
1280	0	4095	1322	61	3664
1536	0	4095	1579	60	3666
1792	0	4095	1831	58	3666
2048	0	4095	2086	58	3665
2303	0	4095	2366	56	3666
2559	0	4095	2600	56	3666
2815	0	4095	2853	55	3666
3071	0	4095	3105	54	3666
3327	0	4095	3360	53	3666
3583	0	4095	3605	53	3665
3839	0	4095	3856	51	3666
4095	0	4095	4093	51	3665
0	256	4095	52	305	3664
256	256	4095	300	303	3665
512	256	4095	562	302	3663
768	256	4095	817	301	3663
1024	256	4095	1070	300	3663
1280	256	4095	1322	299	3665
1536	256	4095	1578	298	3663
1792	256	4095	1830	297	3665
2048	256	4095	2087	297	3665
2303	256	4095	2367	295	3664
2559	256	4095	2600	294	3664
2815	256	4095	2853	293	3665
3071	256	4095	3103	292	3664
3327	256	4095	3358	291	3664
3583	256	4095	3606	290	3664
3839	256	4095	3857	285	3663
4095	256	4095	4095	291	3664
0	512	4095	52	546	3664
256	512	4095	300	545	3663
512	512	4095	563	543	3663
768	512	4095	817	542	3662
1024	512	4095	1072	540	3662
1280	512	4095	1330	540	3663
1536	512	4095	1578	539	3663
1792	512	4095	1831	538	3663
2048	512	4095	2086	537	3664
2303	512	4095	2367	536	3663
2559	512	4095	2601	535	3663
2815	512	4095	2853	534	3663
3071	512	4095	3105	534	3662
3327	512	4095	3360	532	3663
3583	512	4095	3607	531	3662
3839	512	4095	3856	530	3663
4095	512	4095	4095	529	3662
0	768	4095	51	786	3663
256	768	4095	299	785	3662
512	768	4095	563	783	3662
768	768	4095	816	782	3663
1024	768	4095	1070	782	3662
1280	768	4095	1321	780	3663
1536	768	4095	1578	780	3663
1792	768	4095	1830	778	3662
2048	768	4095	2087	777	3663
2303	768	4095	2366	776	3663
2559	768	4095	2601	775	3662
2815	768	4095	2852	775	3662
3071	768	4095	3105	773	3662
3327	768	4095	3358	773	3662
3583	768	4095	3605	772	3661
3839	768	4095	3856	771	3662
4095	768	4095	4095	769	3661
0	1024	4095	51	1027	3662
256	1024	4095	299	1024	3662
512	1024	4095	561	1023	3662
768	1024	4095	815	1022	3661
1024	1024	4095	1070	1021	3661
1280	1024	4095	1321	1021	3662
1536	1024	4095	1578	1019	3661
1792	1024	4095	1829	1019	3661
2048	1024	4095	2086	1018	3662
2303	1024	4095	2367	1017	3662
2559	1024	4095	2599	1016	3661
2815	1024	4095	2853	1015	3662
3071	1024	4095	3103	1014	3661
3327	1024	4095	3359	1013	3662
3583	1024	4095	3605	1013	3661
3839	1024	4095	3855	1011	3661
4095	1024	4095	4094	1011	3661
0	1280	4095	51	1259	3660
256	1280	4095	299	1260	3661
512	1280	4095	562	1267	3661
768	1280	4095	815	1264	3661
1024	1280	4095	1070	1253	3661
1280	1280	4095	1321	1253	3662
1536	1280	4095	1578	1252	3660
1792	1280	4095	1829	1251	3661
2048	1280	4095	2086	1251	3661
2303	1280	4095	2366	1250	3661
2559	1280	4095	2600	1249	3661
2815	1280	4095	2852	1248	3661
3071	1280	4095	3105	1247	3660
3327	1280	4095	3359	1245	3661
3583	1280	4095	3607	1244	3661
3839	1280	4095	3856	1244	3659
4095	1280	4095	4094	1243	3660
0	1536	4095	50	1506	3660
256	1536	4095	298	1505	3660
512	1536	4095	561	1505	3660
768	1536	4095	815	1504	3660
1024	1536	4095	1068	1502	3660
1280	1536	4095	1320	1501	3661
1536	1536	4095	1578	1500	3660
1792	1536	4095	1829	1498	3660
2048	1536	4095	2085	1497	3660
2303	1536	4095	2365	1496	3660
2559	1536	4095	2601	1496	3660
2815	1536	4095	2851	1495	3660
3071	1536	4095	3103	1493	3660
3327	1536	4095	3358	1492	3660
3583	1536	4095	3605	1491	3660
3839	1536	4095	3856	1490	3659
4095	1536	4095	4094	1489	3658
0	1792	4095	49	1748	3659
256	1792	4095	297	1745	3658
512	1792	4095	560	1744	3660
768	1792	4095	813	1744	3660
1024	1792	4095	1067	1743	3659
1280	1792	4095	1319	1742	3659
1536	1792	4095	1576	1741	3659
1792	1792	4095	1828	1740	3659
2048	1792	4095	2083	1739	3659
2303	1792	4095	2364	1738	3659
2559	1792	4095	2598	1736	3658
2815	1792	4095	2850	1736	3658
3071	1792	4095	3102	1734	3659
3327	1792	4095	3357	1733	3659
3583	1792	4095	3604	1731	3658
3839	1792	4095	3854	1731	3659
4095	1792	4095	4093	1730	3657
0	2048	4095	49	1985	3658
256	2048	4095	296	1984	3658
512	2048	4095	559	1983	3658
768	2048	4095	813	1982	3658
1024	2048	4095	1067	1980	3658
1280	2048	4095	1319	1978	3658
1536	2048	4095	1575	1978	3658
1792	2048	4095	1827	1977	3658
2048	2048	4095	2082	1976	3658
2303	2048	4095	2364	1976	3659
2559	2048	4095	2597	1975	3658
2815	2048	4095	2850	1974	3657
3071	2048	4095	3102	1973	3658
3327	2048	4095	3356	1972	3658
3583	2048	4095	3602	1970	3657
3839	2048	4095	3853	1969	3657
4095	2048	4095	4093	1967	3658
0	2303	4095	48	2239	3657
256	2303	4095	297	2237	3657
512	2303	4095	559	2237	3657
768	2303	4095	814	2236	3657
1024	2303	4095	1068	2235	3658
1280	2303	4095	1319	2233	3658
1536	2303	4095	1577	2233	3657
1792	2303	4095	1827	2232	3657
2048	2303	4095	2083	2230	3659
2303	2303	4095	2365	2228	3658
2559	2303	4095	2597	2228	3658
2815	2303	4095	2851	2227	3658
3071	2303	4095	3101	2225	3656
3327	2303	4095	3359	2224	3657
3583	2303	4095	3603	2223	3657
3839	2303	4095	3854	2223	3657
4095	2303	4095	4092	2221	3657
0	2559	4095	48	2481	3656
256	2559	4095	296	2479	3656
512	2559	4095	559	2477	3657
768	2559	4095	812	2477	3655
1024	2559	4095	1067	2476	3657
1280	2559	4095	1318	2474	3657
1536	2559	4095	1575	2474	3656
1792	2559	4095	1826	2473	3656
2048	2559	4095	2082	2472	3657
2303	2559	4095	2364	2471	3657
2559	2559	4095	2597	2470	3657
2815	2559	4095	2850	2468	3657
3071	2559	4095	3101	2467	3656
3327	2559	4095	3358	2466	3656
3583	2559	4095	3603	2465	3656
3839	2559	4095	3853	2465	3656
4095	2559	4095	4091	2463	3656
0	2815	4095	47	2715	3656
256	2815	4095	294	2714	3655
512	2815	4095	557	2712	3655
768	2815	4095	811	2711	3655
1024	2815	4095	1065	2711	3655
1280	2815	4095	1316	2708	3655
1536	2815	4095	1572	2708	3656
1792	2815	4095	1824	2707	3655
2048	2815	4095	2082	2706	3655
2303	2815	4095	2362	2705	3656
2559	2815	4095	2596	2704	3655
2815	2815	4095	2848	2703	3655
3071	2815	4095	3100	2701	3655
3327	2815	4095	3357	2700	3655
3583	2815	4095	3601	2699	3655
3839	2815	4095	3852	2697	3655
4095	2815	4095	4090	2696	3653
0	3071	4095	46	2953	3654
256	3071	4095	293	2950	3654
512	3071	4095	557	2949	3654
768	3071	4095	810	2948	3655
1024	3071	4095	1064	2947	3655
1280	3071	4095	1314	2946	3654
1536	3071	4095	1572	2946	3654
1792	3071	4095	1823	2945	3654
2048	3071	4095	2081	2943	3654
2303	3071	4095	2362	2942	3655
2559	3071	4095	2596	2941	3654
2815	3071	4095	2847	2940	3654
3071	3071	4095	3099	2939	3654
3327	3071	4095	3356	2937	3655
3583	3071	4095	3600	2936	3653
3839	3071	4095	3850	2935	3654
4095	3071	4095	4090	2933	3653
0	3327	4095	46	3190	3652
256	3327	4095	293	3187	3654
512	3327	4095	556	3186	3652
768	3327	4095	810	3185	3653
1024	3327	4095	1063	3184	3654
1280	3327	4095	1315	3182	3654
1536	3327	4095	1571	3181	3653
1792	3327	4095	1823	3181	3653
2048	3327	4095	2080	3180	3654
2303	3327	4095	2362	3179	3653
2559	3327	4095	2596	3178	3653
2815	3327	4095	2846	3177	3654
3071	3327	4095	3099	3175	3654
3327	3327	4095	3354	3173	3653
3583	3327	4095	3600	3172	3653
3839	3327	4095	3850	3171	3652
4095	3327	4095	4088	3169	3652
0	3583	4095	45	3426	3651
256	3583	4095	294	3424	3652
512	3583	4095	556	3422	3651
768	3583	4095	809	3422	3651
1024	3583	4095	1063	3420	3652
1280	3583	4095	1315	3419	3652
1536	3583	4095	1573	3417	3651
1792	3583	4095	1824	3417	3652
2048	3583	4095	2080	3415	3652
2303	3583	4095	2361	3414	3651
2559	3583	4095	2595	3413	3651
2815	3583	4095	2847	3412	3651
3071	3583	4095	3099	3411	3652
3327	3583	4095	3354	3409	3651
3583	3583	4095	3600	3408	3651
3839	3583	4095	3851	3405	3651
4095	3583	4095	4089	3404	3651
0	3839	4095	44	3667	3650
256	3839	4095	291	3665	3649
512	3839	4095	554	3663	3650
768	3839	4095	807	3662	3650
1024	3839	4095	1063	3661	3649
1280	3839	4095	1313	3660	3650
1536	3839	4095	1571	3659	3650
1792	3839	4095	1823	3658	3650
2048	3839	4095	2079	3657	3650
2303	3839	4095	2360	3655	3650
2559	3839	4095	2593	3654	3649
2815	3839	4095	2847	3652	3649
3071	3839	4095	3098	3651	3649
3327	3839	4095	3354	3650	3649
3583	3839	4095	3600	3648	3649
3839	3839	4095	3849	3646	3649
4095	3839	4095	4089	3644	3649
0	4095	4095	43	3905	3648
256	4095	4095	288	3902	3648
512	4095	4095	552	3900	3647
768	4095	4095	807	3898	3648
1024	4095	4095	1060	3897	3648
1280	4095	4095	1312	3896	3648
1536	4095	4095	1569	3895	3648
1792	4095	4095	1820	3894	3648
2048	4095	4095	2077	3893	3648
2303	4095	4095	2357	3891	3648
2559	4095	4095	2594	3890	3648
2815	4095	4095	2845	3888	3647
3071	4095	4095	3097	3886	3648
3327	4095	4095	3352	3884	3648
3583	4095	4095	3599	3883	3646
3839	4095	4095	3849	3880	3647
4095	4095	4095	4087	3879	3648
