0	0	0	0	0	0
256	0	0	246	0	0
512	0	0	494	0	0
768	0	0	736	0	0
1024	0	0	978	0	0
1280	0	0	1216	0	0
1536	0	0	1459	0	0
1792	0	0	1702	0	0
2048	0	0	1944	0	0
2303	0	0	2204	0	0
2559	0	0	2450	0	0
2815	0	0	2683	0	0
3071	0	0	2924	0	0
3327	0	0	3167	0	0
3583	0	0	3410	0	0
3839	0	0	3649	0	0
4095	0	0	3887	1	0
0	256	0	0	252	0
256	256	0	245	250	0
512	256	0	493	249	0
768	256	0	734	248	0
1024	256	0	975	247	0
1280	256	0	1215	245	0
1536	256	0	1459	244	0
1792	256	0	1700	244	0
2048	256	0	1942	243	0
2303	256	0	2203	242	0
2559	256	0	2449	241	0
2815	256	0	2682	240	0
3071	256	0	2924	239	0
3327	256	0	3167	238	0
3583	256	0	3410	237	0
3839	256	0	3649	237	0
4095	256	0	3887	236	0
0	512	0	0	498	0
256	512	0	245	497	0
512	512	0	493	495	0
768	512	0	735	494	0
1024	512	0	977	493	0
1280	512	0	1216	492	0
1536	512	0	1459	491	0
1792	512	0	1702	490	0
2048	512	0	1942	489	0
2303	512	0	2203	488	0
2559	512	0	2451	487	0
2815	512	0	2682	486	0
3071	512	0	2925	485	0
3327	512	0	3169	484	0
3583	512	0	3411	483	0
3839	512	0	3648	483	0
4095	512	0	3888	482	0
0	768	0	0	748	0
256	768	0	245	746	0
512	768	0	493	745	0
768	768	0	734	744	0
1024	768	0	976	742	0
1280	768	0	1216	742	0
1536	768	0	1459	741	0
1792	768	0	1701	739	0
2048	768	0	1943	738	0
2303	768	0	2203	738	0
2559	768	0	2450	737	0
2815	768	0	2683	736	0
3071	768	0	2924	734	0
3327	768	0	3168	734	0
3583	768	0	3411	732	0
3839	768	0	3649	731	0
4095	768	0	3888	730	1
0	1024	0	0	998	0
256	1024	0	244	995	0
512	1024	0	493	994	0
768	1024	0	735	993	0
1024	1024	0	975	992	0
1280	1024	0	1215	991	0
1536	1024	0	1460	991	0
1792	1024	0	1702	990	0
2048	1024	0	1943	988	0
2303	1024	0	2203	987	0
2559	1024	0	2450	986	0
2815	1024	0	2683	984	0
3071	1024	0	2925	984	0
3327	1024	0	3169	982	0
3583	1024	0	3411	981	1
3839	1024	0	3649	981	1
4095	1024	0	3888	980	1
0	1280	0	0	1239	0
256	1280	0	244	1237	0
512	1280	0	492	1236	0
768	1280	0	734	1235	0
1024	1280	0	976	1234	0
1280	1280	0	1214	1232	0
1536	1280	0	1458	1231	0
1792	1280	0	1701	1230	0
2048	1280	0	1943	1229	0
2303	1280	0	2203	1228	0
2559	1280	0	2450	1227	0
2815	1280	0	2683	1226	0
3071	1280	0	2924	1225	0
3327	1280	0	3168	1224	1
3583	1280	0	3412	1223	1
3839	1280	0	3649	1222	1
4095	1280	0	3888	1221	1
0	1536	0	0	1497	0
256	1536	0	243	1495	0
512	1536	0	492	1494	0
768	1536	0	732	1493	0
1024	1536	0	974	1492	0
1280	1536	0	1214	1490	0
1536	1536	0	1457	1488	0
1792	1536	0	1700	1488	0
2048	1536	0	1943	1487	0
2303	1536	0	2202	1486	0
2559	1536	0	2450	1485	0
2815	1536	0	2682	1484	0
3071	1536	0	2925	1483	1
3327	1536	0	3167	1482	1
3583	1536	0	3410	1481	1
3839	1536	0	3648	1480	1
4095	1536	0	3888	1479	2
0	1792	0	0	1748	0
256	1792	0	242	1745	0
512	1792	0	490	1744	0
768	1792	0	732	1743	0
1024	1792	0	973	1742	0
1280	1792	0	1213	1741	0
1536	1792	0	1457	1740	0
1792	1792	0	1699	1739	0
2048	1792	0	1942	1738	0
2303	1792	0	2203	1738	0
2559	1792	0	2450	1737	0
2815	1792	0	2681	1735	1
3071	1792	0	2924	1734	1
3327	1792	0	3167	1733	1
3583	1792	0	3410	1732	2
3839	1792	0	3648	1731	2
4095	1792	0	3888	1730	2
0	2048	0	0	1997	0
256	2048	0	241	1995	0
512	2048	0	489	1993	0
768	2048	0	731	1992	0
1024	2048	0	974	1991	0
1280	2048	0	1213	1991	0
1536	2048	0	1457	1990	0
1792	2048	0	1699	1989	0
2048	2048	0	1941	1988	0
2303	2048	0	2201	1987	0
2559	2048	0	2449	1986	1
2815	2048	0	2681	1984	1
3071	2048	0	2923	1984	1
3327	2048	0	3167	1982	2
3583	2048	0	3410	1980	2
3839	2048	0	3647	1980	2
4095	2048	0	3887	1979	2
0	2303	0	1	2268	0
256	2303	0	242	2264	0
512	2303	0	490	2263	0
768	2303	0	732	2263	0
1024	2303	0	974	2261	0
1280	2303	0	1214	2260	0
1536	2303	0	1457	2260	0
1792	2303	0	1700	2259	0
2048	2303	0	1943	2258	1
2303	2303	0	2203	2257	1
2559	2303	0	2449	2255	1
2815	2303	0	2682	2254	1
3071	2303	0	2925	2252	2
3327	2303	0	3167	2250	2
3583	2303	0	3411	2249	3
3839	2303	0	3648	2248	3
4095	2303	0	3888	2247	3
0	2559	0	0	2513	0
256	2559	0	240	2511	0
512	2559	0	488	2509	0
768	2559	0	732	2509	0
1024	2559	0	972	2508	0
1280	2559	0	1212	2507	0
1536	2559	0	1457	2506	0
1792	2559	0	1699	2505	1
2048	2559	0	1941	2505	1
2303	2559	0	2201	2502	1
2559	2559	0	2450	2501	1
2815	2559	0	2682	2501	1
3071	2559	0	2924	2500	2
3327	2559	0	3167	2497	2
3583	2559	0	3409	2496	3
3839	2559	0	3647	2495	3
4095	2559	0	3887	2494	3
0	2815	0	0	2762	0
256	2815	0	240	2759	0
512	2815	0	487	2758	0
768	2815	0	730	2757	0
1024	2815	0	972	2756	0
1280	2815	0	1212	2755	0
1536	2815	0	1456	2754	0
1792	2815	0	1699	2753	1
2048	2815	0	1941	2752	1
2303	2815	0	2200	2751	1
2559	2815	0	2449	2750	1
2815	2815	0	2681	2749	2
3071	2815	0	2923	2747	2
3327	2815	0	3167	2746	3
3583	2815	0	3410	2745	3
3839	2815	0	3647	2743	3
4095	2815	0	3886	2742	3
0	3071	0	0	3011	0
256	3071	0	239	3009	0
512	3071	0	487	3007	0
768	3071	0	729	3005	0
1024	3071	0	971	3005	0
1280	3071	0	1212	3004	1
1536	3071	0	1455	3003	1
1792	3071	0	1698	3002	1
2048	3071	0	1940	3001	1
2303	3071	0	2200	3000	1
2559	3071	0	2448	2999	2
2815	3071	0	2680	2998	2
3071	3071	0	2923	2997	2
3327	3071	0	3165	2995	3
3583	3071	0	3409	2995	4
3839	3071	0	3647	2993	4
4095	3071	0	3885	2991	4
0	3327	0	1	3257	0
256	3327	0	239	3253	0
512	3327	0	487	3252	0
768	3327	0	730	3252	0
1024	3327	0	971	3251	1
1280	3327	0	1212	3250	1
1536	3327	0	1456	3249	1
1792	3327	0	1698	3248	2
2048	3327	0	1939	3247	2
2303	3327	0	2199	3246	2
2559	3327	0	2448	3245	3
2815	3327	0	2680	3244	3
3071	3327	0	2922	3243	3
3327	3327	0	3166	3242	3
3583	3327	0	3408	3240	4
3839	3327	0	3647	3238	4
4095	3327	0	3886	3236	4
0	3583	0	0	3509	0
256	3583	0	239	3506	0
512	3583	0	486	3505	0
768	3583	0	729	3504	1
1024	3583	0	971	3503	1
1280	3583	0	1210	3502	1
1536	3583	0	1455	3500	2
1792	3583	0	1697	3500	2
2048	3583	0	1939	3499	2
2303	3583	0	2199	3497	2
2559	3583	0	2448	3496	3
2815	3583	0	2680	3495	3
3071	3583	0	2921	3493	4
3327	3583	0	3165	3492	4
3583	3583	0	3408	3491	4
3839	3583	0	3647	3489	4
4095	3583	0	3886	3488	5
0	3839	0	0	3760	0
256	3839	0	232	3756	0
512	3839	0	484	3755	1
768	3839	0	726	3754	1
1024	3839	0	969	3753	1
1280	3839	0	1209	3752	1
1536	3839	0	1453	3751	2
1792	3839	0	1696	3750	2
2048	3839	0	1938	3749	3
2303	3839	0	2198	3748	3
2559	3839	0	2447	3746	3
2815	3839	0	2679	3745	3
3071	3839	0	2921	3743	4
3327	3839	0	3164	3741	4
3583	3839	0	3408	3740	4
3839	3839	0	3646	3738	5
4095	3839	0	3885	3736	5
0	4095	0	0	4011	1
256	4095	0	232	4007	1
512	4095	0	481	4006	1
768	4095	0	724	4004	1
1024	4095	0	965	4003	2
1280	4095	0	1206	4002	2
1536	4095	0	1450	4001	3
1792	4095	0	1694	3999	3
2048	4095	0	1936	3997	3
2303	4095	0	2196	3996	3
2559	4095	0	2445	3996	3
2815	4095	0	2677	3994	4
3071	4095	0	2919	3993	4
3327	4095	0	3163	3991	4
3583	4095	0	3406	3989	5
3839	4095	0	3643	3987	5
4095	4095	0	3883	3985	5
0	0	256	4	4	246
256	0	256	250	3	245
512	0	256	499	2	245
768	0	256	743	1	246
1024	0	256	984	0	245
1280	0	256	1225	0	245
1536	0	256	1469	0	245
1792	0	256	1712	0	245
2048	0	256	1952	0	244
2303	0	256	2213	0	245
2559	0	256	2459	0	244
2815	0	256	2692	0	244
3071	0	256	2934	1	244
3327	0	256	3177	1	244
3583	0	256	3419	1	244
3839	0	256	3656	1	236
4095	0	256	3895	2	244
0	256	256	3	257	245
256	256	256	250	256	244
512	256	256	498	255	244
768	256	256	741	254	244
1024	256	256	984	253	244
1280	256	256	1224	252	244
1536	256	256	1468	251	244
1792	256	256	1710	250	244
2048	256	256	1952	248	244
2303	256	256	2212	247	243
2559	256	256	2459	246	244
2815	256	256	2692	246	243
3071	256	256	2933	244	243
3327	256	256	3176	243	243
3583	256	256	3419	243	243
3839	256	256	3657	240	242
4095	256	256	3896	235	236
0	512	256	2	505	244
256	512	256	251	503	244
512	512	256	500	502	243
768	512	256	741	501	243
1024	512	256	984	500	243
1280	512	256	1225	498	243
1536	512	256	1469	498	243
1792	512	256	1711	497	243
2048	512	256	1953	496	242
2303	512	256	2214	495	242
2559	512	256	2459	494	243
2815	512	256	2692	493	243
3071	512	256	2935	492	242
3327	512	256	3178	491	242
3583	512	256	3420	490	242
3839	512	256	3658	489	241
4095	512	256	3897	488	235
0	768	256	2	756	243
256	768	256	250	755	243
512	768	256	498	751	243
768	768	256	742	751	243
1024	768	256	985	750	243
1280	768	256	1224	750	243
1536	768	256	1468	749	242
1792	768	256	1711	748	242
2048	768	256	1953	747	242
2303	768	256	2213	746	242
2559	768	256	2460	745	242
2815	768	256	2692	744	242
3071	768	256	2935	743	241
3327	768	256	3177	742	242
3583	768	256	3420	741	242
3839	768	256	3658	740	240
4095	768	256	3896	739	234
0	1024	256	1	1006	242
256	1024	256	249	1004	242
512	1024	256	499	1002	242
768	1024	256	740	1001	242
1024	1024	256	983	1001	242
1280	1024	256	1224	1000	242
1536	1024	256	1467	999	242
1792	1024	256	1709	997	241
2048	1024	256	1951	996	242
2303	1024	256	2211	995	242
2559	1024	256	2459	995	241
2815	1024	256	2692	994	241
3071	1024	256	2934	992	242
3327	1024	256	3177	991	241
3583	1024	256	3420	989	241
3839	1024	256	3658	990	241
4095	1024	256	3896	989	234
0	1280	256	0	1248	243
256	1280	256	249	1246	242
512	1280	256	498	1244	242
768	1280	256	741	1243	242
1024	1280	256	983	1242	241
1280	1280	256	1223	1242	242
1536	1280	256	1467	1241	242
1792	1280	256	1709	1239	241
2048	1280	256	1951	1239	241
2303	1280	256	2212	1238	241
2559	1280	256	2459	1237	240
2815	1280	256	2691	1235	241
3071	1280	256	2934	1234	241
3327	1280	256	3177	1232	241
3583	1280	256	3419	1232	240
3839	1280	256	3658	1231	239
4095	1280	256	3896	1230	234
0	1536	256	0	1506	242
256	1536	256	248	1504	241
512	1536	256	496	1504	241
768	1536	256	739	1503	241
1024	1536	256	982	1502	241
1280	1536	256	1221	1501	241
1536	1536	256	1466	1500	241
1792	1536	256	1710	1499	241
2048	1536	256	1951	1497	240
2303	1536	256	2212	1496	240
2559	1536	256	2459	1495	241
2815	1536	256	2692	1494	240
3071	1536	256	2933	1493	240
3327	1536	256	3177	1492	240
3583	1536	256	3419	1491	240
3839	1536	256	3656	1490	239
4095	1536	256	3894	1489	234
0	1792	256	0	1758	241
256	1792	256	247	1756	241
512	1792	256	496	1755	240
768	1792	256	738	1754	240
1024	1792	256	981	1753	241
1280	1792	256	1222	1752	240
1536	1792	256	1465	1751	240
1792	1792	256	1708	1749	240
2048	1792	256	1950	1748	241
2303	1792	256	2211	1747	240
2559	1792	256	2458	1746	240
2815	1792	256	2692	1746	240
3071	1792	256	2934	1745	240
3327	1792	256	3176	1743	240
3583	1792	256	3418	1742	240
3839	1792	256	3656	1741	238
4095	1792	256	3893	1741	233
0	2048	256	0	2008	240
256	2048	256	246	2006	241
512	2048	256	495	2005	241
768	2048	256	738	2003	240
1024	2048	256	980	2002	240
1280	2048	256	1221	2002	240
1536	2048	256	1466	2001	239
1792	2048	256	1707	1999	240
2048	2048	256	1949	1998	240
2303	2048	256	2210	1997	239
2559	2048	256	2457	1996	239
2815	2048	256	2689	1995	239
3071	2048	256	2932	1994	239
3327	2048	256	3176	1993	239
3583	2048	256	3418	1992	239
3839	2048	256	3656	1991	238
4095	2048	256	3894	1990	233
0	2303	256	1	2277	239
256	2303	256	247	2275	240
512	2303	256	495	2274	240
768	2303	256	738	2273	239
1024	2303	256	981	2272	239
1280	2303	256	1221	2272	239
1536	2303	256	1466	2271	240
1792	2303	256	1709	2270	239
2048	2303	256	1951	2268	239
2303	2303	256	2211	2266	239
2559	2303	256	2458	2265	238
2815	2303	256	2691	2265	239
3071	2303	256	2933	2264	239
3327	2303	256	3176	2263	238
3583	2303	256	3419	2261	238
3839	2303	256	3656	2259	237
4095	2303	256	3896	2257	232
0	2559	256	0	2523	240
256	2559	256	245	2520	239
512	2559	256	494	2519	239
768	2559	256	737	2518	239
1024	2559	256	979	2517	238
1280	2559	256	1220	2517	239
1536	2559	256	1463	2516	239
1792	2559	256	1707	2515	238
2048	2559	256	1950	2514	238
2303	2559	256	2210	2513	238
2559	2559	256	2457	2512	238
2815	2559	256	2690	2512	238
3071	2559	256	2933	2510	238
3327	2559	256	3175	2508	239
3583	2559	256	3418	2507	238
3839	2559	256	3655	2506	236
4095	2559	256	3894	2504	232
0	2815	256	0	2770	239
256	2815	256	244	2769	239
512	2815	256	493	2768	238
768	2815	256	737	2767	238
1024	2815	256	978	2767	238
1280	2815	256	1219	2766	238
1536	2815	256	1463	2764	238
1792	2815	256	1706	2763	238
2048	2815	256	1948	2762	237
2303	2815	256	2209	2760	238
2559	2815	256	2457	2759	238
2815	2815	256	2689	2758	237
3071	2815	256	2931	2757	238
3327	2815	256	3175	2755	238
3583	2815	256	3417	2754	237
3839	2815	256	3655	2753	235
4095	2815	256	3894	2752	231
0	3071	256	0	3020	238
256	3071	256	243	3018	238
512	3071	256	492	3017	237
768	3071	256	735	3016	237
1024	3071	256	978	3015	238
1280	3071	256	1228	3014	238
1536	3071	256	1466	3012	237
1792	3071	256	1706	3011	237
2048	3071	256	1949	3011	238
2303	3071	256	2208	3011	237
2559	3071	256	2457	3010	237
2815	3071	256	2689	3009	237
3071	3071	256	2930	3007	237
3327	3071	256	3174	3005	237
3583	3071	256	3417	3004	237
3839	3071	256	3655	3003	235
4095	3071	256	3894	3001	231
0	3327	256	1	3267	237
256	3327	256	243	3265	237
512	3327	256	493	3264	238
768	3327	256	735	3261	237
1024	3327	256	978	3261	237
1280	3327	256	1222	3259	237
1536	3327	256	1465	3258	237
1792	3327	256	1706	3258	237
2048	3327	256	1948	3257	237
2303	3327	256	2209	3255	236
2559	3327	256	2456	3254	237
2815	3327	256	2688	3253	237
3071	3327	256	2932	3252	237
3327	3327	256	3174	3251	237
3583	3327	256	3416	3250	237
3839	3327	256	3655	3249	235
4095	3327	256	3894	3246	231
0	3583	256	0	3519	236
256	3583	256	242	3516	236
512	3583	256	491	3515	237
768	3583	256	734	3514	237
1024	3583	256	976	3512	236
1280	3583	256	1217	3511	237
1536	3583	256	1461	3510	237
1792	3583	256	1705	3509	236
2048	3583	256	1946	3508	236
2303	3583	256	2207	3507	236
2559	3583	256	2455	3506	236
2815	3583	256	2687	3505	236
3071	3583	256	2930	3503	236
3327	3583	256	3174	3502	235
3583	3583	256	3416	3500	236
3839	3583	256	3653	3498	234
4095	3583	256	3893	3496	231
0	3839	256	0	3770	236
256	3839	256	235	3767	235
512	3839	256	488	3765	235
768	3839	256	732	3764	236
1024	3839	256	975	3763	235
1280	3839	256	1216	3762	235
1536	3839	256	1460	3761	235
1792	3839	256	1703	3760	235
2048	3839	256	1946	3759	235
2303	3839	256	2206	3757	235
2559	3839	256	2454	3756	235
2815	3839	256	2687	3755	234
3071	3839	256	2929	3752	235
3327	3839	256	3173	3751	235
3583	3839	256	3416	3750	234
3839	3839	256	3654	3749	233
4095	3839	256	3892	3746	230
0	4095	256	0	4020	236
256	4095	256	236	4017	234
512	4095	256	487	4015	228
768	4095	256	730	4014	229
1024	4095	256	973	4013	229
1280	4095	256	1213	4011	228
1536	4095	256	1458	4010	229
1792	4095	256	1701	4009	229
2048	4095	256	1944	4008	228
2303	4095	256	2204	4006	228
2559	4095	256	2451	4004	229
2815	4095	256	2684	4003	228
3071	4095	256	2928	4001	228
3327	4095	256	3172	4000	228
3583	4095	256	3414	3999	229
3839	4095	256	3651	3997	228
4095	4095	256	3890	3995	230
0	0	512	7	8	478
256	0	512	254	7	478
512	0	512	504	6	476
768	0	512	748	5	476
1024	0	512	991	4	477
1280	0	512	1232	3	476
1536	0	512	1477	2	476
1792	0	512	1718	1	476
2048	0	512	1960	0	476
2303	0	512	2222	1	476
2559	0	512	2466	1	476
2815	0	512	2699	1	476
3071	0	512	2942	1	476
3327	0	512	3186	1	476
3583	0	512	3426	2	476
3839	0	512	3664	2	474
4095	0	512	3903	2	475
0	256	512	7	262	476
256	256	512	253	261	476
512	256	512	503	260	476
768	256	512	746	259	475
1024	256	512	990	259	476
1280	256	512	1229	258	476
1536	256	512	1474	257	476
1792	256	512	1717	256	475
2048	256	512	1959	255	475
2303	256	512	2220	254	474
2559	256	512	2466	253	475
2815	256	512	2699	252	475
3071	256	512	2941	251	474
3327	256	512	3185	250	475
3583	256	512	3427	249	475
3839	256	512	3664	246	475
4095	256	512	3903	241	473
0	512	512	6	511	475
256	512	512	255	510	475
512	512	512	503	509	475
768	512	512	748	508	474
1024	512	512	991	507	474
1280	512	512	1231	506	475
1536	512	512	1475	505	475
1792	512	512	1718	504	473
2048	512	512	1961	502	474
2303	512	512	2222	501	474
2559	512	512	2468	501	474
2815	512	512	2701	500	474
3071	512	512	2944	499	474
3327	512	512	3187	498	473
3583	512	512	3429	497	474
3839	512	512	3666	496	474
4095	512	512	3904	494	472
0	768	512	5	764	475
256	768	512	254	762	474
512	768	512	504	761	474
768	768	512	747	760	474
1024	768	512	990	759	474
1280	768	512	1231	757	474
1536	768	512	1476	756	474
1792	768	512	1718	755	473
2048	768	512	1961	755	473
2303	768	512	2222	754	473
2559	768	512	2467	752	474
2815	768	512	2701	752	473
3071	768	512	2943	751	473
3327	768	512	3187	749	474
3583	768	512	3428	749	473
3839	768	512	3666	748	473
4095	768	512	3905	747	472
0	1024	512	5	1015	475
256	1024	512	253	1013	475
512	1024	512	503	1011	474
768	1024	512	746	1010	474
1024	1024	512	990	1009	474
1280	1024	512	1230	1008	474
1536	1024	512	1475	1007	474
1792	1024	512	1718	1006	474
2048	1024	512	1959	1005	473
2303	1024	512	2221	1004	473
2559	1024	512	2468	1003	474
2815	1024	512	2701	1002	473
3071	1024	512	2942	1002	473
3327	1024	512	3185	1000	473
3583	1024	512	3428	999	473
3839	1024	512	3665	998	472
4095	1024	512	3903	997	472
0	1280	512	4	1256	474
256	1280	512	253	1255	474
512	1280	512	503	1254	473
768	1280	512	746	1253	473
1024	1280	512	990	1252	474
1280	1280	512	1230	1250	474
1536	1280	512	1474	1249	473
1792	1280	512	1717	1248	473
2048	1280	512	1960	1247	473
2303	1280	512	2221	1247	472
2559	1280	512	2467	1246	473
2815	1280	512	2700	1245	473
3071	1280	512	2942	1243	472
3327	1280	512	3185	1242	472
3583	1280	512	3427	1246	473
3839	1280	512	3666	1251	471
4095	1280	512	3903	1239	471
0	1536	512	4	1517	474
256	1536	512	251	1513	474
512	1536	512	501	1513	474
768	1536	512	745	1512	473
1024	1536	512	987	1511	473
1280	1536	512	1228	1510	473
1536	1536	512	1473	1508	472
1792	1536	512	1716	1508	472
2048	1536	512	1959	1507	472
2303	1536	512	2220	1506	471
2559	1536	512	2467	1505	472
2815	1536	512	2699	1503	472
3071	1536	512	2941	1502	472
3327	1536	512	3184	1501	471
3583	1536	512	3425	1500	471
3839	1536	512	3664	1500	472
4095	1536	512	3902	1498	471
0	1792	512	3	1767	473
256	1792	512	251	1765	473
512	1792	512	500	1764	472
768	1792	512	744	1763	472
1024	1792	512	987	1762	472
1280	1792	512	1227	1761	472
1536	1792	512	1472	1760	472
1792	1792	512	1715	1759	471
2048	1792	512	1957	1758	472
2303	1792	512	2219	1757	472
2559	1792	512	2465	1755	472
2815	1792	512	2698	1754	471
3071	1792	512	2940	1754	472
3327	1792	512	3184	1753	471
3583	1792	512	3426	1751	471
3839	1792	512	3663	1750	471
4095	1792	512	3902	1750	470
0	2048	512	2	2018	473
256	2048	512	250	2015	472
512	2048	512	500	2014	472
768	2048	512	742	2013	472
1024	2048	512	986	2013	471
1280	2048	512	1228	2010	471
1536	2048	512	1471	2010	471
1792	2048	512	1714	2008	472
2048	2048	512	1956	2007	471
2303	2048	512	2218	2006	471
2559	2048	512	2464	2005	471
2815	2048	512	2698	2005	470
3071	2048	512	2940	2004	471
3327	2048	512	3183	2002	472
3583	2048	512	3425	2001	470
3839	2048	512	3663	2001	471
4095	2048	512	3901	1999	470
0	2303	512	2	2288	472
256	2303	512	250	2286	472
512	2303	512	500	2285	471
768	2303	512	744	2282	471
1024	2303	512	986	2282	471
1280	2303	512	1228	2281	471
1536	2303	512	1472	2279	471
1792	2303	512	1715	2279	471
2048	2303	512	1957	2278	470
2303	2303	512	2219	2276	470
2559	2303	512	2466	2275	470
2815	2303	512	2698	2274	470
3071	2303	512	2941	2274	470
3327	2303	512	3185	2272	470
3583	2303	512	3426	2271	471
3839	2303	512	3663	2270	470
4095	2303	512	3903	2269	469
0	2559	512	1	2531	471
256	2559	512	249	2529	471
512	2559	512	498	2529	471
768	2559	512	742	2528	470
1024	2559	512	986	2527	470
1280	2559	512	1226	2526	471
1536	2559	512	1471	2525	470
1792	2559	512	1715	2525	470
2048	2559	512	1957	2524	470
2303	2559	512	2217	2522	470
2559	2559	512	2464	2521	470
2815	2559	512	2698	2520	470
3071	2559	512	2940	2520	469
3327	2559	512	3183	2519	470
3583	2559	512	3426	2517	470
3839	2559	512	3663	2515	469
4095	2559	512	3902	2514	469
0	2815	512	0	2779	470
256	2815	512	248	2777	470
512	2815	512	497	2776	470
768	2815	512	740	2775	470
1024	2815	512	983	2774	470
1280	2815	512	1224	2773	470
1536	2815	512	1469	2772	469
1792	2815	512	1713	2771	469
2048	2815	512	1955	2770	470
2303	2815	512	2216	2770	470
2559	2815	512	2462	2769	469
2815	2815	512	2695	2768	469
3071	2815	512	2939	2766	469
3327	2815	512	3182	2765	469
3583	2815	512	3424	2763	469
3839	2815	512	3663	2762	469
4095	2815	512	3902	2760	467
0	3071	512	0	3029	470
256	3071	512	246	3026	469
512	3071	512	496	3025	469
768	3071	512	740	3024	470
1024	3071	512	982	3023	469
1280	3071	512	1224	3022	469
1536	3071	512	1469	3021	469
1792	3071	512	1713	3021	468
2048	3071	512	1955	3020	469
2303	3071	512	2216	3018	469
2559	3071	512	2463	3017	468
2815	3071	512	2695	3016	468
3071	3071	512	2937	3015	469
3327	3071	512	3181	3013	469
3583	3071	512	3423	3012	468
3839	3071	512	3662	3011	468
4095	3071	512	3901	3010	468
0	3327	512	0	3276	470
256	3327	512	247	3273	469
512	3327	512	496	3272	469
768	3327	512	740	3270	469
1024	3327	512	983	3269	468
1280	3327	512	1224	3268	468
1536	3327	512	1469	3267	468
1792	3327	512	1713	3267	469
2048	3327	512	1955	3266	468
2303	3327	512	2216	3264	469
2559	3327	512	2464	3263	469
2815	3327	512	2696	3262	468
3071	3327	512	2938	3261	468
3327	3327	512	3182	3259	469
3583	3327	512	3424	3258	467
3839	3327	512	3663	3257	468
4095	3327	512	3901	3255	467
0	3583	512	0	3529	469
256	3583	512	246	3526	469
512	3583	512	496	3524	468
768	3583	512	738	3523	468
1024	3583	512	982	3522	468
1280	3583	512	1233	3521	467
1536	3583	512	1472	3520	468
1792	3583	512	1711	3519	468
2048	3583	512	1954	3518	467
2303	3583	512	2215	3517	468
2559	3583	512	2462	3515	468
2815	3583	512	2695	3514	468
3071	3583	512	2938	3513	467
3327	3583	512	3180	3511	468
3583	3583	512	3423	3510	468
3839	3583	512	3662	3508	466
4095	3583	512	3901	3506	466
0	3839	512	0	3780	468
256	3839	512	239	3776	468
512	3839	512	494	3774	468
768	3839	512	738	3773	466
1024	3839	512	981	3772	467
1280	3839	512	1224	3771	468
1536	3839	512	1467	3770	467
1792	3839	512	1710	3768	467
2048	3839	512	1952	3767	467
2303	3839	512	2213	3766	467
2559	3839	512	2462	3765	467
2815	3839	512	2694	3764	467
3071	3839	512	2936	3762	466
3327	3839	512	3180	3761	467
3583	3839	512	3423	3760	467
3839	3839	512	3660	3757	467
4095	3839	512	3898	3755	466
0	4095	512	0	4029	467
256	4095	512	240	4025	467
512	4095	512	490	4024	466
768	4095	512	734	4022	465
1024	4095	512	978	4022	465
1280	4095	512	1228	4020	466
1536	4095	512	1467	4019	466
1792	4095	512	1706	4017	465
2048	4095	512	1950	4016	465
2303	4095	512	2210	4015	466
2559	4095	512	2459	4014	466
2815	4095	512	2692	4013	465
3071	4095	512	2934	4010	465
3327	4095	512	3177	4009	465
3583	4095	512	3420	4007	466
3839	4095	512	3658	4006	466
4095	4095	512	3896	4003	465
0	0	768	11	13	723
256	0	768	258	12	722
512	0	768	508	10	723
768	0	768	753	9	723
1024	0	768	996	8	722
1280	0	768	1238	7	722
1536	0	768	1482	6	722
1792	0	768	1725	6	721
2048	0	768	1967	5	721
2303	0	768	2228	4	721
2559	0	768	2473	3	721
2815	0	768	2706	3	721
3071	0	768	2949	2	721
3327	0	768	3192	2	721
3583	0	768	3434	2	721
3839	0	768	3672	2	721
4095	0	768	3909	3	720
0	256	768	10	267	722
256	256	768	257	266	721
512	256	768	508	265	720
768	256	768	752	265	721
1024	256	768	995	264	721
1280	256	768	1236	263	721
1536	256	768	1481	262	721
1792	256	768	1723	261	721
2048	256	768	1965	260	720
2303	256	768	2229	259	720
2559	256	768	2473	258	720
2815	256	768	2706	258	720
3071	256	768	2948	257	720
3327	256	768	3193	254	720
3583	256	768	3434	254	720
3839	256	768	3672	251	720
4095	256	768	3911	246	720
0	512	768	10	517	721
256	512	768	258	515	721
512	512	768	508	514	720
768	512	768	753	514	721
1024	512	768	997	513	721
1280	512	768	1236	512	720
1536	512	768	1482	511	720
1792	512	768	1724	510	720
2048	512	768	1966	509	719
2303	512	768	2229	508	719
2559	512	768	2475	507	719
2815	512	768	2708	505	719
3071	512	768	2949	504	718
3327	512	768	3192	503	719
3583	512	768	3435	502	719
3839	512	768	3673	501	718
4095	512	768	3911	500	718
0	768	768	9	770	721
256	768	768	258	768	721
512	768	768	509	767	720
768	768	768	752	766	719
1024	768	768	996	765	720
1280	768	768	1237	764	720
1536	768	768	1481	763	719
1792	768	768	1724	762	718
2048	768	768	1967	760	719
2303	768	768	2228	759	718
2559	768	768	2473	758	719
2815	768	768	2707	757	719
3071	768	768	2949	756	717
3327	768	768	3192	755	718
3583	768	768	3434	754	717
3839	768	768	3674	753	717
4095	768	768	3911	752	717
0	1024	768	8	1021	720
256	1024	768	257	1020	720
512	1024	768	508	1019	720
768	1024	768	751	1018	718
1024	1024	768	994	1017	719
1280	1024	768	1236	1015	719
1536	1024	768	1481	1014	718
1792	1024	768	1723	1012	717
2048	1024	768	1966	1011	718
2303	1024	768	2229	1011	719
2559	1024	768	2474	1010	717
2815	1024	768	2707	1009	717
3071	1024	768	2949	1008	718
3327	1024	768	3192	1006	717
3583	1024	768	3434	1005	717
3839	1024	768	3672	1005	717
4095	1024	768	3910	1004	716
0	1280	768	8	1263	720
256	1280	768	257	1262	719
512	1280	768	507	1260	719
768	1280	768	751	1259	719
1024	1280	768	996	1258	718
1280	1280	768	1236	1257	718
1536	1280	768	1481	1256	719
1792	1280	768	1724	1255	717
2048	1280	768	1966	1254	717
2303	1280	768	2228	1254	718
2559	1280	768	2474	1253	717
2815	1280	768	2708	1252	717
3071	1280	768	2949	1251	718
3327	1280	768	3192	1249	717
3583	1280	768	3434	1249	716
3839	1280	768	3673	1249	717
4095	1280	768	3910	1246	717
0	1536	768	7	1522	719
256	1536	768	255	1521	718
512	1536	768	506	1520	718
768	1536	768	749	1519	718
1024	1536	768	993	1518	718
1280	1536	768	1234	1517	718
1536	1536	768	1478	1515	718
1792	1536	768	1722	1515	717
2048	1536	768	1965	1514	717
2303	1536	768	2227	1513	717
2559	1536	768	2472	1513	718
2815	1536	768	2706	1512	717
3071	1536	768	2948	1510	717
3327	1536	768	3191	1509	717
3583	1536	768	3433	1506	716
3839	1536	768	3671	1506	716
4095	1536	768	3909	1505	716
0	1792	768	7	1773	718
256	1792	768	254	1771	718
512	1792	768	504	1770	717
768	1792	768	748	1769	717
1024	1792	768	991	1769	717
1280	1792	768	1233	1768	716
1536	1792	768	1479	1768	717
1792	1792	768	1722	1767	717
2048	1792	768	1964	1766	717
2303	1792	768	2226	1765	716
2559	1792	768	2472	1764	716
2815	1792	768	2704	1761	717
3071	1792	768	2947	1760	716
3327	1792	768	3191	1759	716
3583	1792	768	3433	1758	716
3839	1792	768	3671	1757	715
4095	1792	768	3909	1756	715
0	2048	768	6	2023	717
256	2048	768	253	2022	717
512	2048	768	504	2020	716
768	2048	768	748	2021	715
1024	2048	768	992	2019	715
1280	2048	768	1232	2019	716
1536	2048	768	1477	2018	716
1792	2048	768	1721	2016	717
2048	2048	768	1964	2015	717
2303	2048	768	2224	2014	715
2559	2048	768	2471	2013	716
2815	2048	768	2705	2012	715
3071	2048	768	2946	2011	714
3327	2048	768	3190	2009	715
3583	2048	768	3432	2008	715
3839	2048	768	3669	2007	715
4095	2048	768	3908	2007	714
0	2303	768	5	2295	716
256	2303	768	254	2292	716
512	2303	768	505	2291	716
768	2303	768	748	2291	715
1024	2303	768	992	2290	716
1280	2303	768	1233	2288	715
1536	2303	768	1478	2287	716
1792	2303	768	1723	2287	715
2048	2303	768	1965	2286	715
2303	2303	768	2227	2284	716
2559	2303	768	2472	2284	715
2815	2303	768	2705	2283	715
3071	2303	768	2948	2281	715
3327	2303	768	3191	2279	714
3583	2303	768	3433	2278	714
3839	2303	768	3671	2278	714
4095	2303	768	3910	2277	714
0	2559	768	5	2539	717
256	2559	768	252	2537	716
512	2559	768	502	2536	715
768	2559	768	748	2535	715
1024	2559	768	990	2533	714
1280	2559	768	1231	2532	715
1536	2559	768	1477	2531	715
1792	2559	768	1721	2530	714
2048	2559	768	1962	2530	715
2303	2559	768	2224	2529	715
2559	2559	768	2471	2529	715
2815	2559	768	2704	2528	714
3071	2559	768	2946	2527	714
3327	2559	768	3190	2525	714
3583	2559	768	3432	2525	713
3839	2559	768	3670	2523	714
4095	2559	768	3909	2522	714
0	2815	768	4	2786	716
256	2815	768	251	2785	716
512	2815	768	502	2784	714
768	2815	768	746	2783	714
1024	2815	768	990	2782	715
1280	2815	768	1230	2781	714
1536	2815	768	1475	2780	714
1792	2815	768	1719	2779	714
2048	2815	768	1962	2778	713
2303	2815	768	2223	2777	713
2559	2815	768	2469	2776	714
2815	2815	768	2703	2775	713
3071	2815	768	2945	2773	713
3327	2815	768	3189	2772	713
3583	2815	768	3432	2771	713
3839	2815	768	3670	2770	713
4095	2815	768	3907	2768	713
0	3071	768	3	3036	714
256	3071	768	250	3034	714
512	3071	768	501	3033	713
768	3071	768	744	3032	713
1024	3071	768	988	3031	714
1280	3071	768	1230	3030	714
1536	3071	768	1475	3029	713
1792	3071	768	1719	3029	713
2048	3071	768	1962	3028	714
2303	3071	768	2223	3026	713
2559	3071	768	2468	3025	713
2815	3071	768	2703	3025	713
3071	3071	768	2946	3022	712
3327	3071	768	3189	3021	713
3583	3071	768	3431	3020	713
3839	3071	768	3668	3019	712
4095	3071	768	3907	3017	712
0	3327	768	3	3283	713
256	3327	768	250	3281	713
512	3327	768	501	3280	713
768	3327	768	744	3278	712
1024	3327	768	987	3277	713
1280	3327	768	1229	3276	713
1536	3327	768	1475	3276	712
1792	3327	768	1719	3275	712
2048	3327	768	1961	3274	713
2303	3327	768	2223	3272	712
2559	3327	768	2469	3271	712
2815	3327	768	2702	3270	713
3071	3327	768	2945	3268	713
3327	3327	768	3189	3267	712
3583	3327	768	3431	3266	712
3839	3327	768	3669	3265	712
4095	3327	768	3908	3262	711
0	3583	768	2	3537	713
256	3583	768	249	3535	713
512	3583	768	499	3533	713
768	3583	768	744	3532	713
1024	3583	768	988	3530	711
1280	3583	768	1240	3529	712
1536	3583	768	1478	3527	712
1792	3583	768	1717	3527	712
2048	3583	768	1960	3526	712
2303	3583	768	2221	3524	712
2559	3583	768	2468	3523	711
2815	3583	768	2701	3522	712
3071	3583	768	2944	3521	712
3327	3583	768	3187	3519	711
3583	3583	768	3429	3517	711
3839	3583	768	3668	3516	712
4095	3583	768	3907	3514	712
0	3839	768	1	3787	713
256	3839	768	242	3784	712
512	3839	768	498	3782	712
768	3839	768	743	3781	712
1024	3839	768	986	3780	711
1280	3839	768	1231	3778	711
1536	3839	768	1475	3777	711
1792	3839	768	1716	3776	712
2048	3839	768	1959	3775	711
2303	3839	768	2221	3774	711
2559	3839	768	2467	3773	711
2815	3839	768	2700	3772	710
3071	3839	768	2943	3770	711
3327	3839	768	3187	3769	711
3583	3839	768	3429	3767	710
3839	3839	768	3667	3765	711
4095	3839	768	3906	3763	711
0	4095	768	1	4037	712
256	4095	768	243	4032	712
512	4095	768	495	4031	711
768	4095	768	740	4030	711
1024	4095	768	984	4028	711
1280	4095	768	1226	4027	711
1536	4095	768	1471	4026	711
1792	4095	768	1714	4025	711
2048	4095	768	1956	4024	710
2303	4095	768	2218	4022	711
2559	4095	768	2466	4021	711
2815	4095	768	2700	4020	710
3071	4095	768	2941	4018	710
3327	4095	768	3185	4017	711
3583	4095	768	3428	4015	711
3839	4095	768	3665	4012	710
4095	4095	768	3903	4009	710
0	0	1024	15	17	970
256	0	1024	261	16	970
512	0	1024	513	15	969
768	0	1024	758	14	968
1024	0	1024	1003	12	969
1280	0	1024	1243	12	968
1536	0	1024	1488	11	968
1792	0	1024	1731	10	968
2048	0	1024	1973	9	968
2303	0	1024	2236	8	967
2559	0	1024	2479	8	968
2815	0	1024	2714	7	967
3071	0	1024	2955	6	966
3327	0	1024	3198	5	967
3583	0	1024	3440	4	967
3839	0	1024	3677	4	966
4095	0	1024	3915	3	967
0	256	1024	14	273	968
256	256	1024	261	272	967
512	256	1024	513	270	967
768	256	1024	756	269	966
1024	256	1024	1001	268	967
1280	256	1024	1242	267	968
1536	256	1024	1487	266	966
1792	256	1024	1730	266	967
2048	256	1024	1972	265	966
2303	256	1024	2235	264	966
2559	256	1024	2479	263	966
2815	256	1024	2713	262	966
3071	256	1024	2956	261	965
3327	256	1024	3198	260	965
3583	256	1024	3441	259	966
3839	256	1024	3679	256	966
4095	256	1024	3915	251	965
0	512	1024	13	522	967
256	512	1024	262	521	967
512	512	1024	513	520	967
768	512	1024	758	519	966
1024	512	1024	1001	519	966
1280	512	1024	1243	517	967
1536	512	1024	1488	516	966
1792	512	1024	1730	515	965
2048	512	1024	1972	514	965
2303	512	1024	2236	513	965
2559	512	1024	2480	512	965
2815	512	1024	2713	511	964
3071	512	1024	2954	510	965
3327	512	1024	3199	508	964
3583	512	1024	3441	507	965
3839	512	1024	3679	507	965
4095	512	1024	3917	505	963
0	768	1024	13	775	967
256	768	1024	261	774	965
512	768	1024	512	773	965
768	768	1024	757	771	966
1024	768	1024	1001	771	965
1280	768	1024	1241	770	965
1536	768	1024	1486	769	966
1792	768	1024	1730	767	964
2048	768	1024	1973	767	964
2303	768	1024	2236	766	964
2559	768	1024	2479	765	965
2815	768	1024	2713	763	964
3071	768	1024	2955	762	963
3327	768	1024	3198	761	963
3583	768	1024	3441	760	963
3839	768	1024	3679	759	964
4095	768	1024	3917	758	963
0	1024	1024	12	1026	965
256	1024	1024	260	1024	966
512	1024	1024	512	1024	965
768	1024	1024	755	1022	964
1024	1024	1024	999	1022	965
1280	1024	1024	1241	1021	964
1536	1024	1024	1485	1020	965
1792	1024	1024	1729	1019	964
2048	1024	1024	1972	1017	963
2303	1024	1024	2235	1016	964
2559	1024	1024	2478	1015	964
2815	1024	1024	2712	1014	962
3071	1024	1024	2955	1013	963
3327	1024	1024	3197	1012	963
3583	1024	1024	3440	1012	964
3839	1024	1024	3679	1011	963
4095	1024	1024	3915	1009	963
0	1280	1024	12	1269	965
256	1280	1024	260	1267	965
512	1280	1024	511	1267	963
768	1280	1024	756	1266	964
1024	1280	1024	1000	1265	963
1280	1280	1024	1240	1263	964
1536	1280	1024	1486	1262	964
1792	1280	1024	1729	1261	963
2048	1280	1024	1971	1260	963
2303	1280	1024	2234	1259	962
2559	1280	1024	2479	1258	963
2815	1280	1024	2712	1257	963
3071	1280	1024	2954	1256	962
3327	1280	1024	3198	1255	962
3583	1280	1024	3439	1254	962
3839	1280	1024	3678	1253	962
4095	1280	1024	3916	1252	961
0	1536	1024	11	1529	964
256	1536	1024	259	1528	964
512	1536	1024	509	1526	964
768	1536	1024	754	1525	963
1024	1536	1024	999	1525	963
1280	1536	1024	1239	1523	963
1536	1536	1024	1485	1523	963
1792	1536	1024	1728	1521	962
2048	1536	1024	1970	1521	963
2303	1536	1024	2233	1520	962
2559	1536	1024	2477	1518	962
2815	1536	1024	2711	1518	962
3071	1536	1024	2953	1516	962
3327	1536	1024	3197	1515	961
3583	1536	1024	3440	1514	961
3839	1536	1024	3677	1513	961
4095	1536	1024	3915	1513	960
0	1792	1024	10	1780	963
256	1792	1024	257	1778	963
512	1792	1024	509	1777	962
768	1792	1024	753	1777	962
1024	1792	1024	997	1776	962
1280	1792	1024	1238	1774	962
1536	1792	1024	1483	1773	962
1792	1792	1024	1727	1773	962
2048	1792	1024	1970	1772	962
2303	1792	1024	2233	1771	962
2559	1792	1024	2477	1770	961
2815	1792	1024	2711	1769	961
3071	1792	1024	2954	1768	961
3327	1792	1024	3197	1767	961
3583	1792	1024	3439	1765	961
3839	1792	1024	3677	1764	961
4095	1792	1024	3915	1762	961
0	2048	1024	10	2030	963
256	2048	1024	257	2028	962
512	2048	1024	508	2027	962
768	2048	1024	752	2026	962
1024	2048	1024	995	2026	961
1280	2048	1024	1237	2025	961
1536	2048	1024	1483	2024	962
1792	2048	1024	1726	2022	961
2048	2048	1024	1968	2021	961
2303	2048	1024	2231	2021	961
2559	2048	1024	2476	2020	962
2815	2048	1024	2710	2018	960
3071	2048	1024	2952	2018	961
3327	2048	1024	3196	2016	961
3583	2048	1024	3439	2015	960
3839	2048	1024	3677	2014	961
4095	2048	1024	3915	2013	960
0	2303	1024	9	2302	963
256	2303	1024	258	2300	962
512	2303	1024	508	2298	961
768	2303	1024	753	2297	961
1024	2303	1024	997	2296	961
1280	2303	1024	1237	2295	960
1536	2303	1024	1484	2294	961
1792	2303	1024	1728	2293	961
2048	2303	1024	1971	2291	960
2303	2303	1024	2232	2290	960
2559	2303	1024	2477	2290	961
2815	2303	1024	2711	2288	960
3071	2303	1024	2953	2288	960
3327	2303	1024	3197	2287	960
3583	2303	1024	3439	2286	961
3839	2303	1024	3676	2285	960
4095	2303	1024	3915	2283	960
0	2559	1024	8	2544	962
256	2559	1024	256	2543	962
512	2559	1024	507	2542	961
768	2559	1024	751	2541	960
1024	2559	1024	995	2540	960
1280	2559	1024	1237	2540	960
1536	2559	1024	1483	2537	960
1792	2559	1024	1725	2536	960
2048	2559	1024	1968	2536	960
2303	2559	1024	2231	2535	960
2559	2559	1024	2476	2534	960
2815	2559	1024	2710	2533	960
3071	2559	1024	2953	2532	959
3327	2559	1024	3196	2531	959
3583	2559	1024	3438	2530	960
3839	2559	1024	3677	2529	959
4095	2559	1024	3914	2529	958
0	2815	1024	8	2795	960
256	2815	1024	255	2792	960
512	2815	1024	505	2791	959
768	2815	1024	751	2789	959
1024	2815	1024	994	2789	959
1280	2815	1024	1235	2788	960
1536	2815	1024	1482	2786	959
1792	2815	1024	1726	2785	959
2048	2815	1024	1968	2785	959
2303	2815	1024	2230	2784	960
2559	2815	1024	2476	2783	959
2815	2815	1024	2708	2781	959
3071	2815	1024	2951	2780	959
3327	2815	1024	3195	2779	958
3583	2815	1024	3438	2778	959
3839	2815	1024	3675	2777	959
4095	2815	1024	3913	2775	958
0	3071	1024	7	3044	961
256	3071	1024	254	3041	960
512	3071	1024	504	3039	959
768	3071	1024	749	3039	960
1024	3071	1024	993	3038	958
1280	3071	1024	1235	3037	959
1536	3071	1024	1480	3036	959
1792	3071	1024	1724	3035	958
2048	3071	1024	1967	3034	959
2303	3071	1024	2228	3033	959
2559	3071	1024	2474	3032	958
2815	3071	1024	2708	3031	958
3071	3071	1024	2950	3030	958
3327	3071	1024	3195	3028	958
3583	3071	1024	3437	3027	958
3839	3071	1024	3676	3025	958
4095	3071	1024	3912	3023	959
0	3327	1024	6	3290	960
256	3327	1024	255	3287	959
512	3327	1024	505	3286	958
768	3327	1024	749	3285	958
1024	3327	1024	992	3284	959
1280	3327	1024	1234	3283	958
1536	3327	1024	1481	3281	958
1792	3327	1024	1723	3281	958
2048	3327	1024	1967	3280	958
2303	3327	1024	2230	3279	958
2559	3327	1024	2474	3278	958
2815	3327	1024	2709	3277	957
3071	3327	1024	2951	3274	958
3327	3327	1024	3195	3273	958
3583	3327	1024	3437	3272	957
3839	3327	1024	3674	3270	957
4095	3327	1024	3913	3269	958
0	3583	1024	6	3543	959
256	3583	1024	252	3541	959
512	3583	1024	503	3539	957
768	3583	1024	749	3538	957
1024	3583	1024	992	3536	957
1280	3583	1024	1235	3535	957
1536	3583	1024	1480	3534	957
1792	3583	1024	1723	3533	957
2048	3583	1024	1966	3532	957
2303	3583	1024	2228	3530	957
2559	3583	1024	2474	3529	957
2815	3583	1024	2707	3528	958
3071	3583	1024	2950	3527	957
3327	3583	1024	3194	3526	957
3583	3583	1024	3436	3524	957
3839	3583	1024	3673	3522	956
4095	3583	1024	3911	3520	956
0	3839	1024	5	3793	958
256	3839	1024	245	3790	958
512	3839	1024	502	3788	957
768	3839	1024	746	3788	957
1024	3839	1024	990	3786	957
1280	3839	1024	1232	3785	957
1536	3839	1024	1478	3783	957
1792	3839	1024	1722	3782	956
2048	3839	1024	1965	3780	957
2303	3839	1024	2226	3779	956
2559	3839	1024	2472	3779	956
2815	3839	1024	2705	3777	957
3071	3839	1024	2948	3776	955
3327	3839	1024	3191	3775	956
3583	3839	1024	3434	3773	956
3839	3839	1024	3673	3771	956
4095	3839	1024	3911	3769	956
0	4095	1024	4	4043	957
256	4095	1024	247	4040	957
512	4095	1024	499	4038	956
768	4095	1024	744	4035	956
1024	4095	1024	987	4034	956
1280	4095	1024	1229	4033	956
1536	4095	1024	1475	4032	957
1792	4095	1024	1719	4031	956
2048	4095	1024	1962	4030	956
2303	4095	1024	2224	4028	956
2559	4095	1024	2470	4027	956
2815	4095	1024	2704	4026	955
3071	4095	1024	2946	4024	956
3327	4095	1024	3190	4022	955
3583	4095	1024	3431	4020	956
3839	4095	1024	3670	4019	956
4095	4095	1024	3908	4016	955
0	0	1280	18	22	1205
256	0	1280	264	21	1204
512	0	1280	517	19	1205
768	0	1280	762	19	1205
1024	0	1280	1006	18	1205
1280	0	1280	1247	17	1204
1536	0	1280	1493	16	1204
1792	0	1280	1735	15	1203
2048	0	1280	1978	14	1203
2303	0	1280	2242	13	1204
2559	0	1280	2483	12	1202
2815	0	1280	2718	12	1203
3071	0	1280	2960	11	1204
3327	0	1280	3203	10	1204
3583	0	1280	3444	9	1202
3839	0	1280	3683	9	1203
4095	0	1280	3921	7	1203
0	256	1280	18	278	1204
256	256	1280	264	277	1203
512	256	1280	516	276	1203
768	256	1280	760	275	1203
1024	256	1280	1005	273	1202
1280	256	1280	1245	272	1201
1536	256	1280	1492	271	1202
1792	256	1280	1735	270	1202
2048	256	1280	1977	269	1202
2303	256	1280	2240	268	1201
2559	256	1280	2483	268	1201
2815	256	1280	2718	267	1201
3071	256	1280	2959	266	1214
3327	256	1280	3202	265	1201
3583	256	1280	3445	264	1202
3839	256	1280	3683	261	1202
4095	256	1280	3920	257	1200
0	512	1280	17	528	1201
256	512	1280	265	527	1202
512	512	1280	517	525	1202
768	512	1280	760	524	1202
1024	512	1280	1005	523	1202
1280	512	1280	1247	522	1201
1536	512	1280	1492	521	1201
1792	512	1280	1735	520	1201
2048	512	1280	1978	519	1201
2303	512	1280	2242	518	1201
2559	512	1280	2484	517	1201
2815	512	1280	2718	517	1201
3071	512	1280	2961	515	1200
3327	512	1280	3203	514	1214
3583	512	1280	3445	514	1201
3839	512	1280	3684	513	1202
4095	512	1280	3922	510	1200
0	768	1280	17	781	1201
256	768	1280	264	779	1202
512	768	1280	516	778	1202
768	768	1280	760	777	1201
1024	768	1280	1004	776	1201
1280	768	1280	1245	775	1201
1536	768	1280	1491	774	1199
1792	768	1280	1734	773	1200
2048	768	1280	1976	771	1200
2303	768	1280	2240	771	1200
2559	768	1280	2483	770	1200
2815	768	1280	2717	770	1200
3071	768	1280	2960	768	1199
3327	768	1280	3204	766	1199
3583	768	1280	3445	765	1201
3839	768	1280	3683	764	1213
4095	768	1280	3921	763	1199
0	1024	1280	16	1032	1200
256	1024	1280	264	1030	1201
512	1024	1280	515	1029	1201
768	1024	1280	760	1029	1200
1024	1024	1280	1004	1028	1201
1280	1024	1280	1245	1027	1200
1536	1024	1280	1489	1025	1199
1792	1024	1280	1733	1024	1198
2048	1024	1280	1975	1023	1199
2303	1024	1280	2239	1023	1199
2559	1024	1280	2483	1022	1199
2815	1024	1280	2717	1020	1199
3071	1024	1280	2959	1019	1199
3327	1024	1280	3203	1018	1198
3583	1024	1280	3445	1017	1199
3839	1024	1280	3683	1016	1211
4095	1024	1280	3921	1015	1197
0	1280	1280	15	1274	1201
256	1280	1280	263	1273	1199
512	1280	1280	515	1272	1199
768	1280	1280	759	1271	1200
1024	1280	1280	1004	1270	1199
1280	1280	1280	1245	1270	1200
1536	1280	1280	1490	1269	1200
1792	1280	1280	1733	1267	1197
2048	1280	1280	1976	1265	1198
2303	1280	1280	2240	1265	1199
2559	1280	1280	2483	1264	1198
2815	1280	1280	2717	1263	1198
3071	1280	1280	2960	1262	1199
3327	1280	1280	3203	1260	1199
3583	1280	1280	3444	1259	1198
3839	1280	1280	3683	1258	1198
4095	1280	1280	3920	1257	1198
0	1536	1280	15	1535	1200
256	1536	1280	261	1534	1198
512	1536	1280	512	1533	1199
768	1536	1280	757	1532	1198
1024	1536	1280	1001	1531	1199
1280	1536	1280	1243	1530	1199
1536	1536	1280	1489	1529	1199
1792	1536	1280	1732	1527	1199
2048	1536	1280	1975	1527	1198
2303	1536	1280	2238	1526	1198
2559	1536	1280	2481	1525	1198
2815	1536	1280	2715	1524	1198
3071	1536	1280	2958	1523	1198
3327	1536	1280	3202	1521	1198
3583	1536	1280	3443	1520	1197
3839	1536	1280	3682	1519	1196
4095	1536	1280	3920	1518	1196
0	1792	1280	14	1787	1199
256	1792	1280	261	1785	1198
512	1792	1280	512	1783	1197
768	1792	1280	756	1781	1197
1024	1792	1280	1001	1781	1198
1280	1792	1280	1242	1780	1197
1536	1792	1280	1487	1780	1198
1792	1792	1280	1731	1779	1198
2048	1792	1280	1975	1778	1198
2303	1792	1280	2237	1776	1198
2559	1792	1280	2481	1775	1197
2815	1792	1280	2716	1775	1197
3071	1792	1280	2957	1774	1197
3327	1792	1280	3201	1772	1197
3583	1792	1280	3444	1772	1197
3839	1792	1280	3681	1771	1196
4095	1792	1280	3919	1769	1196
0	2048	1280	13	2036	1199
256	2048	1280	260	2035	1198
512	2048	1280	511	2033	1198
768	2048	1280	756	2033	1197
1024	2048	1280	1000	2032	1197
1280	2048	1280	1241	2031	1197
1536	2048	1280	1486	2030	1197
1792	2048	1280	1730	2028	1197
2048	2048	1280	1973	2028	1197
2303	2048	1280	2238	2028	1197
2559	2048	1280	2481	2027	1196
2815	2048	1280	2714	2026	1197
3071	2048	1280	2957	2024	1196
3327	2048	1280	3200	2023	1196
3583	2048	1280	3442	2021	1197
3839	2048	1280	3680	2020	1197
4095	2048	1280	3918	2019	1196
0	2303	1280	13	2307	1197
256	2303	1280	260	2306	1197
512	2303	1280	512	2303	1197
768	2303	1280	756	2303	1196
1024	2303	1280	1000	2302	1197
1280	2303	1280	1241	2301	1197
1536	2303	1280	1488	2300	1197
1792	2303	1280	1731	2299	1196
2048	2303	1280	1974	2299	1196
2303	2303	1280	2237	2298	1198
2559	2303	1280	2481	2297	1197
2815	2303	1280	2714	2294	1197
3071	2303	1280	2957	2293	1196
3327	2303	1280	3201	2291	1196
3583	2303	1280	3442	2290	1196
3839	2303	1280	3681	2289	1195
4095	2303	1280	3919	2289	1195
0	2559	1280	12	2550	1197
256	2559	1280	259	2548	1196
512	2559	1280	509	2546	1196
768	2559	1280	754	2546	1195
1024	2559	1280	999	2546	1195
1280	2559	1280	1240	2545	1195
1536	2559	1280	1486	2544	1196
1792	2559	1280	1730	2543	1195
2048	2559	1280	1972	2541	1196
2303	2559	1280	2234	2540	1196
2559	2559	1280	2480	2539	1197
2815	2559	1280	2714	2538	1195
3071	2559	1280	2955	2537	1195
3327	2559	1280	3199	2536	1195
3583	2559	1280	3442	2535	1194
3839	2559	1280	3680	2534	1194
4095	2559	1280	3917	2533	1195
0	2815	1280	11	2799	1196
256	2815	1280	258	2798	1196
512	2815	1280	509	2797	1195
768	2815	1280	753	2796	1195
1024	2815	1280	998	2794	1195
1280	2815	1280	1239	2793	1194
1536	2815	1280	1485	2791	1195
1792	2815	1280	1729	2791	1195
2048	2815	1280	1972	2790	1195
2303	2815	1280	2234	2789	1195
2559	2815	1280	2478	2788	1195
2815	2815	1280	2712	2787	1194
3071	2815	1280	2955	2785	1194
3327	2815	1280	3199	2784	1195
3583	2815	1280	3441	2783	1194
3839	2815	1280	3678	2782	1194
4095	2815	1280	3917	2781	1194
0	3071	1280	11	3050	1196
256	3071	1280	256	3048	1195
512	3071	1280	508	3046	1194
768	3071	1280	753	3044	1194
1024	3071	1280	997	3043	1195
1280	3071	1280	1237	3043	1195
1536	3071	1280	1483	3041	1193
1792	3071	1280	1728	3040	1193
2048	3071	1280	1970	3039	1194
2303	3071	1280	2233	3039	1194
2559	3071	1280	2479	3038	1194
2815	3071	1280	2712	3036	1194
3071	3071	1280	2954	3035	1193
3327	3071	1280	3198	3034	1193
3583	3071	1280	3441	3032	1194
3839	3071	1280	3679	3031	1193
4095	3071	1280	3916	3029	1193
0	3327	1280	10	3294	1195
256	3327	1280	257	3292	1195
512	3327	1280	507	3291	1194
768	3327	1280	753	3290	1193
1024	3327	1280	997	3289	1194
1280	3327	1280	1238	3288	1194
1536	3327	1280	1484	3287	1193
1792	3327	1280	1728	3286	1193
2048	3327	1280	1971	3285	1193
2303	3327	1280	2233	3284	1193
2559	3327	1280	2478	3282	1193
2815	3327	1280	2712	3282	1193
3071	3327	1280	2954	3281	1193
3327	3327	1280	3197	3279	1192
3583	3327	1280	3440	3277	1193
3839	3327	1280	3678	3275	1193
4095	3327	1280	3916	3274	1192
0	3583	1280	9	3547	1193
256	3583	1280	255	3545	1193
512	3583	1280	506	3543	1195
768	3583	1280	751	3542	1193
1024	3583	1280	995	3541	1192
1280	3583	1280	1237	3540	1192
1536	3583	1280	1483	3539	1193
1792	3583	1280	1726	3538	1192
2048	3583	1280	1969	3537	1193
2303	3583	1280	2231	3536	1193
2559	3583	1280	2476	3535	1191
2815	3583	1280	2710	3534	1192
3071	3583	1280	2953	3531	1192
3327	3583	1280	3198	3530	1191
3583	3583	1280	3439	3529	1191
3839	3583	1280	3677	3527	1191
4095	3583	1280	3915	3525	1192
0	3839	1280	9	3798	1193
256	3839	1280	247	3795	1192
512	3839	1280	504	3793	1194
768	3839	1280	749	3792	1202
1024	3839	1280	994	3791	1191
1280	3839	1280	1234	3790	1191
1536	3839	1280	1480	3789	1192
1792	3839	1280	1724	3788	1192
2048	3839	1280	1967	3787	1191
2303	3839	1280	2230	3785	1192
2559	3839	1280	2476	3783	1192
2815	3839	1280	2709	3782	1191
3071	3839	1280	2951	3781	1191
3327	3839	1280	3195	3779	1191
3583	3839	1280	3438	3778	1191
3839	3839	1280	3675	3776	1191
4095	3839	1280	3914	3774	1191
0	4095	1280	8	4048	1193
256	4095	1280	250	4044	1192
512	4095	1280	502	4043	1191
768	4095	1280	746	4041	1191
1024	4095	1280	990	4040	1191
1280	4095	1280	1231	4039	1191
1536	4095	1280	1477	4037	1191
1792	4095	1280	1722	4036	1191
2048	4095	1280	1965	4034	1190
2303	4095	1280	2226	4033	1191
2559	4095	1280	2473	4032	1191
2815	4095	1280	2707	4030	1190
3071	4095	1280	2949	4029	1190
3327	4095	1280	3192	4027	1190
3583	4095	1280	3435	4026	1191
3839	4095	1280	3673	4024	1190
4095	4095	1280	3911	4021	1189
0	0	1536	22	26	1460
256	0	1536	268	25	1460
512	0	1536	520	24	1459
768	0	1536	764	23	1459
1024	0	1536	1008	22	1459
1280	0	1536	1250	21	1458
1536	0	1536	1495	20	1458
1792	0	1536	1738	20	1458
2048	0	1536	1981	19	1458
2303	0	1536	2244	18	1457
2559	0	1536	2486	16	1457
2815	0	1536	2721	16	1458
3071	0	1536	2963	15	1457
3327	0	1536	3206	14	1457
3583	0	1536	3447	13	1457
3839	0	1536	3685	13	1456
4095	0	1536	3923	12	1457
0	256	1536	22	281	1457
256	256	1536	267	280	1457
512	256	1536	519	280	1457
768	256	1536	763	279	1456
1024	256	1536	1007	278	1457
1280	256	1536	1248	277	1456
1536	256	1536	1494	276	1455
1792	256	1536	1737	274	1455
2048	256	1536	1980	273	1457
2303	256	1536	2244	272	1455
2559	256	1536	2488	272	1457
2815	256	1536	2722	271	1457
3071	256	1536	2964	270	1459
3327	256	1536	3208	269	1456
3583	256	1536	3448	268	1455
3839	256	1536	3686	264	1455
4095	256	1536	3924	261	1455
0	512	1536	21	532	1456
256	512	1536	268	531	1456
512	512	1536	519	529	1456
768	512	1536	764	529	1456
1024	512	1536	1009	527	1456
1280	512	1536	1248	526	1455
1536	512	1536	1494	525	1455
1792	512	1536	1738	524	1454
2048	512	1536	1980	523	1455
2303	512	1536	2244	522	1455
2559	512	1536	2487	521	1455
2815	512	1536	2722	520	1454
3071	512	1536	2963	519	1455
3327	512	1536	3207	518	1453
3583	512	1536	3449	517	1457
3839	512	1536	3687	516	1454
4095	512	1536	3925	515	1457
0	768	1536	20	785	1456
256	768	1536	267	784	1455
512	768	1536	520	781	1455
768	768	1536	763	781	1455
1024	768	1536	1007	779	1454
1280	768	1536	1248	779	1454
1536	768	1536	1493	778	1455
1792	768	1536	1737	777	1454
2048	768	1536	1980	776	1454
2303	768	1536	2245	775	1455
2559	768	1536	2487	774	1455
2815	768	1536	2721	773	1454
3071	768	1536	2963	772	1454
3327	768	1536	3207	771	1454
3583	768	1536	3450	770	1453
3839	768	1536	3688	769	1456
4095	768	1536	3924	767	1453
0	1024	1536	20	1036	1455
256	1024	1536	266	1034	1456
512	1024	1536	518	1033	1454
768	1024	1536	763	1032	1454
1024	1024	1536	1006	1031	1455
1280	1024	1536	1248	1030	1455
1536	1024	1536	1494	1029	1454
1792	1024	1536	1736	1028	1454
2048	1024	1536	1979	1028	1454
2303	1024	1536	2244	1026	1453
2559	1024	1536	2487	1025	1454
2815	1024	1536	2720	1025	1453
3071	1024	1536	2962	1024	1453
3327	1024	1536	3206	1021	1453
3583	1024	1536	3447	1020	1453
3839	1024	1536	3685	1019	1455
4095	1024	1536	3923	1018	1451
0	1280	1536	19	1278	1454
256	1280	1536	266	1276	1453
512	1280	1536	517	1274	1452
768	1280	1536	761	1273	1453
1024	1280	1536	1006	1273	1453
1280	1280	1536	1247	1272	1454
1536	1280	1536	1494	1272	1454
1792	1280	1536	1737	1271	1453
2048	1280	1536	1980	1270	1453
2303	1280	1536	2243	1269	1453
2559	1280	1536	2486	1268	1453
2815	1280	1536	2721	1266	1453
3071	1280	1536	2962	1265	1452
3327	1280	1536	3206	1264	1452
3583	1280	1536	3448	1263	1452
3839	1280	1536	3685	1262	1451
4095	1280	1536	3924	1261	1450
0	1536	1536	18	1539	1452
256	1536	1536	265	1537	1453
512	1536	1536	516	1536	1453
768	1536	1536	760	1536	1451
1024	1536	1536	1004	1534	1452
1280	1536	1536	1246	1534	1452
1536	1536	1536	1491	1533	1452
1792	1536	1536	1735	1532	1452
2048	1536	1536	1979	1531	1452
2303	1536	1536	2243	1530	1452
2559	1536	1536	2485	1530	1452
2815	1536	1536	2719	1528	1452
3071	1536	1536	2962	1527	1452
3327	1536	1536	3205	1525	1451
3583	1536	1536	3447	1524	1451
3839	1536	1536	3685	1523	1451
4095	1536	1536	3923	1522	1450
0	1792	1536	18	1790	1452
256	1792	1536	264	1789	1451
512	1792	1536	515	1787	1451
768	1792	1536	760	1786	1452
1024	1792	1536	1003	1786	1451
1280	1792	1536	1244	1784	1451
1536	1792	1536	1491	1784	1452
1792	1792	1536	1735	1782	1451
2048	1792	1536	1976	1781	1451
2303	1792	1536	2240	1781	1452
2559	1792	1536	2484	1780	1451
2815	1792	1536	2718	1779	1452
3071	1792	1536	2961	1778	1451
3327	1792	1536	3205	1776	1450
3583	1792	1536	3446	1775	1450
3839	1792	1536	3685	1774	1450
4095	1792	1536	3922	1773	1450
0	2048	1536	17	2041	1453
256	2048	1536	263	2039	1451
512	2048	1536	514	2037	1451
768	2048	1536	759	2037	1451
1024	2048	1536	1004	2036	1450
1280	2048	1536	1245	2036	1451
1536	2048	1536	1491	2035	1451
1792	2048	1536	1734	2034	1452
2048	2048	1536	1976	2033	1450
2303	2048	1536	2239	2031	1451
2559	2048	1536	2484	2030	1452
2815	2048	1536	2718	2030	1450
3071	2048	1536	2960	2029	1451
3327	2048	1536	3204	2027	1451
3583	2048	1536	3446	2026	1450
3839	2048	1536	3685	2025	1449
4095	2048	1536	3922	2023	1449
0	2303	1536	16	2312	1453
256	2303	1536	264	2310	1452
512	2303	1536	515	2308	1450
768	2303	1536	759	2308	1451
1024	2303	1536	1003	2306	1451
1280	2303	1536	1245	2305	1450
1536	2303	1536	1492	2305	1451
1792	2303	1536	1734	2303	1451
2048	2303	1536	1978	2303	1451
2303	2303	1536	2241	2302	1451
2559	2303	1536	2484	2301	1451
2815	2303	1536	2719	2300	1451
3071	2303	1536	2961	2298	1449
3327	2303	1536	3204	2297	1451
3583	2303	1536	3446	2295	1450
3839	2303	1536	3685	2294	1448
4095	2303	1536	3922	2292	1449
0	2559	1536	16	2554	1451
256	2559	1536	262	2551	1450
512	2559	1536	513	2551	1450
768	2559	1536	757	2550	1449
1024	2559	1536	1003	2549	1449
1280	2559	1536	1243	2549	1450
1536	2559	1536	1489	2548	1449
1792	2559	1536	1733	2547	1449
2048	2559	1536	1975	2546	1450
2303	2559	1536	2238	2544	1449
2559	2559	1536	2482	2543	1450
2815	2559	1536	2717	2542	1450
3071	2559	1536	2959	2541	1449
3327	2559	1536	3203	2540	1449
3583	2559	1536	3445	2539	1449
3839	2559	1536	3683	2538	1447
4095	2559	1536	3921	2536	1448
0	2815	1536	15	2803	1449
256	2815	1536	261	2801	1449
512	2815	1536	512	2800	1449
768	2815	1536	756	2799	1448
1024	2815	1536	1000	2797	1448
1280	2815	1536	1243	2797	1449
1536	2815	1536	1488	2796	1448
1792	2815	1536	1731	2795	1448
2048	2815	1536	1975	2794	1449
2303	2815	1536	2238	2792	1448
2559	2815	1536	2481	2791	1447
2815	2815	1536	2716	2791	1448
3071	2815	1536	2957	2789	1449
3327	2815	1536	3202	2788	1448
3583	2815	1536	3445	2787	1448
3839	2815	1536	3682	2786	1447
4095	2815	1536	3920	2784	1446
0	3071	1536	14	3053	1449
256	3071	1536	260	3051	1448
512	3071	1536	511	3050	1448
768	3071	1536	757	3048	1448
1024	3071	1536	1000	3047	1448
1280	3071	1536	1240	3047	1447
1536	3071	1536	1487	3045	1448
1792	3071	1536	1731	3044	1447
2048	3071	1536	1973	3043	1447
2303	3071	1536	2237	3042	1448
2559	3071	1536	2480	3041	1447
2815	3071	1536	2715	3040	1447
3071	3071	1536	2958	3038	1447
3327	3071	1536	3202	3037	1448
3583	3071	1536	3443	3036	1447
3839	3071	1536	3681	3034	1447
4095	3071	1536	3919	3033	1447
0	3327	1536	14	3299	1449
256	3327	1536	260	3297	1447
512	3327	1536	511	3296	1447
768	3327	1536	756	3294	1447
1024	3327	1536	1000	3293	1448
1280	3327	1536	1241	3292	1447
1536	3327	1536	1487	3291	1447
1792	3327	1536	1732	3290	1448
2048	3327	1536	1974	3289	1447
2303	3327	1536	2237	3288	1447
2559	3327	1536	2482	3287	1447
2815	3327	1536	2716	3286	1447
3071	3327	1536	2958	3285	1446
3327	3327	1536	3202	3283	1446
3583	3327	1536	3444	3282	1446
3839	3327	1536	3681	3280	1445
4095	3327	1536	3919	3278	1445
0	3583	1536	13	3552	1448
256	3583	1536	259	3549	1447
512	3583	1536	510	3547	1447
768	3583	1536	754	3547	1446
1024	3583	1536	998	3546	1447
1280	3583	1536	1239	3545	1446
1536	3583	1536	1485	3544	1446
1792	3583	1536	1730	3542	1446
2048	3583	1536	1973	3541	1446
2303	3583	1536	2235	3540	1446
2559	3583	1536	2480	3539	1446
2815	3583	1536	2715	3538	1446
3071	3583	1536	2957	3537	1446
3327	3583	1536	3200	3535	1446
3583	3583	1536	3442	3534	1446
3839	3583	1536	3680	3531	1444
4095	3583	1536	3918	3529	1444
0	3839	1536	12	3802	1447
256	3839	1536	251	3798	1446
512	3839	1536	508	3797	1446
768	3839	1536	752	3796	1448
1024	3839	1536	996	3795	1445
1280	3839	1536	1238	3794	1446
1536	3839	1536	1484	3793	1445
1792	3839	1536	1727	3792	1445
2048	3839	1536	1970	3791	1445
2303	3839	1536	2234	3790	1445
2559	3839	1536	2479	3789	1445
2815	3839	1536	2712	3787	1445
3071	3839	1536	2955	3785	1444
3327	3839	1536	3199	3784	1445
3583	3839	1536	3441	3782	1445
3839	3839	1536	3679	3780	1444
4095	3839	1536	3918	3778	1444
0	4095	1536	12	4053	1446
256	4095	1536	253	4048	1444
512	4095	1536	504	4047	1444
768	4095	1536	749	4046	1444
1024	4095	1536	994	4044	1444
1280	4095	1536	1235	4043	1444
1536	4095	1536	1481	4043	1445
1792	4095	1536	1726	4042	1444
2048	4095	1536	1968	4040	1444
2303	4095	1536	2231	4038	1445
2559	4095	1536	2476	4036	1444
2815	4095	1536	2711	4035	1444
3071	4095	1536	2953	4033	1445
3327	4095	1536	3197	4032	1444
3583	4095	1536	3439	4030	1444
3839	4095	1536	3677	4028	1444
4095	4095	1536	3916	4025	1443
0	0	1792	26	30	1709
256	0	1792	270	29	1708
512	0	1792	521	28	1710
768	0	1792	767	27	1710
1024	0	1792	1011	27	1708
1280	0	1792	1252	26	1709
1536	0	1792	1499	25	1710
1792	0	1792	1741	24	1707
2048	0	1792	1983	23	1708
2303	0	1792	2249	22	1709
2559	0	1792	2490	22	1708
2815	0	1792	2725	21	1707
3071	0	1792	2966	20	1708
3327	0	1792	3210	18	1707
3583	0	1792	3452	17	1707
3839	0	1792	3689	17	1707
4095	0	1792	3927	16	1708
0	256	1792	25	286	1708
256	256	1792	269	285	1707
512	256	1792	522	284	1707
768	256	1792	766	282	1707
1024	256	1792	1010	282	1706
1280	256	1792	1251	281	1707
1536	256	1792	1497	280	1707
1792	256	1792	1740	279	1707
2048	256	1792	1984	278	1706
2303	256	1792	2249	277	1707
2559	256	1792	2489	276	1707
2815	256	1792	2724	275	1706
3071	256	1792	2967	274	1706
3327	256	1792	3210	273	1706
3583	256	1792	3451	272	1706
3839	256	1792	3691	268	1706
4095	256	1792	3927	265	1705
0	512	1792	25	536	1707
256	512	1792	271	535	1707
512	512	1792	522	533	1706
768	512	1792	766	533	1706
1024	512	1792	1010	532	1706
1280	512	1792	1252	531	1706
1536	512	1792	1498	531	1706
1792	512	1792	1741	528	1706
2048	512	1792	1983	527	1705
2303	512	1792	2249	526	1706
2559	512	1792	2491	526	1707
2815	512	1792	2725	525	1706
3071	512	1792	2968	524	1705
3327	512	1792	3211	522	1705
3583	512	1792	3453	522	1706
3839	512	1792	3692	521	1705
4095	512	1792	3929	520	1705
0	768	1792	24	790	1707
256	768	1792	270	788	1706
512	768	1792	521	786	1706
768	768	1792	766	786	1706
1024	768	1792	1010	784	1706
1280	768	1792	1251	783	1706
1536	768	1792	1498	783	1705
1792	768	1792	1740	782	1705
2048	768	1792	1983	781	1706
2303	768	1792	2248	780	1705
2559	768	1792	2490	779	1705
2815	768	1792	2725	778	1705
3071	768	1792	2966	777	1704
3327	768	1792	3211	776	1705
3583	768	1792	3453	775	1704
3839	768	1792	3691	774	1703
4095	768	1792	3928	773	1703
0	1024	1792	23	1041	1706
256	1024	1792	269	1040	1705
512	1024	1792	520	1037	1705
768	1024	1792	764	1036	1704
1024	1024	1792	1010	1036	1706
1280	1024	1792	1251	1035	1706
1536	1024	1792	1496	1034	1704
1792	1024	1792	1740	1033	1704
2048	1024	1792	1983	1032	1706
2303	1024	1792	2248	1030	1705
2559	1024	1792	2488	1030	1704
2815	1024	1792	2723	1029	1704
3071	1024	1792	2966	1028	1703
3327	1024	1792	3209	1027	1703
3583	1024	1792	3451	1026	1704
3839	1024	1792	3689	1025	1703
4095	1024	1792	3926	1023	1702
0	1280	1792	23	1283	1705
256	1280	1792	269	1281	1704
512	1280	1792	520	1280	1704
768	1280	1792	765	1279	1704
1024	1280	1792	1009	1279	1704
1280	1280	1792	1250	1277	1704
1536	1280	1792	1497	1277	1705
1792	1280	1792	1741	1276	1704
2048	1280	1792	1983	1276	1705
2303	1280	1792	2248	1275	1705
2559	1280	1792	2490	1274	1703
2815	1280	1792	2724	1273	1703
3071	1280	1792	2967	1271	1703
3327	1280	1792	3211	1269	1703
3583	1280	1792	3451	1268	1703
3839	1280	1792	3689	1267	1702
4095	1280	1792	3927	1266	1702
0	1536	1792	22	1544	1705
256	1536	1792	267	1543	1703
512	1536	1792	518	1541	1703
768	1536	1792	763	1540	1703
1024	1536	1792	1007	1540	1703
1280	1536	1792	1249	1539	1703
1536	1536	1792	1495	1539	1704
1792	1536	1792	1738	1537	1704
2048	1536	1792	1981	1537	1703
2303	1536	1792	2245	1536	1704
2559	1536	1792	2489	1535	1704
2815	1536	1792	2723	1533	1703
3071	1536	1792	2965	1532	1703
3327	1536	1792	3209	1530	1702
3583	1536	1792	3450	1529	1702
3839	1536	1792	3689	1528	1701
4095	1536	1792	3926	1527	1701
0	1792	1792	21	1795	1703
256	1792	1792	266	1794	1704
512	1792	1792	518	1793	1703
768	1792	1792	762	1791	1702
1024	1792	1792	1006	1791	1702
1280	1792	1792	1248	1790	1702
1536	1792	1792	1495	1789	1702
1792	1792	1792	1738	1788	1703
2048	1792	1792	1980	1787	1702
2303	1792	1792	2245	1786	1702
2559	1792	1792	2487	1785	1703
2815	1792	1792	2722	1784	1703
3071	1792	1792	2965	1783	1702
3327	1792	1792	3208	1782	1702
3583	1792	1792	3449	1781	1702
3839	1792	1792	3688	1779	1700
4095	1792	1792	3926	1778	1701
0	2048	1792	21	2046	1703
256	2048	1792	265	2043	1702
512	2048	1792	517	2043	1702
768	2048	1792	762	2042	1702
1024	2048	1792	1006	2042	1702
1280	2048	1792	1248	2040	1702
1536	2048	1792	1494	2039	1702
1792	2048	1792	1737	2037	1702
2048	2048	1792	1978	2037	1702
2303	2048	1792	2243	2036	1701
2559	2048	1792	2487	2035	1702
2815	2048	1792	2721	2034	1702
3071	2048	1792	2964	2032	1701
3327	2048	1792	3208	2032	1702
3583	2048	1792	3450	2031	1701
3839	2048	1792	3687	2030	1701
4095	2048	1792	3925	2028	1700
0	2303	1792	20	2318	1702
256	2303	1792	267	2316	1701
512	2303	1792	518	2314	1701
768	2303	1792	763	2313	1701
1024	2303	1792	1007	2312	1701
1280	2303	1792	1248	2311	1702
1536	2303	1792	1494	2310	1702
1792	2303	1792	1738	2309	1701
2048	2303	1792	1981	2308	1701
2303	2303	1792	2244	2307	1701
2559	2303	1792	2487	2306	1701
2815	2303	1792	2723	2305	1701
3071	2303	1792	2964	2304	1701
3327	2303	1792	3208	2302	1700
3583	2303	1792	3450	2301	1700
3839	2303	1792	3689	2300	1700
4095	2303	1792	3926	2298	1699
0	2559	1792	19	2558	1702
256	2559	1792	265	2557	1700
512	2559	1792	516	2556	1700
768	2559	1792	760	2555	1701
1024	2559	1792	1006	2555	1700
1280	2559	1792	1248	2554	1701
1536	2559	1792	1494	2553	1701
1792	2559	1792	1736	2552	1700
2048	2559	1792	1978	2551	1700
2303	2559	1792	2243	2550	1700
2559	2559	1792	2485	2549	1701
2815	2559	1792	2720	2549	1700
3071	2559	1792	2963	2547	1700
3327	2559	1792	3207	2546	1700
3583	2559	1792	3448	2544	1699
3839	2559	1792	3687	2543	1699
4095	2559	1792	3926	2541	1699
0	2815	1792	19	2809	1700
256	2815	1792	264	2806	1700
512	2815	1792	515	2805	1699
768	2815	1792	759	2805	1700
1024	2815	1792	1003	2803	1700
1280	2815	1792	1245	2802	1699
1536	2815	1792	1491	2802	1700
1792	2815	1792	1735	2801	1701
2048	2815	1792	1978	2800	1699
2303	2815	1792	2242	2799	1699
2559	2815	1792	2485	2798	1700
2815	2815	1792	2719	2796	1699
3071	2815	1792	2962	2795	1699
3327	2815	1792	3206	2794	1699
3583	2815	1792	3449	2793	1699
3839	2815	1792	3686	2791	1698
4095	2815	1792	3924	2789	1699
0	3071	1792	18	3059	1699
256	3071	1792	263	3056	1699
512	3071	1792	514	3055	1698
768	3071	1792	759	3054	1699
1024	3071	1792	1002	3053	1699
1280	3071	1792	1245	3052	1698
1536	3071	1792	1490	3051	1698
1792	3071	1792	1734	3050	1699
2048	3071	1792	1977	3048	1699
2303	3071	1792	2241	3047	1699
2559	3071	1792	2484	3047	1699
2815	3071	1792	2719	3046	1699
3071	3071	1792	2962	3045	1698
3327	3071	1792	3205	3043	1699
3583	3071	1792	3448	3043	1699
3839	3071	1792	3687	3041	1698
4095	3071	1792	3924	3039	1697
0	3327	1792	17	3305	1699
256	3327	1792	263	3303	1699
512	3327	1792	515	3301	1698
768	3327	1792	759	3300	1698
1024	3327	1792	1002	3299	1698
1280	3327	1792	1244	3299	1699
1536	3327	1792	1491	3297	1698
1792	3327	1792	1734	3296	1698
2048	3327	1792	1977	3295	1698
2303	3327	1792	2241	3293	1697
2559	3327	1792	2485	3292	1698
2815	3327	1792	2719	3291	1698
3071	3327	1792	2962	3290	1699
3327	3327	1792	3206	3289	1698
3583	3327	1792	3448	3288	1698
3839	3327	1792	3686	3286	1698
4095	3327	1792	3924	3284	1696
0	3583	1792	17	3559	1698
256	3583	1792	262	3556	1698
512	3583	1792	513	3554	1698
768	3583	1792	758	3553	1697
1024	3583	1792	1003	3552	1697
1280	3583	1792	1243	3551	1697
1536	3583	1792	1490	3550	1698
1792	3583	1792	1734	3549	1697
2048	3583	1792	1976	3547	1698
2303	3583	1792	2239	3546	1697
2559	3583	1792	2483	3545	1696
2815	3583	1792	2719	3544	1696
3071	3583	1792	2961	3543	1697
3327	3583	1792	3205	3541	1697
3583	3583	1792	3447	3540	1697
3839	3583	1792	3685	3538	1697
4095	3583	1792	3922	3536	1697
0	3839	1792	16	3808	1698
256	3839	1792	255	3805	1696
512	3839	1792	512	3803	1696
768	3839	1792	755	3802	1697
1024	3839	1792	1000	3801	1696
1280	3839	1792	1241	3800	1696
1536	3839	1792	1487	3799	1697
1792	3839	1792	1731	3798	1697
2048	3839	1792	1974	3796	1696
2303	3839	1792	2239	3795	1696
2559	3839	1792	2482	3794	1697
2815	3839	1792	2717	3793	1696
3071	3839	1792	2960	3791	1696
3327	3839	1792	3203	3790	1696
3583	3839	1792	3445	3788	1696
3839	3839	1792	3684	3786	1695
4095	3839	1792	3921	3784	1695
0	4095	1792	16	4058	1697
256	4095	1792	256	4054	1696
512	4095	1792	509	4052	1695
768	4095	1792	752	4051	1694
1024	4095	1792	996	4050	1695
1280	4095	1792	1238	4049	1694
1536	4095	1792	1485	4048	1695
1792	4095	1792	1728	4046	1696
2048	4095	1792	1971	4045	1695
2303	4095	1792	2235	4044	1695
2559	4095	1792	2480	4043	1695
2815	4095	1792	2714	4041	1695
3071	4095	1792	2957	4039	1695
3327	4095	1792	3201	4037	1695
3583	4095	1792	3442	4035	1694
3839	4095	1792	3681	4033	1694
4095	4095	1792	3919	4031	1694
0	0	2048	30	35	1956
256	0	2048	273	33	1955
512	0	2048	526	32	1954
768	0	2048	771	32	1954
1024	0	2048	1015	31	1954
1280	0	2048	1256	30	1954
1536	0	2048	1504	29	1955
1792	0	2048	1746	28	1955
2048	0	2048	1988	28	1954
2303	0	2048	2254	27	1954
2559	0	2048	2494	26	1954
2815	0	2048	2728	25	1953
3071	0	2048	2971	24	1953
3327	0	2048	3215	23	1953
3583	0	2048	3455	23	1953
3839	0	2048	3694	22	1952
4095	0	2048	3931	20	1952
0	256	2048	29	290	1953
256	256	2048	273	289	1953
512	256	2048	525	288	1953
768	256	2048	770	287	1952
1024	256	2048	1014	286	1953
1280	256	2048	1255	285	1954
1536	256	2048	1502	284	1953
1792	256	2048	1745	283	1953
2048	256	2048	1987	283	1953
2303	256	2048	2252	282	1952
2559	256	2048	2493	281	1952
2815	256	2048	2728	280	1952
3071	256	2048	2970	279	1951
3327	256	2048	3214	277	1952
3583	256	2048	3456	276	1952
3839	256	2048	3695	273	1952
4095	256	2048	3932	270	1951
0	512	2048	28	540	1953
256	512	2048	274	539	1952
512	512	2048	526	538	1952
768	512	2048	770	537	1952
1024	512	2048	1013	537	1951
1280	512	2048	1256	535	1952
1536	512	2048	1502	535	1953
1792	512	2048	1745	534	1951
2048	512	2048	1988	533	1951
2303	512	2048	2254	532	1953
2559	512	2048	2494	530	1952
2815	512	2048	2730	529	1952
3071	512	2048	2972	528	1952
3327	512	2048	3215	527	1951
3583	512	2048	3458	526	1951
3839	512	2048	3696	525	1950
4095	512	2048	3932	524	1950
0	768	2048	28	794	1953
256	768	2048	273	793	1951
512	768	2048	524	791	1952
768	768	2048	769	791	1952
1024	768	2048	1013	790	1951
1280	768	2048	1255	789	1952
1536	768	2048	1501	788	1951
1792	768	2048	1743	786	1950
2048	768	2048	1987	785	1951
2303	768	2048	2253	784	1951
2559	768	2048	2494	784	1952
2815	768	2048	2729	783	1951
3071	768	2048	2971	781	1951
3327	768	2048	3215	780	1951
3583	768	2048	3456	780	1950
3839	768	2048	3694	779	1950
4095	768	2048	3932	777	1950
0	1024	2048	27	1046	1952
256	1024	2048	272	1044	1952
512	1024	2048	523	1043	1951
768	1024	2048	768	1042	1951
1024	1024	2048	1013	1040	1952
1280	1024	2048	1253	1039	1951
1536	1024	2048	1500	1038	1950
1792	1024	2048	1743	1037	1950
2048	1024	2048	1986	1036	1950
2303	1024	2048	2251	1035	1950
2559	1024	2048	2492	1035	1950
2815	1024	2048	2728	1034	1950
3071	1024	2048	2969	1033	1950
3327	1024	2048	3214	1032	1950
3583	1024	2048	3456	1031	1951
3839	1024	2048	3694	1031	1950
4095	1024	2048	3931	1030	1950
0	1280	2048	26	1289	1951
256	1280	2048	272	1288	1951
512	1280	2048	524	1286	1950
768	1280	2048	768	1284	1950
1024	1280	2048	1012	1284	1951
1280	1280	2048	1254	1283	1951
1536	1280	2048	1502	1282	1950
1792	1280	2048	1744	1281	1950
2048	1280	2048	1987	1281	1951
2303	1280	2048	2252	1280	1950
2559	1280	2048	2493	1278	1950
2815	1280	2048	2729	1277	1950
3071	1280	2048	2971	1276	1949
3327	1280	2048	3214	1274	1949
3583	1280	2048	3456	1274	1949
3839	1280	2048	3695	1273	1948
4095	1280	2048	3932	1271	1949
0	1536	2048	26	1550	1950
256	1536	2048	271	1548	1950
512	1536	2048	522	1547	1950
768	1536	2048	767	1546	1949
1024	1536	2048	1011	1545	1950
1280	1536	2048	1253	1545	1950
1536	1536	2048	1498	1543	1948
1792	1536	2048	1742	1542	1949
2048	1536	2048	1984	1542	1950
2303	1536	2048	2249	1540	1949
2559	1536	2048	2491	1540	1949
2815	1536	2048	2727	1539	1949
3071	1536	2048	2969	1538	1949
3327	1536	2048	3213	1536	1948
3583	1536	2048	3454	1534	1948
3839	1536	2048	3692	1533	1948
4095	1536	2048	3930	1532	1947
0	1792	2048	25	1800	1949
256	1792	2048	270	1799	1948
512	1792	2048	521	1797	1948
768	1792	2048	766	1796	1949
1024	1792	2048	1011	1796	1949
1280	1792	2048	1253	1795	1949
1536	1792	2048	1498	1793	1949
1792	1792	2048	1742	1793	1948
2048	1792	2048	1986	1793	1948
2303	1792	2048	2249	1792	1949
2559	1792	2048	2491	1791	1947
2815	1792	2048	2726	1789	1948
3071	1792	2048	2969	1788	1948
3327	1792	2048	3212	1786	1948
3583	1792	2048	3453	1785	1947
3839	1792	2048	3691	1784	1947
4095	1792	2048	3928	1782	1947
0	2048	2048	24	2049	1947
256	2048	2048	269	2048	1947
512	2048	2048	521	2047	1947
768	2048	2048	764	2046	1948
1024	2048	2048	1009	2046	1947
1280	2048	2048	1251	2045	1948
1536	2048	2048	1498	2045	1948
1792	2048	2048	1739	2043	1947
2048	2048	2048	1983	2041	1948
2303	2048	2048	2248	2040	1948
2559	2048	2048	2490	2040	1948
2815	2048	2048	2725	2038	1947
3071	2048	2048	2968	2037	1947
3327	2048	2048	3212	2036	1947
3583	2048	2048	3453	2035	1946
3839	2048	2048	3690	2034	1945
4095	2048	2048	3927	2033	1945
0	2303	2048	24	2323	1947
256	2303	2048	270	2321	1946
512	2303	2048	521	2320	1945
768	2303	2048	766	2319	1946
1024	2303	2048	1010	2318	1947
1280	2303	2048	1251	2316	1946
1536	2303	2048	1498	2315	1946
1792	2303	2048	1742	2314	1947
2048	2303	2048	1984	2313	1945
2303	2303	2048	2249	2312	1946
2559	2303	2048	2491	2311	1947
2815	2303	2048	2725	2310	1947
3071	2303	2048	2968	2309	1945
3327	2303	2048	3212	2307	1945
3583	2303	2048	3455	2307	1946
3839	2303	2048	3693	2305	1945
4095	2303	2048	3930	2304	1944
0	2559	2048	23	2564	1946
256	2559	2048	268	2563	1946
512	2559	2048	519	2561	1946
768	2559	2048	765	2560	1945
1024	2559	2048	1009	2559	1946
1280	2559	2048	1251	2559	1946
1536	2559	2048	1497	2558	1945
1792	2559	2048	1741	2557	1946
2048	2559	2048	1983	2556	1946
2303	2559	2048	2247	2555	1946
2559	2559	2048	2489	2554	1946
2815	2559	2048	2724	2553	1947
3071	2559	2048	2967	2551	1945
3327	2559	2048	3211	2550	1945
3583	2559	2048	3453	2549	1945
3839	2559	2048	3692	2548	1944
4095	2559	2048	3928	2548	1945
0	2815	2048	22	2814	1946
256	2815	2048	267	2812	1945
512	2815	2048	519	2811	1945
768	2815	2048	763	2810	1945
1024	2815	2048	1007	2809	1946
1280	2815	2048	1248	2808	1945
1536	2815	2048	1496	2807	1945
1792	2815	2048	1739	2806	1946
2048	2815	2048	1982	2805	1946
2303	2815	2048	2247	2804	1946
2559	2815	2048	2488	2804	1945
2815	2815	2048	2723	2803	1945
3071	2815	2048	2967	2801	1945
3327	2815	2048	3210	2800	1944
3583	2815	2048	3452	2798	1944
3839	2815	2048	3691	2797	1944
4095	2815	2048	3929	2794	1944
0	3071	2048	22	3064	1946
256	3071	2048	267	3062	1944
512	3071	2048	517	3061	1945
768	3071	2048	762	3060	1945
1024	3071	2048	1006	3059	1944
1280	3071	2048	1248	3057	1945
1536	3071	2048	1495	3056	1945
1792	3071	2048	1738	3055	1944
2048	3071	2048	1980	3054	1944
2303	3071	2048	2245	3054	1945
2559	3071	2048	2489	3053	1944
2815	3071	2048	2723	3051	1944
3071	3071	2048	2965	3049	1945
3327	3071	2048	3210	3048	1945
3583	3071	2048	3451	3047	1944
3839	3071	2048	3689	3046	1944
4095	3071	2048	3928	3044	1944
0	3327	2048	21	3310	1945
256	3327	2048	267	3307	1943
512	3327	2048	518	3306	1944
768	3327	2048	762	3305	1944
1024	3327	2048	1006	3304	1944
1280	3327	2048	1248	3302	1943
1536	3327	2048	1494	3301	1943
1792	3327	2048	1738	3300	1944
2048	3327	2048	1981	3299	1943
2303	3327	2048	2244	3298	1943
2559	3327	2048	2488	3297	1944
2815	3327	2048	2724	3296	1944
3071	3327	2048	2967	3294	1944
3327	3327	2048	3210	3293	1944
3583	3327	2048	3452	3292	1943
3839	3327	2048	3690	3291	1943
4095	3327	2048	3926	3289	1943
0	3583	2048	21	3564	1944
256	3583	2048	265	3561	1943
512	3583	2048	516	3560	1942
768	3583	2048	761	3559	1943
1024	3583	2048	1005	3557	1942
1280	3583	2048	1247	3556	1941
1536	3583	2048	1493	3554	1942
1792	3583	2048	1736	3553	1942
2048	3583	2048	1979	3552	1943
2303	3583	2048	2244	3551	1942
2559	3583	2048	2487	3550	1943
2815	3583	2048	2722	3549	1943
3071	3583	2048	2965	3547	1942
3327	3583	2048	3209	3546	1942
3583	3583	2048	3450	3544	1942
3839	3583	2048	3688	3543	1942
4095	3583	2048	3926	3541	1941
0	3839	2048	20	3813	1943
256	3839	2048	259	3810	1942
512	3839	2048	514	3809	1942
768	3839	2048	758	3807	1941
1024	3839	2048	1003	3806	1942
1280	3839	2048	1245	3804	1942
1536	3839	2048	1491	3804	1941
1792	3839	2048	1735	3803	1942
2048	3839	2048	1977	3801	1941
2303	3839	2048	2242	3800	1941
2559	3839	2048	2486	3799	1942
2815	3839	2048	2721	3798	1942
3071	3839	2048	2962	3796	1941
3327	3839	2048	3207	3795	1941
3583	3839	2048	3449	3793	1941
3839	3839	2048	3687	3791	1941
4095	3839	2048	3925	3789	1941
0	4095	2048	19	4063	1942
256	4095	2048	260	4059	1941
512	4095	2048	512	4057	1941
768	4095	2048	755	4056	1940
1024	4095	2048	1000	4055	1941
1280	4095	2048	1242	4054	1941
1536	4095	2048	1488	4053	1941
1792	4095	2048	1732	4052	1941
2048	4095	2048	1975	4050	1940
2303	4095	2048	2239	4049	1940
2559	4095	2048	2482	4048	1940
2815	4095	2048	2718	4046	1941
3071	4095	2048	2961	4044	1941
3327	4095	2048	3204	4043	1939
3583	4095	2048	3446	4041	1940
3839	4095	2048	3685	4038	1940
4095	4095	2048	3922	4036	1940
0	0	2303	33	40	2209
256	0	2303	276	39	2206
512	0	2303	529	38	2206
768	0	2303	772	38	2206
1024	0	2303	1017	36	2205
1280	0	2303	1259	35	2206
1536	0	2303	1506	34	2207
1792	0	2303	1749	33	2206
2048	0	2303	1992	32	2207
2303	0	2303	2258	31	2207
2559	0	2303	2496	31	2205
2815	0	2303	2732	30	2205
3071	0	2303	2974	29	2205
3327	0	2303	3218	28	2206
3583	0	2303	3460	28	2205
3839	0	2303	3697	27	2205
4095	0	2303	3933	26	2204
0	256	2303	33	296	2205
256	256	2303	275	294	2204
512	256	2303	528	292	2205
768	256	2303	773	292	2205
1024	256	2303	1015	291	2205
1280	256	2303	1258	290	2205
1536	256	2303	1505	289	2205
1792	256	2303	1747	288	2205
2048	256	2303	1990	287	2205
2303	256	2303	2256	286	2204
2559	256	2303	2497	286	2205
2815	256	2303	2732	285	2203
3071	256	2303	2974	284	2204
3327	256	2303	3219	283	2205
3583	256	2303	3460	282	2204
3839	256	2303	3699	277	2203
4095	256	2303	3935	274	2203
0	512	2303	32	545	2205
256	512	2303	277	544	2204
512	512	2303	528	543	2203
768	512	2303	773	542	2203
1024	512	2303	1018	541	2204
1280	512	2303	1258	540	2203
1536	512	2303	1505	540	2204
1792	512	2303	1749	539	2205
2048	512	2303	1992	538	2203
2303	512	2303	2256	536	2203
2559	512	2303	2497	536	2204
2815	512	2303	2733	535	2204
3071	512	2303	2974	534	2203
3327	512	2303	3218	532	2203
3583	512	2303	3460	531	2203
3839	512	2303	3698	530	2201
4095	512	2303	3935	529	2203
0	768	2303	31	798	2204
256	768	2303	276	797	2204
512	768	2303	527	796	2203
768	768	2303	771	794	2203
1024	768	2303	1016	794	2203
1280	768	2303	1257	793	2203
1536	768	2303	1504	792	2202
1792	768	2303	1746	791	2203
2048	768	2303	1989	791	2203
2303	768	2303	2256	790	2203
2559	768	2303	2496	789	2203
2815	768	2303	2732	787	2204
3071	768	2303	2975	786	2202
3327	768	2303	3218	785	2202
3583	768	2303	3459	784	2202
3839	768	2303	3698	783	2203
4095	768	2303	3936	782	2201
0	1024	2303	31	1050	2204
256	1024	2303	275	1049	2202
512	1024	2303	526	1047	2203
768	1024	2303	772	1047	2202
1024	1024	2303	1015	1046	2202
1280	1024	2303	1257	1045	2203
1536	1024	2303	1503	1044	2203
1792	1024	2303	1746	1042	2202
2048	1024	2303	1990	1041	2203
2303	1024	2303	2255	1040	2203
2559	1024	2303	2496	1040	2203
2815	1024	2303	2731	1039	2202
3071	1024	2303	2974	1037	2203
3327	1024	2303	3218	1037	2201
3583	1024	2303	3458	1037	2202
3839	1024	2303	3698	1036	2202
4095	1024	2303	3935	1034	2201
0	1280	2303	30	1294	2203
256	1280	2303	275	1292	2202
512	1280	2303	526	1292	2202
768	1280	2303	771	1291	2203
1024	1280	2303	1015	1288	2202
1280	1280	2303	1257	1288	2202
1536	1280	2303	1504	1287	2202
1792	1280	2303	1747	1286	2202
2048	1280	2303	1990	1286	2202
2303	1280	2303	2255	1285	2202
2559	1280	2303	2496	1284	2201
2815	1280	2303	2731	1282	2201
3071	1280	2303	2973	1281	2201
3327	1280	2303	3217	1280	2202
3583	1280	2303	3459	1279	2200
3839	1280	2303	3697	1278	2200
4095	1280	2303	3934	1277	2201
0	1536	2303	29	1555	2202
256	1536	2303	273	1554	2203
512	1536	2303	525	1552	2202
768	1536	2303	769	1552	2202
1024	1536	2303	1015	1551	2202
1280	1536	2303	1255	1550	2201
1536	1536	2303	1503	1549	2201
1792	1536	2303	1746	1547	2202
2048	1536	2303	1988	1547	2201
2303	1536	2303	2253	1546	2201
2559	1536	2303	2493	1545	2201
2815	1536	2303	2730	1545	2201
3071	1536	2303	2973	1544	2201
3327	1536	2303	3215	1542	2200
3583	1536	2303	3457	1541	2200
3839	1536	2303	3696	1540	2199
4095	1536	2303	3933	1537	2199
0	1792	2303	29	1805	2201
256	1792	2303	272	1804	2200
512	1792	2303	524	1802	2200
768	1792	2303	769	1802	2200
1024	1792	2303	1013	1801	2200
1280	1792	2303	1255	1800	2199
1536	1792	2303	1502	1799	2201
1792	1792	2303	1745	1799	2201
2048	1792	2303	1988	1798	2201
2303	1792	2303	2252	1797	2200
2559	1792	2303	2493	1796	2200
2815	1792	2303	2729	1795	2200
3071	1792	2303	2972	1794	2200
3327	1792	2303	3217	1792	2200
3583	1792	2303	3457	1791	2199
3839	1792	2303	3695	1789	2198
4095	1792	2303	3933	1788	2198
0	2048	2303	28	2055	2199
256	2048	2303	273	2053	2199
512	2048	2303	523	2052	2200
768	2048	2303	767	2051	2199
1024	2048	2303	1012	2050	2199
1280	2048	2303	1255	2050	2199
1536	2048	2303	1501	2049	2199
1792	2048	2303	1744	2048	2199
2048	2048	2303	1986	2048	2200
2303	2048	2303	2251	2047	2199
2559	2048	2303	2493	2045	2199
2815	2048	2303	2728	2044	2199
3071	2048	2303	2970	2042	2199
3327	2048	2303	3215	2041	2199
3583	2048	2303	3456	2040	2198
3839	2048	2303	3694	2039	2197
4095	2048	2303	3930	2038	2197
0	2303	2303	27	2328	2197
256	2303	2303	273	2326	2198
512	2303	2303	524	2325	2199
768	2303	2303	769	2324	2199
1024	2303	2303	1013	2323	2198
1280	2303	2303	1256	2322	2198
1536	2303	2303	1501	2321	2199
1792	2303	2303	1744	2321	2198
2048	2303	2303	1987	2319	2198
2303	2303	2303	2252	2317	2198
2559	2303	2303	2493	2316	2198
2815	2303	2303	2729	2315	2198
3071	2303	2303	2972	2314	2198
3327	2303	2303	3217	2313	2197
3583	2303	2303	3458	2312	2197
3839	2303	2303	3697	2311	2197
4095	2303	2303	3934	2310	2196
0	2559	2303	27	2570	2198
256	2559	2303	271	2568	2196
512	2559	2303	523	2567	2197
768	2559	2303	767	2566	2198
1024	2559	2303	1012	2565	2196
1280	2559	2303	1253	2563	2197
1536	2559	2303	1501	2563	2198
1792	2559	2303	1744	2562	2196
2048	2559	2303	1985	2561	2197
2303	2559	2303	2250	2560	2197
2559	2559	2303	2492	2558	2197
2815	2559	2303	2728	2557	2197
3071	2559	2303	2970	2556	2196
3327	2559	2303	3214	2555	2197
3583	2559	2303	3456	2554	2196
3839	2559	2303	3694	2553	2197
4095	2559	2303	3931	2552	2197
0	2815	2303	26	2820	2198
256	2815	2303	270	2818	2197
512	2815	2303	522	2816	2197
768	2815	2303	765	2815	2197
1024	2815	2303	1011	2814	2197
1280	2815	2303	1252	2813	2196
1536	2815	2303	1498	2813	2197
1792	2815	2303	1743	2812	2198
2048	2815	2303	1986	2811	2197
2303	2815	2303	2250	2810	2197
2559	2815	2303	2491	2808	2197
2815	2815	2303	2727	2808	2196
3071	2815	2303	2971	2807	2196
3327	2815	2303	3214	2805	2196
3583	2815	2303	3456	2804	2196
3839	2815	2303	3695	2803	2195
4095	2815	2303	3932	2801	2195
0	3071	2303	25	3070	2197
256	3071	2303	269	3067	2196
512	3071	2303	521	3066	2196
768	3071	2303	765	3066	2196
1024	3071	2303	1008	3064	2196
1280	3071	2303	1251	3063	2196
1536	3071	2303	1498	3061	2195
1792	3071	2303	1741	3061	2197
2048	3071	2303	1983	3060	2198
2303	3071	2303	2250	3059	2197
2559	3071	2303	2492	3058	2196
2815	3071	2303	2726	3057	2196
3071	3071	2303	2969	3056	2196
3327	3071	2303	3214	3054	2197
3583	3071	2303	3454	3052	2197
3839	3071	2303	3693	3051	2195
4095	3071	2303	3931	3049	2195
0	3327	2303	25	3315	2196
256	3327	2303	270	3312	2195
512	3327	2303	521	3312	2196
768	3327	2303	765	3311	2195
1024	3327	2303	1010	3310	2196
1280	3327	2303	1250	3308	2195
1536	3327	2303	1498	3307	2194
1792	3327	2303	1742	3306	2194
2048	3327	2303	1983	3306	2196
2303	3327	2303	2249	3305	2196
2559	3327	2303	2492	3303	2195
2815	3327	2303	2728	3301	2196
3071	3327	2303	2969	3300	2195
3327	3327	2303	3213	3299	2195
3583	3327	2303	3456	3298	2196
3839	3327	2303	3693	3296	2195
4095	3327	2303	3930	3295	2194
0	3583	2303	24	3570	2196
256	3583	2303	268	3567	2194
512	3583	2303	520	3565	2195
768	3583	2303	764	3564	2195
1024	3583	2303	1008	3563	2194
1280	3583	2303	1250	3562	2194
1536	3583	2303	1496	3562	2194
1792	3583	2303	1740	3560	2194
2048	3583	2303	1983	3558	2194
2303	3583	2303	2249	3557	2194
2559	3583	2303	2490	3556	2194
2815	3583	2303	2726	3555	2194
3071	3583	2303	2968	3553	2194
3327	3583	2303	3211	3552	2194
3583	3583	2303	3453	3550	2194
3839	3583	2303	3692	3549	2194
4095	3583	2303	3929	3547	2193
0	3839	2303	23	3819	2194
256	3839	2303	260	3816	2193
512	3839	2303	517	3815	2193
768	3839	2303	762	3814	2193
1024	3839	2303	1006	3813	2193
1280	3839	2303	1248	3810	2193
1536	3839	2303	1495	3809	2193
1792	3839	2303	1737	3809	2194
2048	3839	2303	1981	3807	2193
2303	3839	2303	2247	3806	2193
2559	3839	2303	2490	3805	2194
2815	3839	2303	2724	3804	2193
3071	3839	2303	2967	3802	2193
3327	3839	2303	3211	3800	2193
3583	3839	2303	3453	3799	2192
3839	3839	2303	3692	3797	2192
4095	3839	2303	3929	3795	2192
0	4095	2303	23	4069	2193
256	4095	2303	263	4066	2192
512	4095	2303	514	4064	2191
768	4095	2303	758	4062	2192
1024	4095	2303	1004	4061	2192
1280	4095	2303	1245	4060	2192
1536	4095	2303	1492	4059	2192
1792	4095	2303	1735	4057	2192
2048	4095	2303	1977	4056	2191
2303	4095	2303	2243	4055	2192
2559	4095	2303	2486	4054	2192
2815	4095	2303	2722	4052	2192
3071	4095	2303	2964	4050	2192
3327	4095	2303	3209	4049	2191
3583	4095	2303	3451	4047	2192
3839	4095	2303	3688	4045	2191
4095	4095	2303	3925	4043	2191
0	0	2559	37	44	2462
256	0	2559	279	43	2463
512	0	2559	531	42	2461
768	0	2559	776	42	2461
1024	0	2559	1021	41	2462
1280	0	2559	1262	40	2462
1536	0	2559	1509	38	2462
1792	0	2559	1752	37	2462
2048	0	2559	1994	37	2462
2303	0	2559	2260	36	2462
2559	0	2559	2499	35	2461
2815	0	2559	2735	34	2461
3071	0	2559	2976	34	2460
3327	0	2559	3221	33	2461
3583	0	2559	3463	32	2462
3839	0	2559	3701	31	2461
4095	0	2559	3936	30	2460
0	256	2559	36	299	2461
256	256	2559	278	298	2460
512	256	2559	530	297	2460
768	256	2559	775	297	2459
1024	256	2559	1019	295	2460
1280	256	2559	1262	294	2461
1536	256	2559	1507	293	2460
1792	256	2559	1750	292	2460
2048	256	2559	1994	291	2461
2303	256	2559	2260	290	2460
2559	256	2559	2498	290	2459
2815	256	2559	2734	289	2460
3071	256	2559	2978	288	2460
3327	256	2559	3221	287	2459
3583	256	2559	3462	286	2459
3839	256	2559	3702	282	2460
4095	256	2559	3938	280	2458
0	512	2559	36	550	2459
256	512	2559	279	548	2459
512	512	2559	530	547	2459
768	512	2559	776	546	2459
1024	512	2559	1020	545	2459
1280	512	2559	1261	544	2459
1536	512	2559	1509	543	2461
1792	512	2559	1752	542	2460
2048	512	2559	1994	542	2460
2303	512	2559	2260	540	2459
2559	512	2559	2500	540	2458
2815	512	2559	2735	539	2460
3071	512	2559	2978	538	2459
3327	512	2559	3222	537	2458
3583	512	2559	3462	536	2458
3839	512	2559	3701	535	2458
4095	512	2559	3938	534	2458
0	768	2559	35	803	2460
256	768	2559	279	802	2459
512	768	2559	530	800	2459
768	768	2559	774	799	2459
1024	768	2559	1020	798	2458
1280	768	2559	1260	798	2459
1536	768	2559	1508	797	2459
1792	768	2559	1752	796	2460
2048	768	2559	1994	795	2458
2303	768	2559	2259	794	2459
2559	768	2559	2500	794	2460
2815	768	2559	2736	793	2459
3071	768	2559	2978	792	2459
3327	768	2559	3222	789	2459
3583	768	2559	3463	788	2458
3839	768	2559	3702	788	2458
4095	768	2559	3938	787	2458
0	1024	2559	34	1054	2459
256	1024	2559	278	1053	2458
512	1024	2559	530	1051	2458
768	1024	2559	774	1051	2458
1024	1024	2559	1018	1050	2459
1280	1024	2559	1260	1049	2459
1536	1024	2559	1508	1048	2458
1792	1024	2559	1749	1047	2458
2048	1024	2559	1992	1046	2458
2303	1024	2559	2260	1046	2459
2559	1024	2559	2499	1045	2459
2815	1024	2559	2735	1044	2458
3071	1024	2559	2977	1042	2457
3327	1024	2559	3221	1041	2458
3583	1024	2559	3462	1040	2458
3839	1024	2559	3700	1040	2457
4095	1024	2559	3937	1038	2457
0	1280	2559	34	1298	2458
256	1280	2559	278	1297	2458
512	1280	2559	529	1296	2457
768	1280	2559	773	1295	2457
1024	1280	2559	1017	1294	2457
1280	1280	2559	1260	1293	2459
1536	1280	2559	1507	1292	2457
1792	1280	2559	1750	1291	2458
2048	1280	2559	1992	1290	2458
2303	1280	2559	2259	1289	2458
2559	1280	2559	2500	1288	2458
2815	1280	2559	2735	1287	2458
3071	1280	2559	2977	1286	2457
3327	1280	2559	3222	1285	2458
3583	1280	2559	3464	1284	2457
3839	1280	2559	3702	1282	2456
4095	1280	2559	3939	1281	2456
0	1536	2559	33	1560	2458
256	1536	2559	277	1559	2457
512	1536	2559	527	1558	2457
768	1536	2559	773	1556	2456
1024	1536	2559	1017	1555	2457
1280	1536	2559	1259	1554	2457
1536	1536	2559	1506	1554	2457
1792	1536	2559	1749	1553	2457
2048	1536	2559	1992	1552	2456
2303	1536	2559	2257	1551	2457
2559	1536	2559	2497	1550	2456
2815	1536	2559	2734	1549	2457
3071	1536	2559	2976	1548	2457
3327	1536	2559	3220	1547	2456
3583	1536	2559	3462	1546	2456
3839	1536	2559	3700	1545	2456
4095	1536	2559	3937	1544	2455
0	1792	2559	32	1810	2457
256	1792	2559	275	1808	2456
512	1792	2559	527	1807	2456
768	1792	2559	771	1807	2456
1024	1792	2559	1016	1805	2456
1280	1792	2559	1258	1804	2456
1536	1792	2559	1506	1804	2457
1792	1792	2559	1748	1803	2456
2048	1792	2559	1990	1802	2455
2303	1792	2559	2256	1801	2456
2559	1792	2559	2496	1801	2455
2815	1792	2559	2732	1799	2455
3071	1792	2559	2975	1798	2456
3327	1792	2559	3220	1797	2455
3583	1792	2559	3461	1796	2455
3839	1792	2559	3700	1795	2455
4095	1792	2559	3937	1793	2455
0	2048	2559	32	2060	2456
256	2048	2559	275	2059	2455
512	2048	2559	527	2057	2454
768	2048	2559	770	2055	2454
1024	2048	2559	1016	2055	2455
1280	2048	2559	1258	2054	2455
1536	2048	2559	1505	2054	2455
1792	2048	2559	1747	2052	2455
2048	2048	2559	1990	2051	2455
2303	2048	2559	2257	2051	2455
2559	2048	2559	2497	2050	2455
2815	2048	2559	2731	2049	2454
3071	2048	2559	2974	2048	2454
3327	2048	2559	3219	2046	2455
3583	2048	2559	3461	2045	2453
3839	2048	2559	3698	2044	2453
4095	2048	2559	3935	2043	2454
0	2303	2559	31	2333	2454
256	2303	2559	276	2332	2455
512	2303	2559	528	2331	2454
768	2303	2559	771	2330	2454
1024	2303	2559	1016	2329	2454
1280	2303	2559	1259	2328	2453
1536	2303	2559	1505	2327	2454
1792	2303	2559	1748	2326	2455
2048	2303	2559	1991	2325	2453
2303	2303	2559	2256	2324	2454
2559	2303	2559	2497	2323	2454
2815	2303	2559	2733	2321	2454
3071	2303	2559	2976	2320	2453
3327	2303	2559	3220	2318	2454
3583	2303	2559	3461	2317	2454
3839	2303	2559	3700	2316	2453
4095	2303	2559	3937	2315	2453
0	2559	2559	30	2574	2453
256	2559	2559	274	2572	2453
512	2559	2559	525	2571	2454
768	2559	2559	771	2571	2453
1024	2559	2559	1015	2570	2453
1280	2559	2559	1256	2568	2453
1536	2559	2559	1504	2568	2453
1792	2559	2559	1746	2567	2452
2048	2559	2559	1989	2566	2454
2303	2559	2559	2256	2565	2452
2559	2559	2559	2496	2564	2453
2815	2559	2559	2731	2562	2453
3071	2559	2559	2974	2561	2452
3327	2559	2559	3218	2560	2453
3583	2559	2559	3459	2559	2452
3839	2559	2559	3697	2558	2452
4095	2559	2559	3935	2557	2452
0	2815	2559	30	2825	2453
256	2815	2559	273	2823	2452
512	2815	2559	525	2821	2452
768	2815	2559	769	2820	2451
1024	2815	2559	1014	2820	2453
1280	2815	2559	1255	2818	2452
1536	2815	2559	1501	2817	2453
1792	2815	2559	1746	2816	2452
2048	2815	2559	1989	2815	2452
2303	2815	2559	2254	2814	2452
2559	2815	2559	2495	2813	2451
2815	2815	2559	2731	2812	2452
3071	2815	2559	2974	2811	2452
3327	2815	2559	3218	2810	2451
3583	2815	2559	3460	2809	2451
3839	2815	2559	3698	2808	2451
4095	2815	2559	3935	2805	2450
0	3071	2559	29	3075	2453
256	3071	2559	273	3073	2452
512	3071	2559	524	3071	2451
768	3071	2559	767	3070	2452
1024	3071	2559	1012	3069	2451
1280	3071	2559	1255	3068	2451
1536	3071	2559	1501	3067	2451
1792	3071	2559	1744	3066	2451
2048	3071	2559	1987	3065	2452
2303	3071	2559	2254	3063	2451
2559	3071	2559	2495	3062	2451
2815	3071	2559	2731	3062	2451
3071	3071	2559	2973	3061	2452
3327	3071	2559	3217	3059	2453
3583	3071	2559	3459	3058	2451
3839	3071	2559	3697	3057	2451
4095	3071	2559	3934	3055	2450
0	3327	2559	29	3320	2451
256	3327	2559	271	3318	2452
512	3327	2559	523	3316	2451
768	3327	2559	768	3316	2451
1024	3327	2559	1012	3315	2452
1280	3327	2559	1253	3313	2450
1536	3327	2559	1501	3312	2451
1792	3327	2559	1745	3311	2451
2048	3327	2559	1987	3311	2451
2303	3327	2559	2254	3309	2451
2559	3327	2559	2496	3308	2451
2815	3327	2559	2730	3307	2450
3071	3327	2559	2972	3306	2450
3327	3327	2559	3216	3305	2452
3583	3327	2559	3459	3303	2451
3839	3327	2559	3697	3301	2450
4095	3327	2559	3934	3300	2450
0	3583	2559	28	3575	2450
256	3583	2559	271	3572	2449
512	3583	2559	522	3570	2449
768	3583	2559	768	3569	2449
1024	3583	2559	1012	3568	2451
1280	3583	2559	1252	3567	2450
1536	3583	2559	1500	3566	2449
1792	3583	2559	1744	3565	2450
2048	3583	2559	1986	3564	2450
2303	3583	2559	2251	3563	2449
2559	3583	2559	2493	3561	2450
2815	3583	2559	2729	3559	2449
3071	3583	2559	2971	3558	2448
3327	3583	2559	3215	3556	2449
3583	3583	2559	3457	3555	2450
3839	3583	2559	3696	3554	2449
4095	3583	2559	3933	3552	2449
0	3839	2559	26	3824	2449
256	3839	2559	263	3821	2448
512	3839	2559	520	3820	2449
768	3839	2559	765	3818	2448
1024	3839	2559	1009	3817	2448
1280	3839	2559	1251	3816	2449
1536	3839	2559	1497	3815	2448
1792	3839	2559	1741	3814	2449
2048	3839	2559	1985	3812	2448
2303	3839	2559	2250	3811	2448
2559	3839	2559	2492	3810	2448
2815	3839	2559	2728	3808	2448
3071	3839	2559	2970	3807	2448
3327	3839	2559	3214	3805	2447
3583	3839	2559	3456	3804	2448
3839	3839	2559	3695	3802	2448
4095	3839	2559	3931	3800	2447
0	4095	2559	27	4074	2447
256	4095	2559	265	4070	2447
512	4095	2559	518	4069	2447
768	4095	2559	762	4067	2448
1024	4095	2559	1006	4066	2446
1280	4095	2559	1248	4064	2447
1536	4095	2559	1495	4063	2447
1792	4095	2559	1739	4062	2446
2048	4095	2559	1982	4060	2447
2303	4095	2559	2248	4059	2447
2559	4095	2559	2489	4058	2446
2815	4095	2559	2724	4057	2447
3071	4095	2559	2967	4055	2447
3327	4095	2559	3211	4054	2447
3583	4095	2559	3453	4052	2447
3839	4095	2559	3693	4050	2447
4095	4095	2559	3929	4047	2445
0	0	2815	41	48	2710
256	0	2815	282	48	2709
512	0	2815	534	47	2709
768	0	2815	779	46	2709
1024	0	2815	1023	45	2709
1280	0	2815	1265	44	2710
1536	0	2815	1513	43	2711
1792	0	2815	1754	43	2709
2048	0	2815	1997	42	2709
2303	0	2815	2264	40	2710
2559	0	2815	2503	40	2709
2815	0	2815	2738	39	2709
3071	0	2815	2981	38	2709
3327	0	2815	3224	37	2709
3583	0	2815	3466	36	2709
3839	0	2815	3705	35	2709
4095	0	2815	3940	34	2709
0	256	2815	40	303	2709
256	256	2815	282	302	2707
512	256	2815	532	302	2708
768	256	2815	778	301	2708
1024	256	2815	1023	300	2708
1280	256	2815	1265	299	2708
1536	256	2815	1511	297	2707
1792	256	2815	1755	296	2708
2048	256	2815	1998	295	2708
2303	256	2815	2264	294	2708
2559	256	2815	2502	294	2708
2815	256	2815	2739	293	2708
3071	256	2815	2981	292	2708
3327	256	2815	3226	291	2708
3583	256	2815	3467	290	2707
3839	256	2815	3705	286	2707
4095	256	2815	3941	284	2707
0	512	2815	39	554	2707
256	512	2815	282	553	2707
512	512	2815	534	552	2706
768	512	2815	778	551	2706
1024	512	2815	1023	549	2707
1280	512	2815	1265	548	2706
1536	512	2815	1512	547	2706
1792	512	2815	1754	546	2707
2048	512	2815	1997	546	2706
2303	512	2815	2264	544	2706
2559	512	2815	2502	544	2706
2815	512	2815	2739	543	2707
3071	512	2815	2983	542	2707
3327	512	2815	3226	541	2706
3583	512	2815	3467	540	2707
3839	512	2815	3706	540	2706
4095	512	2815	3942	539	2705
0	768	2815	39	808	2707
256	768	2815	281	806	2706
512	768	2815	533	805	2707
768	768	2815	779	804	2707
1024	768	2815	1023	803	2707
1280	768	2815	1264	802	2707
1536	768	2815	1511	801	2707
1792	768	2815	1755	801	2707
2048	768	2815	1997	799	2707
2303	768	2815	2264	798	2706
2559	768	2815	2503	798	2707
2815	768	2815	2739	797	2707
3071	768	2815	2982	796	2706
3327	768	2815	3226	794	2706
3583	768	2815	3466	794	2707
3839	768	2815	3705	792	2705
4095	768	2815	3942	791	2705
0	1024	2815	38	1058	2706
256	1024	2815	281	1057	2706
512	1024	2815	532	1055	2706
768	1024	2815	777	1055	2706
1024	1024	2815	1022	1054	2706
1280	1024	2815	1263	1053	2706
1536	1024	2815	1511	1052	2706
1792	1024	2815	1754	1052	2706
2048	1024	2815	1996	1051	2706
2303	1024	2815	2264	1050	2708
2559	1024	2815	2503	1050	2706
2815	1024	2815	2739	1049	2706
3071	1024	2815	2980	1047	2705
3327	1024	2815	3225	1045	2706
3583	1024	2815	3467	1044	2705
3839	1024	2815	3705	1043	2705
4095	1024	2815	3941	1043	2704
0	1280	2815	37	1303	2706
256	1280	2815	282	1302	2705
512	1280	2815	533	1300	2705
768	1280	2815	777	1299	2705
1024	1280	2815	1021	1299	2704
1280	1280	2815	1263	1298	2705
1536	1280	2815	1510	1296	2705
1792	1280	2815	1753	1296	2705
2048	1280	2815	1996	1296	2706
2303	1280	2815	2264	1295	2706
2559	1280	2815	2503	1292	2705
2815	1280	2815	2739	1292	2704
3071	1280	2815	2982	1290	2705
3327	1280	2815	3226	1289	2705
3583	1280	2815	3467	1288	2704
3839	1280	2815	3705	1287	2704
4095	1280	2815	3942	1286	2704
0	1536	2815	37	1564	2705
256	1536	2815	280	1562	2704
512	1536	2815	531	1561	2704
768	1536	2815	776	1560	2704
1024	1536	2815	1021	1560	2705
1280	1536	2815	1261	1559	2704
1536	1536	2815	1509	1559	2705
1792	1536	2815	1753	1557	2705
2048	1536	2815	1995	1556	2704
2303	1536	2815	2261	1555	2704
2559	1536	2815	2501	1554	2704
2815	1536	2815	2737	1553	2703
3071	1536	2815	2980	1552	2704
3327	1536	2815	3224	1551	2704
3583	1536	2815	3466	1551	2703
3839	1536	2815	3704	1550	2703
4095	1536	2815	3940	1548	2703
0	1792	2815	36	1813	2704
256	1792	2815	279	1813	2704
512	1792	2815	529	1812	2704
768	1792	2815	775	1811	2703
1024	1792	2815	1019	1809	2704
1280	1792	2815	1262	1809	2703
1536	1792	2815	1508	1808	2704
1792	1792	2815	1751	1807	2704
2048	1792	2815	1995	1807	2704
2303	1792	2815	2260	1806	2703
2559	1792	2815	2500	1805	2703
2815	1792	2815	2737	1804	2703
3071	1792	2815	2980	1803	2703
3327	1792	2815	3222	1802	2703
3583	1792	2815	3464	1801	2703
3839	1792	2815	3704	1799	2702
4095	1792	2815	3940	1798	2703
0	2048	2815	35	2066	2702
256	2048	2815	278	2063	2703
512	2048	2815	530	2062	2702
768	2048	2815	775	2061	2701
1024	2048	2815	1018	2060	2702
1280	2048	2815	1260	2060	2703
1536	2048	2815	1509	2059	2703
1792	2048	2815	1750	2058	2703
2048	2048	2815	1994	2057	2703
2303	2048	2815	2261	2055	2702
2559	2048	2815	2499	2055	2702
2815	2048	2815	2735	2054	2703
3071	2048	2815	2979	2053	2703
3327	2048	2815	3223	2051	2702
3583	2048	2815	3463	2050	2702
3839	2048	2815	3702	2049	2702
4095	2048	2815	3940	2048	2701
0	2303	2815	35	2337	2702
256	2303	2815	279	2336	2702
512	2303	2815	531	2335	2702
768	2303	2815	776	2335	2702
1024	2303	2815	1020	2334	2701
1280	2303	2815	1262	2333	2702
1536	2303	2815	1509	2332	2702
1792	2303	2815	1752	2331	2702
2048	2303	2815	1995	2330	2702
2303	2303	2815	2262	2329	2703
2559	2303	2815	2502	2328	2701
2815	2303	2815	2738	2327	2701
3071	2303	2815	2980	2326	2702
3327	2303	2815	3224	2324	2701
3583	2303	2815	3465	2323	2701
3839	2303	2815	3703	2322	2701
4095	2303	2815	3940	2321	2700
0	2559	2815	34	2579	2702
256	2559	2815	277	2577	2700
512	2559	2815	529	2576	2701
768	2559	2815	774	2576	2701
1024	2559	2815	1018	2574	2700
1280	2559	2815	1261	2573	2701
1536	2559	2815	1507	2573	2702
1792	2559	2815	1751	2572	2700
2048	2559	2815	1994	2571	2700
2303	2559	2815	2259	2570	2701
2559	2559	2815	2499	2569	2702
2815	2559	2815	2736	2566	2700
3071	2559	2815	2978	2566	2700
3327	2559	2815	3221	2565	2701
3583	2559	2815	3462	2564	2700
3839	2559	2815	3701	2563	2700
4095	2559	2815	3938	2561	2700
0	2815	2815	34	2829	2701
256	2815	2815	275	2828	2701
512	2815	2815	528	2826	2699
768	2815	2815	772	2825	2699
1024	2815	2815	1016	2824	2700
1280	2815	2815	1259	2823	2699
1536	2815	2815	1506	2822	2700
1792	2815	2815	1749	2822	2701
2048	2815	2815	1992	2820	2700
2303	2815	2815	2259	2818	2699
2559	2815	2815	2499	2818	2700
2815	2815	2815	2734	2816	2699
3071	2815	2815	2977	2816	2700
3327	2815	2815	3221	2815	2700
3583	2815	2815	3462	2814	2700
3839	2815	2815	3701	2812	2699
4095	2815	2815	3938	2810	2698
0	3071	2815	33	3079	2700
256	3071	2815	276	3077	2700
512	3071	2815	526	3076	2699
768	3071	2815	770	3075	2699
1024	3071	2815	1017	3075	2699
1280	3071	2815	1257	3072	2699
1536	3071	2815	1505	3072	2699
1792	3071	2815	1749	3070	2699
2048	3071	2815	1991	3069	2700
2303	3071	2815	2257	3068	2698
2559	3071	2815	2497	3067	2699
2815	3071	2815	2735	3066	2700
3071	3071	2815	2976	3065	2699
3327	3071	2815	3221	3063	2700
3583	3071	2815	3462	3062	2700
3839	3071	2815	3700	3061	2699
4095	3071	2815	3937	3059	2698
0	3327	2815	32	3325	2698
256	3327	2815	275	3323	2698
512	3327	2815	526	3320	2699
768	3327	2815	771	3320	2698
1024	3327	2815	1015	3318	2698
1280	3327	2815	1257	3317	2698
1536	3327	2815	1504	3316	2698
1792	3327	2815	1749	3315	2698
2048	3327	2815	1992	3314	2699
2303	3327	2815	2258	3313	2698
2559	3327	2815	2498	3313	2698
2815	3327	2815	2733	3311	2698
3071	3327	2815	2976	3310	2698
3327	3327	2815	3220	3308	2698
3583	3327	2815	3462	3307	2698
3839	3327	2815	3700	3306	2698
4095	3327	2815	3936	3304	2697
0	3583	2815	32	3578	2698
256	3583	2815	274	3576	2696
512	3583	2815	525	3575	2697
768	3583	2815	771	3573	2697
1024	3583	2815	1013	3573	2696
1280	3583	2815	1255	3571	2696
1536	3583	2815	1504	3570	2697
1792	3583	2815	1747	3569	2697
2048	3583	2815	1990	3568	2697
2303	3583	2815	2256	3567	2698
2559	3583	2815	2498	3566	2697
2815	3583	2815	2732	3565	2697
3071	3583	2815	2975	3563	2696
3327	3583	2815	3219	3562	2696
3583	3583	2815	3460	3560	2697
3839	3583	2815	3699	3558	2697
4095	3583	2815	3936	3556	2697
0	3839	2815	30	3829	2697
256	3839	2815	266	3826	2695
512	3839	2815	523	3824	2696
768	3839	2815	768	3822	2695
1024	3839	2815	1012	3822	2695
1280	3839	2815	1254	3820	2695
1536	3839	2815	1501	3819	2695
1792	3839	2815	1746	3818	2696
2048	3839	2815	1989	3817	2696
2303	3839	2815	2254	3816	2696
2559	3839	2815	2496	3815	2697
2815	3839	2815	2731	3813	2695
3071	3839	2815	2973	3811	2695
3327	3839	2815	3218	3809	2695
3583	3839	2815	3460	3808	2695
3839	3839	2815	3698	3806	2695
4095	3839	2815	3935	3804	2696
0	4095	2815	30	4079	2696
256	4095	2815	269	4074	2695
512	4095	2815	521	4073	2695
768	4095	2815	764	4072	2695
1024	4095	2815	1010	4071	2694
1280	4095	2815	1252	4069	2694
1536	4095	2815	1498	4069	2694
1792	4095	2815	1742	4067	2694
2048	4095	2815	1985	4065	2694
2303	4095	2815	2252	4064	2694
2559	4095	2815	2493	4063	2695
2815	4095	2815	2729	4061	2695
3071	4095	2815	2971	4059	2693
3327	4095	2815	3215	4058	2694
3583	4095	2815	3457	4056	2695
3839	4095	2815	3697	4054	2693
4095	4095	2815	3933	4051	2693
0	0	3071	43	52	2958
256	0	3071	285	52	2958
512	0	3071	538	51	2958
768	0	3071	782	50	2958
1024	0	3071	1027	49	2958
1280	0	3071	1269	48	2958
1536	0	3071	1516	48	2958
1792	0	3071	1759	47	2958
2048	0	3071	2002	46	2958
2303	0	3071	2269	45	2957
2559	0	3071	2506	44	2958
2815	0	3071	2743	44	2958
3071	0	3071	2985	42	2956
3327	0	3071	3228	41	2957
3583	0	3071	3470	40	2958
3839	0	3071	3709	39	2957
4095	0	3071	3946	38	2957
0	256	3071	44	307	2957
256	256	3071	285	306	2956
512	256	3071	536	305	2956
768	256	3071	782	304	2955
1024	256	3071	1026	303	2956
1280	256	3071	1268	302	2956
1536	256	3071	1516	302	2955
1792	256	3071	1759	301	2956
2048	256	3071	2001	300	2956
2303	256	3071	2269	298	2956
2559	256	3071	2507	298	2956
2815	256	3071	2743	297	2956
3071	256	3071	2985	296	2956
3327	256	3071	3229	295	2955
3583	256	3071	3470	294	2955
3839	256	3071	3709	290	2955
4095	256	3071	3946	288	2955
0	512	3071	43	558	2954
256	512	3071	287	557	2955
512	512	3071	536	556	2955
768	512	3071	782	555	2955
1024	512	3071	1028	554	2954
1280	512	3071	1267	553	2954
1536	512	3071	1515	551	2955
1792	512	3071	1759	550	2955
2048	512	3071	2001	550	2955
2303	512	3071	2269	549	2955
2559	512	3071	2507	548	2955
2815	512	3071	2744	547	2955
3071	512	3071	2986	546	2955
3327	512	3071	3230	545	2954
3583	512	3071	3472	544	2954
3839	512	3071	3711	543	2954
4095	512	3071	3946	542	2954
0	768	3071	42	812	2955
256	768	3071	285	810	2954
512	768	3071	537	809	2954
768	768	3071	781	808	2955
1024	768	3071	1027	807	2954
1280	768	3071	1267	806	2954
1536	768	3071	1515	805	2955
1792	768	3071	1758	804	2955
2048	768	3071	2001	803	2954
2303	768	3071	2269	802	2954
2559	768	3071	2506	801	2955
2815	768	3071	2743	800	2954
3071	768	3071	2986	799	2954
3327	768	3071	3230	799	2955
3583	768	3071	3471	798	2954
3839	768	3071	3710	797	2953
4095	768	3071	3947	796	2953
0	1024	3071	42	1063	2954
256	1024	3071	284	1061	2954
512	1024	3071	536	1059	2953
768	1024	3071	781	1059	2954
1024	1024	3071	1026	1058	2955
1280	1024	3071	1267	1057	2953
1536	1024	3071	1515	1056	2954
1792	1024	3071	1758	1055	2954
2048	1024	3071	2000	1055	2953
2303	1024	3071	2268	1054	2954
2559	1024	3071	2507	1053	2954
2815	1024	3071	2742	1052	2953
3071	1024	3071	2985	1051	2953
3327	1024	3071	3230	1049	2954
3583	1024	3071	3472	1049	2954
3839	1024	3071	3709	1047	2952
4095	1024	3071	3944	1047	2952
0	1280	3071	41	1309	2953
256	1280	3071	285	1315	2953
512	1280	3071	536	1304	2952
768	1280	3071	780	1303	2953
1024	1280	3071	1025	1303	2953
1280	1280	3071	1268	1302	2954
1536	1280	3071	1514	1300	2953
1792	1280	3071	1757	1300	2953
2048	1280	3071	2001	1299	2954
2303	1280	3071	2267	1298	2953
2559	1280	3071	2506	1297	2952
2815	1280	3071	2743	1297	2953
3071	1280	3071	2986	1295	2952
3327	1280	3071	3229	1292	2952
3583	1280	3071	3470	1292	2952
3839	1280	3071	3709	1291	2951
4095	1280	3071	3945	1290	2951
0	1536	3071	40	1567	2952
256	1536	3071	283	1566	2952
512	1536	3071	534	1565	2953
768	1536	3071	780	1565	2952
1024	1536	3071	1023	1564	2952
1280	1536	3071	1265	1563	2952
1536	1536	3071	1513	1562	2952
1792	1536	3071	1756	1562	2952
2048	1536	3071	1999	1561	2953
2303	1536	3071	2267	1560	2953
2559	1536	3071	2505	1558	2952
2815	1536	3071	2741	1557	2952
3071	1536	3071	2983	1556	2952
3327	1536	3071	3228	1554	2952
3583	1536	3071	3469	1554	2951
3839	1536	3071	3708	1554	2951
4095	1536	3071	3944	1552	2950
0	1792	3071	40	1817	2953
256	1792	3071	282	1817	2951
512	1792	3071	533	1816	2952
768	1792	3071	778	1815	2951
1024	1792	3071	1022	1814	2951
1280	1792	3071	1264	1813	2951
1536	1792	3071	1511	1813	2952
1792	1792	3071	1756	1811	2951
2048	1792	3071	1999	1810	2952
2303	1792	3071	2265	1809	2952
2559	1792	3071	2504	1809	2950
2815	1792	3071	2741	1807	2952
3071	1792	3071	2982	1807	2951
3327	1792	3071	3227	1806	2950
3583	1792	3071	3468	1805	2950
3839	1792	3071	3707	1804	2950
4095	1792	3071	3944	1802	2951
0	2048	3071	39	2070	2950
256	2048	3071	282	2068	2950
512	2048	3071	533	2067	2950
768	2048	3071	778	2066	2950
1024	2048	3071	1022	2064	2951
1280	2048	3071	1264	2064	2951
1536	2048	3071	1511	2063	2951
1792	2048	3071	1754	2062	2951
2048	2048	3071	1999	2061	2951
2303	2048	3071	2264	2060	2950
2559	2048	3071	2503	2059	2950
2815	2048	3071	2740	2058	2950
3071	2048	3071	2983	2057	2950
3327	2048	3071	3226	2056	2950
3583	2048	3071	3467	2054	2949
3839	2048	3071	3706	2053	2949
4095	2048	3071	3942	2052	2949
0	2303	3071	38	2342	2950
256	2303	3071	282	2341	2950
512	2303	3071	534	2339	2949
768	2303	3071	779	2337	2949
1024	2303	3071	1023	2337	2950
1280	2303	3071	1266	2337	2950
1536	2303	3071	1513	2336	2950
1792	2303	3071	1755	2335	2950
2048	2303	3071	1998	2335	2949
2303	2303	3071	2265	2334	2950
2559	2303	3071	2505	2332	2949
2815	2303	3071	2741	2332	2949
3071	2303	3071	2984	2330	2949
3327	2303	3071	3229	2329	2949
3583	2303	3071	3469	2328	2949
3839	2303	3071	3707	2328	2948
4095	2303	3071	3944	2325	2948
0	2559	3071	38	2583	2949
256	2559	3071	282	2581	2949
512	2559	3071	532	2580	2949
768	2559	3071	777	2580	2948
1024	2559	3071	1021	2578	2948
1280	2559	3071	1263	2578	2949
1536	2559	3071	1510	2577	2949
1792	2559	3071	1754	2576	2949
2048	2559	3071	1997	2575	2949
2303	2559	3071	2264	2574	2948
2559	2559	3071	2502	2573	2949
2815	2559	3071	2738	2571	2948
3071	2559	3071	2980	2570	2948
3327	2559	3071	3226	2569	2948
3583	2559	3071	3468	2567	2948
3839	2559	3071	3705	2566	2948
4095	2559	3071	3942	2565	2948
0	2815	3071	37	2833	2948
256	2815	3071	279	2831	2947
512	2815	3071	531	2830	2948
768	2815	3071	774	2828	2947
1024	2815	3071	1019	2828	2946
1280	2815	3071	1262	2827	2947
1536	2815	3071	1509	2826	2948
1792	2815	3071	1753	2826	2948
2048	2815	3071	1996	2825	2948
2303	2815	3071	2263	2824	2948
2559	2815	3071	2501	2823	2947
2815	2815	3071	2737	2820	2947
3071	2815	3071	2980	2819	2947
3327	2815	3071	3224	2818	2946
3583	2815	3071	3466	2817	2948
3839	2815	3071	3705	2816	2947
4095	2815	3071	3941	2814	2947
0	3071	3071	37	3083	2947
256	3071	3071	279	3081	2946
512	3071	3071	530	3080	2947
768	3071	3071	775	3079	2947
1024	3071	3071	1019	3078	2946
1280	3071	3071	1261	3077	2946
1536	3071	3071	1508	3077	2947
1792	3071	3071	1751	3075	2947
2048	3071	3071	1994	3073	2947
2303	3071	3071	2261	3072	2947
2559	3071	3071	2501	3071	2946
2815	3071	3071	2737	3070	2946
3071	3071	3071	2979	3069	2947
3327	3071	3071	3223	3067	2947
3583	3071	3071	3464	3066	2946
3839	3071	3071	3704	3065	2947
4095	3071	3071	3941	3063	2946
0	3327	3071	36	3329	2946
256	3327	3071	279	3326	2945
512	3327	3071	529	3325	2946
768	3327	3071	774	3324	2946
1024	3327	3071	1020	3324	2946
1280	3327	3071	1261	3321	2946
1536	3327	3071	1508	3321	2946
1792	3327	3071	1752	3320	2947
2048	3327	3071	1996	3319	2945
2303	3327	3071	2261	3318	2946
2559	3327	3071	2501	3316	2946
2815	3327	3071	2738	3315	2945
3071	3327	3071	2979	3314	2945
3327	3327	3071	3224	3312	2945
3583	3327	3071	3465	3311	2945
3839	3327	3071	3703	3309	2945
4095	3327	3071	3940	3307	2944
0	3583	3071	35	3583	2945
256	3583	3071	277	3581	2944
512	3583	3071	529	3578	2944
768	3583	3071	773	3577	2944
1024	3583	3071	1017	3577	2944
1280	3583	3071	1259	3575	2944
1536	3583	3071	1506	3574	2944
1792	3583	3071	1750	3573	2945
2048	3583	3071	1993	3572	2945
2303	3583	3071	2261	3572	2945
2559	3583	3071	2501	3571	2945
2815	3583	3071	2737	3569	2945
3071	3583	3071	2979	3568	2944
3327	3583	3071	3222	3566	2944
3583	3583	3071	3464	3565	2944
3839	3583	3071	3704	3563	2943
4095	3583	3071	3940	3561	2943
0	3839	3071	34	3832	2943
256	3839	3071	269	3829	2943
512	3839	3071	526	3828	2944
768	3839	3071	772	3826	2942
1024	3839	3071	1016	3825	2943
1280	3839	3071	1257	3824	2943
1536	3839	3071	1505	3823	2942
1792	3839	3071	1749	3822	2943
2048	3839	3071	1992	3821	2944
2303	3839	3071	2259	3820	2943
2559	3839	3071	2500	3819	2944
2815	3839	3071	2735	3817	2944
3071	3839	3071	2978	3815	2944
3327	3839	3071	3222	3814	2942
3583	3839	3071	3462	3812	2943
3839	3839	3071	3701	3811	2943
4095	3839	3071	3939	3808	2943
0	4095	3071	33	4082	2941
256	4095	3071	273	4078	2941
512	4095	3071	523	4077	2943
768	4095	3071	768	4076	2943
1024	4095	3071	1013	4074	2941
1280	4095	3071	1254	4073	2942
1536	4095	3071	1501	4072	2942
1792	4095	3071	1746	4071	2941
2048	4095	3071	1989	4070	2941
2303	4095	3071	2254	4069	2942
2559	4095	3071	2496	4067	2942
2815	4095	3071	2733	4064	2942
3071	4095	3071	2974	4063	2941
3327	4095	3071	3219	4061	2941
3583	4095	3071	3461	4060	2941
3839	4095	3071	3700	4058	2941
4095	4095	3071	3935	4055	2940
0	0	3327	47	57	3193
256	0	3327	288	56	3192
512	0	3327	539	55	3193
768	0	3327	785	54	3193
1024	0	3327	1030	54	3193
1280	0	3327	1270	53	3192
1536	0	3327	1517	52	3192
1792	0	3327	1761	51	3192
2048	0	3327	2004	51	3193
2303	0	3327	2271	50	3193
2559	0	3327	2508	49	3192
2815	0	3327	2745	48	3192
3071	0	3327	2987	47	3191
3327	0	3327	3231	46	3192
3583	0	3327	3473	46	3192
3839	0	3327	3712	43	3192
4095	0	3327	3947	43	3192
0	256	3327	46	312	3191
256	256	3327	288	310	3189
512	256	3327	539	309	3190
768	256	3327	783	309	3191
1024	256	3327	1028	308	3191
1280	256	3327	1270	307	3190
1536	256	3327	1518	306	3190
1792	256	3327	1759	305	3190
2048	256	3327	2003	305	3190
2303	256	3327	2270	304	3190
2559	256	3327	2507	303	3191
2815	256	3327	2745	302	3190
3071	256	3327	2987	300	3190
3327	256	3327	3230	299	3190
3583	256	3327	3472	299	3189
3839	256	3327	3711	294	3189
4095	256	3327	3948	292	3189
0	512	3327	47	562	3189
256	512	3327	288	562	3190
512	512	3327	539	560	3189
768	512	3327	784	559	3189
1024	512	3327	1028	558	3190
1280	512	3327	1270	557	3189
1536	512	3327	1517	557	3189
1792	512	3327	1760	556	3189
2048	512	3327	2003	555	3189
2303	512	3327	2271	553	3190
2559	512	3327	2509	552	3190
2815	512	3327	2745	551	3190
3071	512	3327	2988	550	3189
3327	512	3327	3232	549	3189
3583	512	3327	3473	548	3190
3839	512	3327	3712	547	3189
4095	512	3327	3948	546	3189
0	768	3327	46	816	3189
256	768	3327	288	814	3188
512	768	3327	538	813	3188
768	768	3327	782	812	3188
1024	768	3327	1029	812	3189
1280	768	3327	1270	811	3189
1536	768	3327	1515	809	3189
1792	768	3327	1759	808	3189
2048	768	3327	2003	807	3189
2303	768	3327	2271	806	3188
2559	768	3327	2508	806	3188
2815	768	3327	2746	805	3189
3071	768	3327	2987	804	3189
3327	768	3327	3232	803	3189
3583	768	3327	3473	802	3189
3839	768	3327	3711	801	3189
4095	768	3327	3947	800	3188
0	1024	3327	44	1067	3187
256	1024	3327	286	1066	3187
512	1024	3327	538	1064	3188
768	1024	3327	783	1063	3188
1024	1024	3327	1027	1062	3188
1280	1024	3327	1269	1061	3188
1536	1024	3327	1517	1060	3189
1792	1024	3327	1759	1059	3188
2048	1024	3327	2002	1058	3188
2303	1024	3327	2270	1057	3188
2559	1024	3327	2507	1057	3188
2815	1024	3327	2744	1056	3188
3071	1024	3327	2987	1055	3189
3327	1024	3327	3232	1054	3188
3583	1024	3327	3472	1053	3188
3839	1024	3327	3710	1052	3187
4095	1024	3327	3946	1052	3186
0	1280	3327	45	1313	3187
256	1280	3327	286	1315	3187
512	1280	3327	537	1309	3187
768	1280	3327	783	1308	3188
1024	1280	3327	1028	1307	3187
1280	1280	3327	1269	1306	3188
1536	1280	3327	1516	1305	3188
1792	1280	3327	1759	1304	3187
2048	1280	3327	2001	1303	3187
2303	1280	3327	2269	1302	3187
2559	1280	3327	2507	1301	3188
2815	1280	3327	2744	1301	3187
3071	1280	3327	2987	1299	3188
3327	1280	3327	3231	1298	3188
3583	1280	3327	3471	1298	3187
3839	1280	3327	3710	1296	3187
4095	1280	3327	3947	1294	3187
0	1536	3327	43	1571	3187
256	1536	3327	285	1570	3187
512	1536	3327	537	1568	3187
768	1536	3327	781	1568	3187
1024	1536	3327	1025	1567	3187
1280	1536	3327	1268	1566	3187
1536	1536	3327	1515	1566	3187
1792	1536	3327	1758	1566	3188
2048	1536	3327	2002	1565	3187
2303	1536	3327	2269	1564	3188
2559	1536	3327	2507	1563	3187
2815	1536	3327	2743	1563	3187
3071	1536	3327	2986	1561	3187
3327	1536	3327	3230	1559	3187
3583	1536	3327	3471	1558	3186
3839	1536	3327	3710	1557	3187
4095	1536	3327	3945	1556	3186
0	1792	3327	43	1822	3186
256	1792	3327	284	1821	3186
512	1792	3327	535	1820	3187
768	1792	3327	781	1819	3186
1024	1792	3327	1024	1818	3186
1280	1792	3327	1266	1817	3186
1536	1792	3327	1514	1817	3186
1792	1792	3327	1757	1816	3187
2048	1792	3327	2001	1815	3187
2303	1792	3327	2268	1814	3186
2559	1792	3327	2507	1813	3187
2815	1792	3327	2743	1812	3187
3071	1792	3327	2984	1810	3185
3327	1792	3327	3229	1809	3186
3583	1792	3327	3470	1808	3186
3839	1792	3327	3709	1807	3185
4095	1792	3327	3945	1807	3185
0	2048	3327	43	2074	3185
256	2048	3327	284	2073	3186
512	2048	3327	534	2072	3186
768	2048	3327	780	2071	3185
1024	2048	3327	1024	2070	3185
1280	2048	3327	1265	2069	3186
1536	2048	3327	1513	2068	3185
1792	2048	3327	1757	2066	3186
2048	2048	3327	1999	2065	3186
2303	2048	3327	2267	2064	3184
2559	2048	3327	2506	2063	3185
2815	2048	3327	2742	2062	3185
3071	2048	3327	2983	2061	3185
3327	2048	3327	3228	2060	3185
3583	2048	3327	3469	2059	3184
3839	2048	3327	3707	2058	3185
4095	2048	3327	3944	2056	3184
0	2303	3327	42	2346	3184
256	2303	3327	285	2345	3185
512	2303	3327	536	2344	3185
768	2303	3327	779	2343	3185
1024	2303	3327	1024	2341	3184
1280	2303	3327	1268	2341	3185
1536	2303	3327	1514	2341	3185
1792	2303	3327	1757	2339	3185
2048	2303	3327	2000	2339	3185
2303	2303	3327	2267	2337	3185
2559	2303	3327	2506	2337	3185
2815	2303	3327	2742	2336	3184
3071	2303	3327	2985	2335	3184
3327	2303	3327	3229	2333	3183
3583	2303	3327	3471	2333	3184
3839	2303	3327	3710	2332	3185
4095	2303	3327	3946	2330	3184
0	2559	3327	42	2588	3184
256	2559	3327	283	2586	3184
512	2559	3327	534	2584	3184
768	2559	3327	778	2584	3184
1024	2559	3327	1022	2583	3183
1280	2559	3327	1265	2582	3183
1536	2559	3327	1513	2581	3184
1792	2559	3327	1755	2580	3183
2048	2559	3327	1999	2579	3184
2303	2559	3327	2267	2578	3185
2559	2559	3327	2505	2577	3184
2815	2559	3327	2740	2576	3183
3071	2559	3327	2982	2575	3183
3327	2559	3327	3228	2574	3183
3583	2559	3327	3469	2573	3183
3839	2559	3327	3708	2571	3183
4095	2559	3327	3944	2570	3184
0	2815	3327	40	2838	3183
256	2815	3327	282	2836	3184
512	2815	3327	532	2835	3182
768	2815	3327	777	2833	3183
1024	2815	3327	1022	2832	3183
1280	2815	3327	1263	2831	3182
1536	2815	3327	1510	2831	3183
1792	2815	3327	1755	2830	3183
2048	2815	3327	1998	2829	3183
2303	2815	3327	2264	2828	3183
2559	2815	3327	2503	2827	3184
2815	2815	3327	2739	2826	3183
3071	2815	3327	2981	2824	3182
3327	2815	3327	3227	2822	3182
3583	2815	3327	3469	2821	3183
3839	2815	3327	3706	2820	3182
4095	2815	3327	3943	2818	3183
0	3071	3327	40	3087	3182
256	3071	3327	282	3085	3181
512	3071	3327	533	3084	3182
768	3071	3327	777	3083	3182
1024	3071	3327	1021	3083	3183
1280	3071	3327	1264	3081	3182
1536	3071	3327	1509	3081	3182
1792	3071	3327	1753	3080	3182
2048	3071	3327	1996	3079	3182
2303	3071	3327	2265	3077	3182
2559	3071	3327	2503	3077	3182
2815	3071	3327	2740	3075	3182
3071	3071	3327	2982	3073	3182
3327	3071	3327	3225	3072	3181
3583	3071	3327	3467	3071	3182
3839	3071	3327	3706	3070	3181
4095	3071	3327	3942	3067	3182
0	3327	3327	40	3334	3180
256	3327	3327	280	3331	3181
512	3327	3327	532	3329	3181
768	3327	3327	776	3329	3181
1024	3327	3327	1022	3328	3181
1280	3327	3327	1263	3327	3182
1536	3327	3327	1511	3326	3181
1792	3327	3327	1753	3325	3181
2048	3327	3327	1997	3323	3181
2303	3327	3327	2265	3322	3182
2559	3327	3327	2504	3321	3181
2815	3327	3327	2740	3319	3181
3071	3327	3327	2982	3318	3181
3327	3327	3327	3226	3317	3181
3583	3327	3327	3467	3316	3181
3839	3327	3327	3706	3314	3181
4095	3327	3327	3943	3312	3180
0	3583	3327	39	3588	3181
256	3583	3327	280	3585	3179
512	3583	3327	530	3584	3180
768	3583	3327	775	3583	3180
1024	3583	3327	1020	3582	3180
1280	3583	3327	1261	3580	3179
1536	3583	3327	1508	3579	3180
1792	3583	3327	1753	3578	3180
2048	3583	3327	1996	3577	3180
2303	3583	3327	2264	3576	3180
2559	3583	3327	2503	3575	3180
2815	3583	3327	2740	3574	3180
3071	3583	3327	2982	3572	3180
3327	3583	3327	3226	3571	3179
3583	3583	3327	3467	3569	3180
3839	3583	3327	3706	3568	3180
4095	3583	3327	3943	3566	3180
0	3839	3327	36	3837	3179
256	3839	3327	271	3835	3178
512	3839	3327	528	3833	3178
768	3839	3327	774	3831	3179
1024	3839	3327	1018	3830	3178
1280	3839	3327	1261	3829	3179
1536	3839	3327	1507	3828	3179
1792	3839	3327	1751	3827	3179
2048	3839	3327	1995	3826	3179
2303	3839	3327	2263	3824	3179
2559	3839	3327	2501	3823	3180
2815	3839	3327	2738	3821	3179
3071	3839	3327	2981	3820	3179
3327	3839	3327	3224	3819	3179
3583	3839	3327	3464	3817	3178
3839	3839	3327	3703	3816	3179
4095	3839	3327	3941	3813	3179
0	4095	3327	37	4086	3177
256	4095	3327	274	4082	3177
512	4095	3327	526	4081	3177
768	4095	3327	770	4080	3177
1024	4095	3327	1013	4079	3177
1280	4095	3327	1256	4077	3177
1536	4095	3327	1504	4076	3177
1792	4095	3327	1749	4075	3177
2048	4095	3327	1990	4074	3177
2303	4095	3327	2257	4072	3177
2559	4095	3327	2498	4071	3178
2815	4095	3327	2733	4070	3178
3071	4095	3327	2976	4068	3177
3327	4095	3327	3221	4066	3177
3583	4095	3327	3464	4064	3178
3839	4095	3327	3702	4062	3176
4095	4095	3327	3938	4059	3176
0	0	3583	51	62	3444
256	0	3583	290	62	3443
512	0	3583	542	61	3444
768	0	3583	787	59	3444
1024	0	3583	1031	58	3443
1280	0	3583	1272	58	3442
1536	0	3583	1519	57	3442
1792	0	3583	1763	56	3443
2048	0	3583	2005	55	3443
2303	0	3583	2274	54	3443
2559	0	3583	2509	54	3443
2815	0	3583	2747	52	3443
3071	0	3583	2990	52	3442
3327	0	3583	3235	51	3443
3583	0	3583	3475	50	3443
3839	0	3583	3713	49	3442
4095	0	3583	3949	48	3442
0	256	3583	50	316	3441
256	256	3583	291	314	3441
512	256	3583	541	313	3441
768	256	3583	786	313	3441
1024	256	3583	1030	312	3440
1280	256	3583	1274	311	3440
1536	256	3583	1518	310	3440
1792	256	3583	1761	309	3441
2048	256	3583	2005	308	3441
2303	256	3583	2273	307	3440
2559	256	3583	2509	307	3440
2815	256	3583	2747	306	3441
3071	256	3583	2988	305	3440
3327	256	3583	3232	304	3440
3583	256	3583	3475	303	3440
3839	256	3583	3714	298	3441
4095	256	3583	3950	296	3440
0	512	3583	49	566	3440
256	512	3583	290	565	3440
512	512	3583	541	564	3440
768	512	3583	786	563	3439
1024	512	3583	1030	562	3439
1280	512	3583	1281	561	3440
1536	512	3583	1519	561	3439
1792	512	3583	1761	559	3439
2048	512	3583	2005	558	3440
2303	512	3583	2273	558	3440
2559	512	3583	2509	557	3439
2815	512	3583	2747	556	3440
3071	512	3583	2990	554	3440
3327	512	3583	3234	553	3439
3583	512	3583	3475	552	3439
3839	512	3583	3714	551	3439
4095	512	3583	3950	550	3438
0	768	3583	49	820	3441
256	768	3583	289	818	3438
512	768	3583	541	817	3438
768	768	3583	785	816	3439
1024	768	3583	1031	815	3439
1280	768	3583	1271	814	3439
1536	768	3583	1518	813	3439
1792	768	3583	1762	812	3439
2048	768	3583	2005	812	3439
2303	768	3583	2273	810	3439
2559	768	3583	2509	809	3438
2815	768	3583	2746	808	3439
3071	768	3583	2989	807	3439
3327	768	3583	3234	806	3439
3583	768	3583	3474	805	3438
3839	768	3583	3712	805	3438
4095	768	3583	3949	804	3438
0	1024	3583	48	1069	3438
256	1024	3583	290	1069	3439
512	1024	3583	539	1069	3438
768	1024	3583	784	1068	3438
1024	1024	3583	1030	1066	3439
1280	1024	3583	1272	1065	3438
1536	1024	3583	1518	1063	3438
1792	1024	3583	1761	1063	3438
2048	1024	3583	2005	1062	3438
2303	1024	3583	2272	1061	3438
2559	1024	3583	2509	1060	3438
2815	1024	3583	2747	1059	3438
3071	1024	3583	2989	1059	3438
3327	1024	3583	3232	1058	3438
3583	1024	3583	3474	1057	3438
3839	1024	3583	3713	1056	3437
4095	1024	3583	3948	1055	3437
0	1280	3583	47	1316	3438
256	1280	3583	289	1316	3438
512	1280	3583	540	1323	3437
768	1280	3583	786	1321	3438
1024	1280	3583	1029	1311	3438
1280	1280	3583	1270	1310	3438
1536	1280	3583	1518	1309	3437
1792	1280	3583	1760	1308	3438
2048	1280	3583	2004	1307	3438
2303	1280	3583	2272	1306	3437
2559	1280	3583	2509	1305	3437
2815	1280	3583	2746	1304	3437
3071	1280	3583	2989	1303	3437
3327	1280	3583	3234	1302	3437
3583	1280	3583	3474	1301	3437
3839	1280	3583	3714	1300	3436
4095	1280	3583	3950	1299	3436
0	1536	3583	47	1576	3437
256	1536	3583	288	1573	3436
512	1536	3583	539	1573	3438
768	1536	3583	784	1572	3437
1024	1536	3583	1028	1571	3437
1280	1536	3583	1270	1570	3437
1536	1536	3583	1518	1569	3436
1792	1536	3583	1761	1569	3437
2048	1536	3583	2003	1568	3437
2303	1536	3583	2272	1567	3437
2559	1536	3583	2509	1566	3436
2815	1536	3583	2746	1566	3437
3071	1536	3583	2988	1565	3437
3327	1536	3583	3233	1564	3436
3583	1536	3583	3473	1563	3436
3839	1536	3583	3712	1561	3436
4095	1536	3583	3948	1560	3434
0	1792	3583	46	1825	3436
256	1792	3583	288	1824	3436
512	1792	3583	538	1823	3436
768	1792	3583	782	1823	3436
1024	1792	3583	1027	1822	3435
1280	1792	3583	1269	1821	3436
1536	1792	3583	1516	1820	3436
1792	1792	3583	1760	1819	3435
2048	1792	3583	2002	1819	3436
2303	1792	3583	2271	1818	3436
2559	1792	3583	2508	1817	3435
2815	1792	3583	2745	1816	3435
3071	1792	3583	2987	1814	3435
3327	1792	3583	3232	1812	3435
3583	1792	3583	3473	1811	3434
3839	1792	3583	3711	1810	3434
4095	1792	3583	3947	1810	3434
0	2048	3583	46	2078	3435
256	2048	3583	286	2077	3435
512	2048	3583	537	2077	3435
768	2048	3583	783	2075	3434
1024	2048	3583	1026	2075	3435
1280	2048	3583	1268	2073	3435
1536	2048	3583	1517	2072	3435
1792	2048	3583	1759	2071	3435
2048	2048	3583	2002	2070	3435
2303	2048	3583	2271	2069	3435
2559	2048	3583	2507	2067	3435
2815	2048	3583	2744	2066	3434
3071	2048	3583	2986	2065	3434
3327	2048	3583	3230	2064	3434
3583	2048	3583	3470	2064	3433
3839	2048	3583	3710	2062	3433
4095	2048	3583	3947	2061	3434
0	2303	3583	46	2350	3434
256	2303	3583	288	2348	3434
512	2303	3583	538	2348	3434
768	2303	3583	782	2347	3434
1024	2303	3583	1028	2346	3434
1280	2303	3583	1269	2345	3434
1536	2303	3583	1517	2345	3434
1792	2303	3583	1759	2343	3434
2048	2303	3583	2002	2342	3433
2303	2303	3583	2271	2341	3434
2559	2303	3583	2508	2340	3435
2815	2303	3583	2745	2340	3434
3071	2303	3583	2986	2339	3433
3327	2303	3583	3232	2337	3433
3583	2303	3583	3474	2336	3433
3839	2303	3583	3712	2335	3433
4095	2303	3583	3948	2334	3433
0	2559	3583	44	2592	3433
256	2559	3583	285	2590	3433
512	2559	3583	537	2589	3433
768	2559	3583	780	2589	3432
1024	2559	3583	1026	2587	3433
1280	2559	3583	1267	2585	3433
1536	2559	3583	1515	2585	3432
1792	2559	3583	1757	2584	3433
2048	2559	3583	2001	2583	3433
2303	2559	3583	2269	2582	3433
2559	2559	3583	2505	2581	3433
2815	2559	3583	2744	2580	3433
3071	2559	3583	2986	2579	3431
3327	2559	3583	3229	2577	3432
3583	2559	3583	3471	2576	3432
3839	2559	3583	3710	2575	3432
4095	2559	3583	3946	2575	3432
0	2815	3583	44	2843	3431
256	2815	3583	283	2841	3432
512	2815	3583	535	2839	3432
768	2815	3583	780	2837	3432
1024	2815	3583	1024	2837	3432
1280	2815	3583	1265	2835	3431
1536	2815	3583	1512	2835	3432
1792	2815	3583	1757	2834	3431
2048	2815	3583	2000	2833	3432
2303	2815	3583	2267	2832	3432
2559	2815	3583	2506	2831	3431
2815	2815	3583	2741	2830	3431
3071	2815	3583	2984	2829	3432
3327	2815	3583	3230	2827	3431
3583	2815	3583	3470	2826	3431
3839	2815	3583	3709	2825	3431
4095	2815	3583	3946	2823	3430
0	3071	3583	43	3091	3431
256	3071	3583	284	3089	3430
512	3071	3583	534	3088	3430
768	3071	3583	779	3087	3432
1024	3071	3583	1024	3086	3431
1280	3071	3583	1265	3084	3430
1536	3071	3583	1511	3084	3431
1792	3071	3583	1754	3083	3430
2048	3071	3583	1999	3082	3430
2303	3071	3583	2267	3081	3431
2559	3071	3583	2506	3080	3431
2815	3071	3583	2742	3079	3430
3071	3071	3583	2983	3078	3430
3327	3071	3583	3228	3075	3431
3583	3071	3583	3470	3075	3430
3839	3071	3583	3707	3073	3430
4095	3071	3583	3943	3072	3430
0	3327	3583	42	3337	3429
256	3327	3583	284	3334	3429
512	3327	3583	535	3333	3429
768	3327	3583	778	3333	3429
1024	3327	3583	1024	3332	3430
1280	3327	3583	1265	3330	3430
1536	3327	3583	1514	3330	3430
1792	3327	3583	1756	3329	3430
2048	3327	3583	1999	3328	3429
2303	3327	3583	2267	3326	3429
2559	3327	3583	2505	3326	3430
2815	3327	3583	2742	3324	3429
3071	3327	3583	2985	3322	3429
3327	3327	3583	3228	3321	3429
3583	3327	3583	3469	3320	3429
3839	3327	3583	3709	3319	3428
4095	3327	3583	3946	3317	3429
0	3583	3583	42	3592	3428
256	3583	3583	282	3589	3428
512	3583	3583	533	3588	3427
768	3583	3583	777	3587	3428
1024	3583	3583	1022	3586	3428
1280	3583	3583	1264	3584	3427
1536	3583	3583	1511	3584	3428
1792	3583	3583	1756	3583	3429
2048	3583	3583	1999	3581	3429
2303	3583	3583	2267	3580	3428
2559	3583	3583	2504	3579	3428
2815	3583	3583	2741	3577	3429
3071	3583	3583	2984	3576	3428
3327	3583	3583	3228	3575	3428
3583	3583	3583	3469	3573	3428
3839	3583	3583	3708	3572	3427
4095	3583	3583	3944	3570	3427
0	3839	3583	40	3842	3426
256	3839	3583	274	3839	3427
512	3839	3583	530	3838	3427
768	3839	3583	776	3836	3426
1024	3839	3583	1020	3835	3426
1280	3839	3583	1264	3833	3427
1536	3839	3583	1510	3832	3426
1792	3839	3583	1753	3831	3426
2048	3839	3583	1997	3830	3427
2303	3839	3583	2264	3828	3426
2559	3839	3583	2503	3827	3426
2815	3839	3583	2740	3826	3426
3071	3839	3583	2981	3824	3427
3327	3839	3583	3227	3823	3426
3583	3839	3583	3468	3821	3426
3839	3839	3583	3707	3819	3426
4095	3839	3583	3943	3817	3425
0	4095	3583	40	4091	3424
256	4095	3583	278	4088	3425
512	4095	3583	529	4085	3425
768	4095	3583	773	4084	3425
1024	4095	3583	1017	4084	3424
1280	4095	3583	1260	4082	3425
1536	4095	3583	1508	4080	3425
1792	4095	3583	1750	4079	3425
2048	4095	3583	1993	4078	3425
2303	4095	3583	2261	4077	3425
2559	4095	3583	2499	4075	3425
2815	4095	3583	2736	4074	3424
3071	4095	3583	2979	4073	3425
3327	4095	3583	3223	4071	3423
3583	4095	3583	3465	4069	3424
3839	4095	3583	3704	4067	3424
4095	4095	3583	3942	4064	3423
0	0	3839	53	65	3700
256	0	3839	293	65	3699
512	0	3839	545	64	3701
768	0	3839	790	63	3701
1024	0	3839	1035	62	3699
1280	0	3839	1275	62	3699
1536	0	3839	1523	60	3700
1792	0	3839	1766	59	3700
2048	0	3839	2008	58	3699
2303	0	3839	2278	57	3700
2559	0	3839	2512	57	3699
2815	0	3839	2751	56	3700
3071	0	3839	2993	55	3700
3327	0	3839	3238	54	3701
3583	0	3839	3478	53	3700
3839	0	3839	3717	52	3700
4095	0	3839	3953	52	3700
0	256	3839	53	317	3698
256	256	3839	289	316	3698
512	256	3839	544	315	3697
768	256	3839	789	313	3697
1024	256	3839	1035	312	3697
1280	256	3839	1276	311	3697
1536	256	3839	1522	310	3698
1792	256	3839	1766	309	3698
2048	256	3839	2008	309	3697
2303	256	3839	2278	307	3699
2559	256	3839	2513	307	3699
2815	256	3839	2750	306	3698
3071	256	3839	2992	305	3697
3327	256	3839	3236	304	3698
3583	256	3839	3478	303	3697
3839	256	3839	3718	301	3698
4095	256	3839	3954	301	3697
0	512	3839	52	570	3698
256	512	3839	290	569	3697
512	512	3839	544	568	3696
768	512	3839	790	566	3696
1024	512	3839	1034	566	3697
1280	512	3839	1282	565	3697
1536	512	3839	1522	564	3696
1792	512	3839	1766	563	3697
2048	512	3839	2009	562	3696
2303	512	3839	2277	561	3697
2559	512	3839	2514	560	3697
2815	512	3839	2752	559	3698
3071	512	3839	2994	559	3696
3327	512	3839	3237	558	3697
3583	512	3839	3479	557	3697
3839	512	3839	3718	555	3696
4095	512	3839	3953	554	3696
0	768	3839	51	823	3696
256	768	3839	290	822	3696
512	768	3839	545	820	3696
768	768	3839	789	820	3696
1024	768	3839	1033	819	3696
1280	768	3839	1275	818	3697
1536	768	3839	1523	817	3696
1792	768	3839	1765	816	3695
2048	768	3839	2009	815	3697
2303	768	3839	2277	814	3696
2559	768	3839	2513	813	3695
2815	768	3839	2750	813	3696
3071	768	3839	2993	811	3695
3327	768	3839	3237	810	3696
3583	768	3839	3478	809	3696
3839	768	3839	3717	808	3696
4095	768	3839	3953	807	3695
0	1024	3839	51	1073	3694
256	1024	3839	289	1072	3695
512	1024	3839	543	1072	3696
768	1024	3839	788	1071	3695
1024	1024	3839	1034	1069	3695
1280	1024	3839	1274	1068	3696
1536	1024	3839	1522	1067	3695
1792	1024	3839	1765	1067	3694
2048	1024	3839	2007	1066	3695
2303	1024	3839	2277	1064	3696
2559	1024	3839	2512	1063	3695
2815	1024	3839	2750	1063	3695
3071	1024	3839	2992	1062	3695
3327	1024	3839	3237	1061	3695
3583	1024	3839	3478	1061	3695
3839	1024	3839	3716	1060	3695
4095	1024	3839	3952	1059	3693
0	1280	3839	50	1320	3695
256	1280	3839	289	1320	3694
512	1280	3839	544	1325	3695
768	1280	3839	788	1323	3695
1024	1280	3839	1033	1315	3695
1280	1280	3839	1274	1314	3695
1536	1280	3839	1522	1313	3695
1792	1280	3839	1764	1312	3694
2048	1280	3839	2009	1311	3694
2303	1280	3839	2276	1310	3695
2559	1280	3839	2513	1310	3695
2815	1280	3839	2750	1308	3694
3071	1280	3839	2993	1307	3694
3327	1280	3839	3237	1306	3695
3583	1280	3839	3478	1305	3694
3839	1280	3839	3718	1305	3693
4095	1280	3839	3952	1304	3694
0	1536	3839	50	1580	3694
256	1536	3839	288	1578	3694
512	1536	3839	543	1577	3694
768	1536	3839	787	1577	3694
1024	1536	3839	1031	1575	3694
1280	1536	3839	1273	1574	3693
1536	1536	3839	1522	1573	3694
1792	1536	3839	1764	1572	3694
2048	1536	3839	2007	1571	3693
2303	1536	3839	2275	1570	3694
2559	1536	3839	2513	1570	3694
2815	1536	3839	2750	1569	3693
3071	1536	3839	2991	1567	3693
3327	1536	3839	3235	1566	3694
3583	1536	3839	3476	1566	3693
3839	1536	3839	3716	1565	3693
4095	1536	3839	3953	1565	3693
0	1792	3839	49	1831	3692
256	1792	3839	288	1828	3693
512	1792	3839	541	1827	3693
768	1792	3839	786	1826	3693
1024	1792	3839	1031	1825	3693
1280	1792	3839	1272	1825	3692
1536	1792	3839	1519	1824	3692
1792	1792	3839	1763	1822	3693
2048	1792	3839	2005	1821	3693
2303	1792	3839	2273	1821	3693
2559	1792	3839	2510	1820	3692
2815	1792	3839	2748	1819	3692
3071	1792	3839	2990	1818	3692
3327	1792	3839	3235	1817	3692
3583	1792	3839	3476	1816	3692
3839	1792	3839	3714	1814	3691
4095	1792	3839	3951	1813	3692
0	2048	3839	48	2083	3691
256	2048	3839	287	2081	3692
512	2048	3839	540	2081	3692
768	2048	3839	785	2079	3691
1024	2048	3839	1030	2078	3692
1280	2048	3839	1272	2076	3692
1536	2048	3839	1519	2076	3691
1792	2048	3839	1762	2075	3691
2048	2048	3839	2005	2074	3692
2303	2048	3839	2275	2073	3693
2559	2048	3839	2509	2073	3692
2815	2048	3839	2747	2071	3692
3071	2048	3839	2990	2070	3692
3327	2048	3839	3234	2069	3691
3583	2048	3839	3474	2068	3691
3839	2048	3839	3714	2066	3692
4095	2048	3839	3950	2065	3691
0	2303	3839	49	2354	3690
256	2303	3839	288	2352	3690
512	2303	3839	541	2351	3691
768	2303	3839	787	2351	3691
1024	2303	3839	1031	2350	3691
1280	2303	3839	1272	2349	3691
1536	2303	3839	1521	2349	3691
1792	2303	3839	1763	2348	3690
2048	2303	3839	2006	2347	3691
2303	2303	3839	2276	2345	3692
2559	2303	3839	2512	2344	3691
2815	2303	3839	2749	2343	3691
3071	2303	3839	2991	2342	3690
3327	2303	3839	3236	2340	3690
3583	2303	3839	3477	2339	3690
3839	2303	3839	3715	2339	3690
4095	2303	3839	3951	2338	3690
0	2559	3839	47	2596	3690
256	2559	3839	285	2594	3689
512	2559	3839	539	2593	3689
768	2559	3839	783	2592	3690
1024	2559	3839	1029	2591	3690
1280	2559	3839	1270	2589	3689
1536	2559	3839	1517	2589	3689
1792	2559	3839	1760	2587	3689
2048	2559	3839	2004	2586	3689
2303	2559	3839	2272	2585	3690
2559	2559	3839	2509	2584	3690
2815	2559	3839	2747	2583	3689
3071	2559	3839	2988	2582	3689
3327	2559	3839	3233	2581	3690
3583	2559	3839	3474	2580	3689
3839	2559	3839	3712	2579	3689
4095	2559	3839	3949	2578	3689
0	2815	3839	46	2846	3688
256	2815	3839	283	2844	3689
512	2815	3839	538	2842	3688
768	2815	3839	784	2842	3689
1024	2815	3839	1027	2840	3690
1280	2815	3839	1269	2839	3689
1536	2815	3839	1515	2839	3689
1792	2815	3839	1759	2837	3688
2048	2815	3839	2003	2836	3688
2303	2815	3839	2272	2835	3689
2559	2815	3839	2508	2835	3689
2815	2815	3839	2746	2834	3688
3071	2815	3839	2988	2832	3688
3327	2815	3839	3233	2831	3689
3583	2815	3839	3474	2830	3689
3839	2815	3839	3712	2829	3688
4095	2815	3839	3949	2827	3687
0	3071	3839	46	3096	3686
256	3071	3839	283	3093	3688
512	3071	3839	538	3092	3687
768	3071	3839	783	3091	3688
1024	3071	3839	1026	3090	3688
1280	3071	3839	1268	3088	3688
1536	3071	3839	1515	3087	3687
1792	3071	3839	1759	3087	3687
2048	3071	3839	2003	3086	3688
2303	3071	3839	2271	3085	3687
2559	3071	3839	2509	3084	3687
2815	3071	3839	2744	3083	3688
3071	3071	3839	2987	3082	3687
3327	3071	3839	3232	3080	3687
3583	3071	3839	3473	3079	3688
3839	3071	3839	3711	3078	3687
4095	3071	3839	3947	3075	3687
0	3327	3839	46	3341	3686
256	3327	3839	284	3339	3686
512	3327	3839	538	3337	3686
768	3327	3839	783	3338	3686
1024	3327	3839	1026	3335	3686
1280	3327	3839	1268	3334	3686
1536	3327	3839	1516	3334	3685
1792	3327	3839	1760	3333	3685
2048	3327	3839	2003	3332	3687
2303	3327	3839	2271	3330	3687
2559	3327	3839	2509	3330	3686
2815	3327	3839	2745	3329	3686
3071	3327	3839	2987	3327	3687
3327	3327	3839	3232	3324	3686
3583	3327	3839	3473	3324	3687
3839	3327	3839	3713	3323	3687
4095	3327	3839	3949	3321	3686
0	3583	3839	44	3596	3685
256	3583	3839	282	3594	3683
512	3583	3839	537	3592	3684
768	3583	3839	780	3591	3684
1024	3583	3839	1027	3589	3684
1280	3583	3839	1267	3588	3685
1536	3583	3839	1516	3587	3685
1792	3583	3839	1758	3587	3685
2048	3583	3839	2002	3586	3684
2303	3583	3839	2270	3584	3685
2559	3583	3839	2506	3583	3684
2815	3583	3839	2744	3581	3684
3071	3583	3839	2987	3580	3685
3327	3583	3839	3230	3578	3684
3583	3583	3839	3472	3577	3684
3839	3583	3839	3711	3576	3684
4095	3583	3839	3947	3574	3685
0	3839	3839	44	3845	3683
256	3839	3839	278	3842	3683
512	3839	3839	534	3841	3683
768	3839	3839	780	3840	3683
1024	3839	3839	1024	3838	3682
1280	3839	3839	1266	3837	3683
1536	3839	3839	1514	3836	3684
1792	3839	3839	1756	3835	3684
2048	3839	3839	2000	3833	3683
2303	3839	3839	2267	3832	3683
2559	3839	3839	2506	3830	3683
2815	3839	3839	2743	3829	3682
3071	3839	3839	2985	3828	3682
3327	3839	3839	3230	3826	3683
3583	3839	3839	3472	3825	3682
3839	3839	3839	3710	3823	3682
4095	3839	3839	3946	3821	3682
0	4095	3839	44	4095	3681
256	4095	3839	282	4091	3681
512	4095	3839	532	4090	3681
768	4095	3839	777	4089	3681
1024	4095	3839	1021	4088	3681
1280	4095	3839	1264	4086	3680
1536	4095	3839	1510	4084	3681
1792	4095	3839	1754	4083	3681
2048	4095	3839	1997	4082	3681
2303	4095	3839	2264	4080	3681
2559	4095	3839	2503	4079	3681
2815	4095	3839	2740	4078	3681
3071	4095	3839	2982	4076	3681
3327	4095	3839	3227	4074	3680
3583	4095	3839	3467	4073	3681
3839	4095	3839	3707	4071	3680
4095	4095	3839	3944	4068	3680
0	0	4095	57	69	3960
256	0	4095	296	68	3961
512	0	4095	548	67	3961
768	0	4095	794	66	3960
1024	0	4095	1038	66	3960
1280	0	4095	1279	65	3959
1536	0	4095	1525	65	3960
1792	0	4095	1769	63	3960
2048	0	4095	2013	63	3960
2303	0	4095	2281	61	3960
2559	0	4095	2516	60	3961
2815	0	4095	2755	59	3961
3071	0	4095	2995	59	3960
3327	0	4095	3240	58	3960
3583	0	4095	3481	57	3960
3839	0	4095	3721	56	3959
4095	0	4095	3955	56	3960
0	256	4095	56	321	3958
256	256	4095	294	320	3959
512	256	4095	548	319	3957
768	256	4095	793	318	3957
1024	256	4095	1037	317	3957
1280	256	4095	1278	316	3958
1536	256	4095	1526	314	3957
1792	256	4095	1768	313	3957
2048	256	4095	2011	313	3957
2303	256	4095	2282	311	3958
2559	256	4095	2517	310	3958
2815	256	4095	2754	309	3959
3071	256	4095	2996	309	3958
3327	256	4095	3240	308	3958
3583	256	4095	3480	307	3958
3839	256	4095	3721	306	3958
4095	256	4095	3956	306	3957
0	512	4095	56	574	3957
256	512	4095	294	573	3956
512	512	4095	548	572	3956
768	512	4095	793	569	3957
1024	512	4095	1037	569	3956
1280	512	4095	1278	568	3957
1536	512	4095	1526	567	3957
1792	512	4095	1770	566	3956
2048	512	4095	2011	566	3956
2303	512	4095	2281	564	3958
2559	512	4095	2518	564	3957
2815	512	4095	2755	563	3957
3071	512	4095	2997	562	3957
3327	512	4095	3241	561	3957
3583	512	4095	3482	560	3955
3839	512	4095	3720	559	3956
4095	512	4095	3956	558	3957
0	768	4095	55	826	3955
256	768	4095	294	825	3955
512	768	4095	548	824	3957
768	768	4095	791	822	3956
1024	768	4095	1036	822	3956
1280	768	4095	1279	821	3956
1536	768	4095	1526	820	3956
1792	768	4095	1769	819	3956
2048	768	4095	2013	818	3955
2303	768	4095	2281	817	3956
2559	768	4095	2517	817	3957
2815	768	4095	2754	816	3955
3071	768	4095	2997	815	3956
3327	768	4095	3241	814	3956
3583	768	4095	3481	814	3955
3839	768	4095	3721	811	3955
4095	768	4095	3956	810	3955
0	1024	4095	54	1077	3955
256	1024	4095	293	1076	3956
512	1024	4095	547	1075	3955
768	1024	4095	791	1073	3955
1024	1024	4095	1036	1072	3955
1280	1024	4095	1276	1071	3955
1536	1024	4095	1525	1070	3954
1792	1024	4095	1768	1070	3955
2048	1024	4095	2011	1069	3954
2303	1024	4095	2281	1068	3955
2559	1024	4095	2515	1068	3955
2815	1024	4095	2753	1067	3954
3071	1024	4095	2996	1064	3955
3327	1024	4095	3241	1064	3955
3583	1024	4095	3481	1063	3955
3839	1024	4095	3720	1062	3953
4095	1024	4095	3956	1061	3953
0	1280	4095	54	1324	3953
256	1280	4095	294	1324	3954
512	1280	4095	547	1327	3953
768	1280	4095	791	1320	3953
1024	1280	4095	1037	1319	3954
1280	1280	4095	1277	1317	3954
1536	1280	4095	1525	1317	3953
1792	1280	4095	1768	1317	3954
2048	1280	4095	2011	1315	3953
2303	1280	4095	2280	1314	3953
2559	1280	4095	2516	1313	3954
2815	1280	4095	2754	1312	3954
3071	1280	4095	2996	1310	3953
3327	1280	4095	3240	1310	3953
3583	1280	4095	3480	1309	3953
3839	1280	4095	3719	1308	3952
4095	1280	4095	3955	1307	3953
0	1536	4095	53	1583	3952
256	1536	4095	292	1582	3953
512	1536	4095	545	1581	3953
768	1536	4095	790	1580	3953
1024	1536	4095	1034	1579	3952
1280	1536	4095	1276	1578	3953
1536	1536	4095	1523	1576	3952
1792	1536	4095	1766	1575	3953
2048	1536	4095	2010	1574	3952
2303	1536	4095	2280	1573	3953
2559	1536	4095	2515	1573	3953
2815	1536	4095	2753	1572	3953
3071	1536	4095	2995	1571	3953
3327	1536	4095	3238	1570	3952
3583	1536	4095	3479	1569	3952
3839	1536	4095	3720	1568	3953
4095	1536	4095	3955	1567	3952
0	1792	4095	53	1834	3952
256	1792	4095	291	1833	3951
512	1792	4095	545	1832	3953
768	1792	4095	790	1831	3952
1024	1792	4095	1033	1829	3952
1280	1792	4095	1274	1828	3952
1536	1792	4095	1523	1828	3952
1792	1792	4095	1765	1826	3951
2048	1792	4095	2009	1825	3952
2303	1792	4095	2278	1824	3953
2559	1792	4095	2513	1823	3952
2815	1792	4095	2750	1823	3952
3071	1792	4095	2994	1822	3952
3327	1792	4095	3238	1821	3951
3583	1792	4095	3478	1820	3951
3839	1792	4095	3719	1819	3952
4095	1792	4095	3955	1818	3952
0	2048	4095	52	2088	3950
256	2048	4095	291	2085	3951
512	2048	4095	544	2084	3950
768	2048	4095	789	2083	3951
1024	2048	4095	1034	2082	3951
1280	2048	4095	1275	2081	3950
1536	2048	4095	1523	2081	3951
1792	2048	4095	1766	2080	3951
2048	2048	4095	2008	2078	3951
2303	2048	4095	2278	2077	3952
2559	2048	4095	2513	2077	3951
2815	2048	4095	2751	2076	3951
3071	2048	4095	2993	2074	3950
3327	2048	4095	3238	2074	3951
3583	2048	4095	3479	2073	3950
3839	2048	4095	3717	2070	3950
4095	2048	4095	3954	2069	3951
0	2303	4095	52	2357	3950
256	2303	4095	292	2355	3949
512	2303	4095	545	2355	3949
768	2303	4095	789	2354	3949
1024	2303	4095	1034	2354	3950
1280	2303	4095	1276	2353	3949
1536	2303	4095	1523	2352	3949
1792	2303	4095	1767	2351	3949
2048	2303	4095	2009	2349	3949
2303	2303	4095	2280	2348	3950
2559	2303	4095	2515	2348	3949
2815	2303	4095	2753	2347	3950
3071	2303	4095	2995	2346	3948
3327	2303	4095	3239	2343	3949
3583	2303	4095	3480	2343	3950
3839	2303	4095	3718	2342	3949
4095	2303	4095	3953	2341	3949
0	2559	4095	51	2599	3948
256	2559	4095	288	2597	3948
512	2559	4095	542	2596	3948
768	2559	4095	788	2595	3948
1024	2559	4095	1031	2594	3949
1280	2559	4095	1274	2592	3949
1536	2559	4095	1521	2592	3948
1792	2559	4095	1764	2591	3947
2048	2559	4095	2007	2590	3948
2303	2559	4095	2276	2589	3948
2559	2559	4095	2513	2587	3948
2815	2559	4095	2749	2586	3948
3071	2559	4095	2991	2586	3947
3327	2559	4095	3237	2585	3948
3583	2559	4095	3477	2584	3948
3839	2559	4095	3716	2582	3948
4095	2559	4095	3953	2581	3947
0	2815	4095	50	2849	3946
256	2815	4095	288	2847	3947
512	2815	4095	541	2846	3948
768	2815	4095	787	2845	3947
1024	2815	4095	1032	2845	3948
1280	2815	4095	1273	2844	3948
1536	2815	4095	1520	2844	3948
1792	2815	4095	1762	2841	3947
2048	2815	4095	2007	2840	3948
2303	2815	4095	2275	2838	3948
2559	2815	4095	2511	2838	3947
2815	2815	4095	2749	2837	3947
3071	2815	4095	2992	2836	3947
3327	2815	4095	3237	2835	3946
3583	2815	4095	3478	2834	3947
3839	2815	4095	3716	2832	3947
4095	2815	4095	3951	2831	3945
0	3071	4095	49	3100	3946
256	3071	4095	287	3097	3946
512	3071	4095	541	3096	3947
768	3071	4095	786	3095	3947
1024	3071	4095	1029	3093	3946
1280	3071	4095	1271	3092	3946
1536	3071	4095	1520	3091	3946
1792	3071	4095	1763	3090	3945
2048	3071	4095	2008	3090	3947
2303	3071	4095	2276	3089	3946
2559	3071	4095	2511	3088	3945
2815	3071	4095	2748	3087	3947
3071	3071	4095	2992	3085	3946
3327	3071	4095	3235	3084	3946
3583	3071	4095	3476	3083	3945
3839	3071	4095	3715	3081	3945
4095	3071	4095	3951	3080	3945
0	3327	4095	49	3345	3944
256	3327	4095	287	3344	3945
512	3327	4095	542	3341	3945
768	3327	4095	787	3340	3945
1024	3327	4095	1029	3339	3945
1280	3327	4095	1271	3337	3944
1536	3327	4095	1519	3337	3944
1792	3327	4095	1764	3336	3944
2048	3327	4095	2006	3335	3944
2303	3327	4095	2276	3333	3944
2559	3327	4095	2512	3333	3945
2815	3327	4095	2749	3332	3944
3071	3327	4095	2991	3330	3945
3327	3327	4095	3235	3329	3945
3583	3327	4095	3476	3328	3944
3839	3327	4095	3715	3327	3945
4095	3327	4095	3952	3324	3944
0	3583	4095	48	3599	3942
256	3583	4095	287	3597	3943
512	3583	4095	539	3595	3943
768	3583	4095	784	3595	3943
1024	3583	4095	1030	3593	3943
1280	3583	4095	1270	3592	3943
1536	3583	4095	1518	3591	3943
1792	3583	4095	1762	3590	3943
2048	3583	4095	2005	3589	3943
2303	3583	4095	2273	3587	3943
2559	3583	4095	2510	3587	3943
2815	3583	4095	2748	3586	3943
3071	3583	4095	2989	3585	3943
3327	3583	4095	3234	3582	3943
3583	3583	4095	3475	3581	3943
3839	3583	4095	3715	3579	3942
4095	3583	4095	3950	3577	3943
0	3839	4095	47	3848	3938
256	3839	4095	284	3845	3939
512	3839	4095	538	3844	3939
768	3839	4095	782	3844	3938
1024	3839	4095	1027	3842	3941
1280	3839	4095	1270	3841	3942
1536	3839	4095	1517	3840	3942
1792	3839	4095	1759	3839	3942
2048	3839	4095	2004	3837	3942
2303	3839	4095	2272	3836	3941
2559	3839	4095	2509	3835	3941
2815	3839	4095	2747	3832	3942
3071	3839	4095	2989	3831	3941
3327	3839	4095	3234	3830	3941
3583	3839	4095	3475	3828	3941
3839	3839	4095	3714	3827	3941
4095	3839	4095	3948	3823	3939
0	4095	4095	47	4095	3935
256	4095	4095	281	4091	3937
512	4095	4095	530	4089	3937
768	4095	4095	775	4089	3939
1024	4095	4095	1020	4087	3937
1280	4095	4095	1261	4086	3937
1536	4095	4095	1507	4085	3938
1792	4095	4095	1751	4084	3937
2048	4095	4095	1994	4082	3938
2303	4095	4095	2265	4080	3938
2559	4095	4095	2501	4079	3937
2815	4095	4095	2738	4078	3937
3071	4095	4095	2981	4075	3938
3327	4095	4095	3227	4073	3936
3583	4095	4095	3468	4072	3937
3839	4095	4095	3706	4070	3936
4095	4095	4095	3943	4068	3935
