0	0	0	0	0	0
256	0	0	212	8	4
512	0	0	425	16	7
768	0	0	635	24	11
1024	0	0	843	32	15
1280	0	0	1050	40	19
1536	0	0	1255	48	22
1792	0	0	1466	56	26
2048	0	0	1673	64	29
2303	0	0	1881	71	33
2559	0	0	2096	79	37
2815	0	0	2327	87	41
3071	0	0	2523	94	44
3327	0	0	2728	101	48
3583	0	0	2935	109	51
3839	0	0	3145	117	55
4095	0	0	3354	123	58
0	256	0	44	232	15
256	256	0	255	238	19
512	256	0	469	246	22
768	256	0	678	253	26
1024	256	0	886	261	30
1280	256	0	1092	269	34
1536	256	0	1300	276	37
1792	256	0	1510	283	41
2048	256	0	1717	290	44
2303	256	0	1924	298	48
2559	256	0	2146	304	52
2815	256	0	2368	312	56
3071	256	0	2566	319	59
3327	256	0	2772	327	62
3583	256	0	2981	333	66
3839	256	0	3190	341	69
4095	256	0	3399	348	74
0	512	0	89	460	30
256	512	0	301	466	34
512	512	0	515	473	38
768	512	0	723	481	41
1024	512	0	930	488	45
1280	512	0	1137	495	49
1536	512	0	1345	503	52
1792	512	0	1555	510	55
2048	512	0	1762	517	60
2303	512	0	1969	525	63
2559	512	0	2195	533	67
2815	512	0	2411	539	70
3071	512	0	2610	547	74
3327	512	0	2818	555	77
3583	512	0	3025	562	81
3839	512	0	3236	569	85
4095	512	0	3442	577	89
0	768	0	133	690	45
256	768	0	346	697	49
512	768	0	558	704	53
768	768	0	765	712	56
1024	768	0	974	719	60
1280	768	0	1180	725	63
1536	768	0	1389	733	67
1792	768	0	1598	740	71
2048	768	0	1808	748	75
2303	768	0	2013	755	78
2559	768	0	2245	762	82
2815	768	0	2452	771	85
3071	768	0	2655	778	89
3327	768	0	2862	785	92
3583	768	0	3070	793	96
3839	768	0	3280	800	100
4095	768	0	3486	807	104
0	1024	0	178	920	61
256	1024	0	390	927	64
512	1024	0	602	935	68
768	1024	0	809	942	71
1024	1024	0	1017	949	75
1280	1024	0	1224	956	78
1536	1024	0	1433	963	83
1792	1024	0	1643	971	86
2048	1024	0	1851	978	89
2303	1024	0	2062	985	93
2559	1024	0	2294	991	96
2815	1024	0	2494	999	100
3071	1024	0	2697	1006	103
3327	1024	0	2906	1013	108
3583	1024	0	3114	1020	111
3839	1024	0	3324	1027	115
4095	1024	0	3529	1035	118
0	1280	0	222	1145	76
256	1280	0	436	1152	79
512	1280	0	645	1159	83
768	1280	0	854	1166	86
1024	1280	0	1061	1173	89
1280	1280	0	1267	1181	94
1536	1280	0	1478	1189	97
1792	1280	0	1686	1195	101
2048	1280	0	1895	1203	104
2303	1280	0	2111	1211	107
2559	1280	0	2339	1219	111
2815	1280	0	2535	1225	114
3071	1280	0	2742	1233	119
3327	1280	0	2949	1240	122
3583	1280	0	3159	1247	126
3839	1280	0	3368	1255	130
4095	1280	0	3573	1263	132
0	1536	0	267	1378	91
256	1536	0	479	1385	94
512	1536	0	688	1392	97
768	1536	0	896	1400	101
1024	1536	0	1104	1408	105
1280	1536	0	1311	1415	109
1536	1536	0	1521	1421	112
1792	1536	0	1730	1429	115
2048	1536	0	1938	1436	119
2303	1536	0	2160	1444	122
2559	1536	0	2380	1452	126
2815	1536	0	2579	1460	130
3071	1536	0	2785	1467	134
3327	1536	0	2994	1475	137
3583	1536	0	3203	1482	141
3839	1536	0	3411	1489	144
4095	1536	0	3616	1497	146
0	1792	0	311	1612	105
256	1792	0	524	1620	108
512	1792	0	731	1626	112
768	1792	0	940	1634	116
1024	1792	0	1146	1642	120
1280	1792	0	1356	1650	123
1536	1792	0	1565	1657	127
1792	1792	0	1774	1665	130
2048	1792	0	1982	1672	134
2303	1792	0	2208	1679	137
2559	1792	0	2422	1686	141
2815	1792	0	2622	1694	145
3071	1792	0	2830	1702	148
3327	1792	0	3036	1709	152
3583	1792	0	3248	1716	155
3839	1792	0	3454	1723	159
4095	1792	0	3660	1730	160
0	2048	0	356	1844	120
256	2048	0	567	1851	123
512	2048	0	776	1858	128
768	2048	0	983	1865	131
1024	2048	0	1190	1873	135
1280	2048	0	1400	1881	138
1536	2048	0	1609	1889	141
1792	2048	0	1817	1895	145
2048	2048	0	2026	1903	148
2303	2048	0	2257	1911	152
2559	2048	0	2463	1918	156
2815	2048	0	2666	1925	159
3071	2048	0	2873	1933	163
3327	2048	0	3081	1941	166
3583	2048	0	3292	1948	169
3839	2048	0	3498	1956	173
4095	2048	0	3704	1964	175
0	2303	0	400	2081	135
256	2303	0	611	2088	138
512	2303	0	820	2096	142
768	2303	0	1028	2104	145
1024	2303	0	1234	2112	149
1280	2303	0	1445	2119	152
1536	2303	0	1653	2127	156
1792	2303	0	1863	2134	159
2048	2303	0	2075	2141	164
2303	2303	0	2307	2149	167
2559	2303	0	2506	2157	170
2815	2303	0	2710	2164	174
3071	2303	0	2918	2172	177
3327	2303	0	3126	2180	180
3583	2303	0	3337	2188	183
3839	2303	0	3541	2195	188
4095	2303	0	3749	2203	188
0	2559	0	445	2322	149
256	2559	0	655	2330	153
512	2559	0	865	2337	156
768	2559	0	1071	2345	160
1024	2559	0	1278	2354	164
1280	2559	0	1489	2361	167
1536	2559	0	1698	2369	171
1792	2559	0	1907	2377	174
2048	2559	0	2125	2385	178
2303	2559	0	2350	2391	181
2559	2559	0	2548	2399	185
2815	2559	0	2755	2407	188
3071	2559	0	2962	2413	191
3327	2559	0	3172	2421	195
3583	2559	0	3381	2428	199
3839	2559	0	3585	2436	199
4095	2559	0	3792	2441	202
0	2815	0	489	2552	164
256	2815	0	699	2559	167
512	2815	0	907	2567	171
768	2815	0	1114	2573	174
1024	2815	0	1322	2581	178
1280	2815	0	1532	2588	181
1536	2815	0	1741	2595	185
1792	2815	0	1950	2603	189
2048	2815	0	2172	2611	192
2303	2815	0	2390	2618	195
2559	2815	0	2589	2625	199
2815	2815	0	2796	2632	202
3071	2815	0	3005	2638	205
3327	2815	0	3215	2645	210
3583	2815	0	3423	2652	213
3839	2815	0	3628	2660	212
4095	2815	0	3834	2667	217
0	3071	0	534	2780	178
256	3071	0	742	2787	181
512	3071	0	951	2795	185
768	3071	0	1158	2803	188
1024	3071	0	1368	2809	192
1280	3071	0	1576	2818	196
1536	3071	0	1784	2826	200
1792	3071	0	1992	2832	203
2048	3071	0	2222	2839	207
2303	3071	0	2432	2847	210
2559	3071	0	2634	2856	213
2815	3071	0	2840	2862	217
3071	3071	0	3048	2869	221
3327	3071	0	3260	2876	223
3583	3071	0	3466	2882	227
3839	3071	0	3673	2890	227
4095	3071	0	3877	2897	229
0	3327	0	577	3011	192
256	3327	0	787	3018	196
512	3327	0	994	3026	199
768	3327	0	1207	3033	203
1024	3327	0	1415	3041	207
1280	3327	0	1621	3047	210
1536	3327	0	1829	3056	214
1792	3327	0	2038	3063	217
2048	3327	0	2271	3069	221
2303	3327	0	2474	3078	224
2559	3327	0	2677	3085	227
2815	3327	0	2885	3092	231
3071	3327	0	3092	3099	234
3327	3327	0	3303	3105	238
3583	3327	0	3510	3112	240
3839	3327	0	3716	3119	240
4095	3327	0	3919	3126	244
0	3583	0	621	3239	207
256	3583	0	830	3246	210
512	3583	0	1039	3253	213
768	3583	0	1248	3260	217
1024	3583	0	1457	3268	221
1280	3583	0	1664	3275	224
1536	3583	0	1873	3282	227
1792	3583	0	2087	3289	230
2048	3583	0	2320	3296	234
2303	3583	0	2516	3303	238
2559	3583	0	2721	3310	241
2815	3583	0	2929	3317	244
3071	3583	0	3138	3324	248
3327	3583	0	3348	3331	252
3583	3583	0	3552	3338	254
3839	3583	0	3760	3345	257
4095	3583	0	3961	3352	258
0	3839	0	664	3470	219
256	3839	0	874	3478	222
512	3839	0	1081	3485	227
768	3839	0	1289	3492	231
1024	3839	0	1498	3499	233
1280	3839	0	1707	3507	237
1536	3839	0	1916	3515	241
1792	3839	0	2136	3522	244
2048	3839	0	2360	3529	248
2303	3839	0	2558	3537	252
2559	3839	0	2764	3544	255
2815	3839	0	2972	3551	259
3071	3839	0	3181	3558	262
3327	3839	0	3390	3566	266
3583	3839	0	3595	3572	269
3839	3839	0	3803	3579	271
4095	3839	0	4003	3586	272
0	4095	0	707	3703	233
256	4095	0	916	3710	237
512	4095	0	1124	3717	240
768	4095	0	1332	3725	243
1024	4095	0	1542	3731	247
1280	4095	0	1750	3739	250
1536	4095	0	1960	3747	254
1792	4095	0	2184	3754	258
2048	4095	0	2401	3760	262
2303	4095	0	2600	3767	266
2559	4095	0	2807	3775	269
2815	4095	0	3015	3781	272
3071	4095	0	3226	3788	275
3327	4095	0	3433	3796	279
3583	4095	0	3639	3803	283
3839	4095	0	3844	3809	286
4095	4095	0	4044	3815	286
0	0	256	3	4	209
256	0	256	215	11	213
512	0	256	429	18	216
768	0	256	640	26	220
1024	0	256	848	34	224
1280	0	256	1057	41	227
1536	0	256	1262	49	230
1792	0	256	1473	57	234
2048	0	256	1681	65	237
2303	0	256	1889	72	240
2559	0	256	2103	80	244
2815	0	256	2334	88	247
3071	0	256	2530	96	251
3327	0	256	2736	104	254
3583	0	256	2943	111	258
3839	0	256	3153	119	261
4095	0	256	3362	126	265
0	256	256	47	235	224
256	256	256	259	243	227
512	256	256	474	251	230
768	256	256	683	259	233
1024	256	256	892	267	237
1280	256	256	1099	274	241
1536	256	256	1307	282	244
1792	256	256	1517	288	247
2048	256	256	1725	295	250
2303	256	256	1932	303	253
2559	256	256	2153	309	258
2815	256	256	2375	317	262
3071	256	256	2574	324	266
3327	256	256	2780	332	268
3583	256	256	2988	338	272
3839	256	256	3197	346	275
4095	256	256	3406	354	278
0	512	256	92	466	238
256	512	256	305	471	241
512	512	256	519	479	244
768	512	256	727	486	247
1024	512	256	937	494	251
1280	512	256	1144	502	255
1536	512	256	1352	509	259
1792	512	256	1562	517	262
2048	512	256	1770	524	265
2303	512	256	1978	531	268
2559	512	256	2203	539	273
2815	512	256	2418	545	276
3071	512	256	2617	553	279
3327	512	256	2826	561	282
3583	512	256	3033	568	285
3839	512	256	3244	575	289
4095	512	256	3450	583	293
0	768	256	136	696	251
256	768	256	351	703	254
512	768	256	563	710	258
768	768	256	771	718	263
1024	768	256	981	725	266
1280	768	256	1187	732	269
1536	768	256	1396	739	272
1792	768	256	1605	747	276
2048	768	256	1815	755	279
2303	768	256	2021	762	283
2559	768	256	2253	770	286
2815	768	256	2459	778	290
3071	768	256	2662	785	293
3327	768	256	2869	792	296
3583	768	256	3077	800	300
3839	768	256	3288	807	303
4095	768	256	3494	814	307
0	1024	256	181	927	267
256	1024	256	395	934	270
512	1024	256	606	942	274
768	1024	256	815	948	277
1024	1024	256	1024	957	280
1280	1024	256	1231	964	283
1536	1024	256	1440	971	287
1792	1024	256	1649	978	290
2048	1024	256	1858	985	294
2303	1024	256	2069	992	297
2559	1024	256	2301	999	300
2815	1024	256	2502	1006	303
3071	1024	256	2705	1014	307
3327	1024	256	2913	1020	310
3583	1024	256	3121	1027	314
3839	1024	256	3332	1035	318
4095	1024	256	3536	1044	321
0	1280	256	225	1152	280
256	1280	256	440	1159	284
512	1280	256	650	1166	288
768	1280	256	860	1174	291
1024	1280	256	1067	1181	294
1280	1280	256	1273	1189	297
1536	1280	256	1485	1196	300
1792	1280	256	1693	1203	304
2048	1280	256	1902	1211	308
2303	1280	256	2117	1219	311
2559	1280	256	2346	1226	314
2815	1280	256	2543	1233	318
3071	1280	256	2749	1241	321
3327	1280	256	2956	1248	324
3583	1280	256	3166	1255	328
3839	1280	256	3375	1264	331
4095	1280	256	3580	1274	334
0	1536	256	270	1386	295
256	1536	256	484	1393	298
512	1536	256	693	1401	301
768	1536	256	902	1408	305
1024	1536	256	1110	1416	308
1280	1536	256	1318	1422	312
1536	1536	256	1528	1430	315
1792	1536	256	1738	1438	318
2048	1536	256	1945	1445	321
2303	1536	256	2167	1452	325
2559	1536	256	2387	1461	328
2815	1536	256	2586	1469	331
3071	1536	256	2792	1476	335
3327	1536	256	3001	1483	339
3583	1536	256	3210	1491	342
3839	1536	256	3418	1498	345
4095	1536	256	3622	1506	348
0	1792	256	314	1620	309
256	1792	256	529	1628	312
512	1792	256	736	1635	315
768	1792	256	946	1643	319
1024	1792	256	1152	1651	322
1280	1792	256	1362	1658	326
1536	1792	256	1571	1666	329
1792	1792	256	1781	1673	332
2048	1792	256	1989	1680	335
2303	1792	256	2215	1687	339
2559	1792	256	2429	1695	342
2815	1792	256	2629	1702	345
3071	1792	256	2837	1710	349
3327	1792	256	3043	1717	353
3583	1792	256	3255	1724	356
3839	1792	256	3461	1732	359
4095	1792	256	3666	1739	361
0	2048	256	360	1852	323
256	2048	256	572	1860	326
512	2048	256	781	1867	329
768	2048	256	989	1874	332
1024	2048	256	1196	1882	336
1280	2048	256	1406	1890	340
1536	2048	256	1616	1897	343
1792	2048	256	1824	1904	346
2048	2048	256	2032	1911	349
2303	2048	256	2264	1919	352
2559	2048	256	2469	1926	356
2815	2048	256	2673	1934	360
3071	2048	256	2880	1942	363
3327	2048	256	3088	1950	367
3583	2048	256	3299	1957	370
3839	2048	256	3504	1965	373
4095	2048	256	3710	1972	375
0	2303	256	404	2089	336
256	2303	256	616	2096	340
512	2303	256	824	2104	343
768	2303	256	1034	2113	346
1024	2303	256	1240	2120	350
1280	2303	256	1451	2128	354
1536	2303	256	1659	2135	357
1792	2303	256	1869	2143	360
2048	2303	256	2081	2150	363
2303	2303	256	2314	2158	366
2559	2303	256	2512	2166	370
2815	2303	256	2717	2173	373
3071	2303	256	2925	2181	377
3327	2303	256	3133	2189	380
3583	2303	256	3344	2197	383
3839	2303	256	3547	2204	387
4095	2303	256	3755	2211	388
0	2559	256	449	2330	350
256	2559	256	659	2338	353
512	2559	256	869	2345	357
768	2559	256	1077	2353	361
1024	2559	256	1285	2362	364
1280	2559	256	1495	2369	367
1536	2559	256	1704	2377	371
1792	2559	256	1913	2385	374
2048	2559	256	2131	2392	377
2303	2559	256	2356	2399	381
2559	2559	256	2554	2408	384
2815	2559	256	2761	2415	388
3071	2559	256	2969	2422	391
3327	2559	256	3179	2429	394
3583	2559	256	3387	2437	398
3839	2559	256	3592	2444	399
4095	2559	256	3798	2450	403
0	2815	256	493	2560	364
256	2815	256	703	2567	367
512	2815	256	912	2575	371
768	2815	256	1120	2582	375
1024	2815	256	1328	2589	378
1280	2815	256	1539	2597	381
1536	2815	256	1747	2604	384
1792	2815	256	1956	2611	388
2048	2815	256	2178	2618	392
2303	2815	256	2396	2626	395
2559	2815	256	2596	2632	399
2815	2815	256	2803	2639	402
3071	2815	256	3012	2646	405
3327	2815	256	3222	2653	408
3583	2815	256	3430	2660	412
3839	2815	256	3635	2668	414
4095	2815	256	3842	2675	417
0	3071	256	538	2788	378
256	3071	256	746	2795	382
512	3071	256	955	2803	385
768	3071	256	1162	2811	388
1024	3071	256	1373	2818	392
1280	3071	256	1582	2825	395
1536	3071	256	1791	2833	398
1792	3071	256	1999	2840	402
2048	3071	256	2228	2848	406
2303	3071	256	2438	2855	409
2559	3071	256	2639	2863	413
2815	3071	256	2846	2870	416
3071	3071	256	3054	2877	419
3327	3071	256	3266	2884	422
3583	3071	256	3472	2890	426
3839	3071	256	3679	2897	428
4095	3071	256	3883	2904	432
0	3327	256	581	3019	392
256	3327	256	791	3025	395
512	3327	256	998	3033	399
768	3327	256	1208	3041	402
1024	3327	256	1417	3048	406
1280	3327	256	1626	3055	409
1536	3327	256	1835	3063	413
1792	3327	256	2044	3071	416
2048	3327	256	2277	3077	419
2303	3327	256	2481	3085	423
2559	3327	256	2683	3093	427
2815	3327	256	2891	3100	430
3071	3327	256	3099	3106	434
3327	3327	256	3309	3113	437
3583	3327	256	3515	3120	440
3839	3327	256	3722	3127	442
4095	3327	256	3926	3134	445
0	3583	256	625	3246	406
256	3583	256	834	3253	409
512	3583	256	1043	3260	413
768	3583	256	1251	3268	416
1024	3583	256	1462	3276	419
1280	3583	256	1670	3283	424
1536	3583	256	1879	3290	428
1792	3583	256	2093	3298	430
2048	3583	256	2325	3305	434
2303	3583	256	2522	3312	437
2559	3583	256	2728	3318	440
2815	3583	256	2936	3325	443
3071	3583	256	3145	3333	447
3327	3583	256	3355	3339	451
3583	3583	256	3559	3347	454
3839	3583	256	3766	3354	457
4095	3583	256	3967	3360	459
0	3839	256	668	3478	420
256	3839	256	878	3486	423
512	3839	256	1087	3493	427
768	3839	256	1300	3500	430
1024	3839	256	1506	3508	434
1280	3839	256	1714	3516	436
1536	3839	256	1922	3524	440
1792	3839	256	2142	3530	444
2048	3839	256	2366	3538	447
2303	3839	256	2564	3545	450
2559	3839	256	2770	3552	454
2815	3839	256	2979	3560	458
3071	3839	256	3187	3567	462
3327	3839	256	3397	3574	465
3583	3839	256	3601	3580	469
3839	3839	256	3809	3587	472
4095	3839	256	4010	3593	474
0	4095	256	712	3711	433
256	4095	256	921	3718	435
512	4095	256	1131	3726	439
768	4095	256	1341	3733	444
1024	4095	256	1549	3739	447
1280	4095	256	1756	3747	450
1536	4095	256	1965	3754	454
1792	4095	256	2190	3761	458
2048	4095	256	2408	3768	461
2303	4095	256	2606	3775	465
2559	4095	256	2813	3782	469
2815	4095	256	3021	3789	472
3071	4095	256	3232	3796	476
3327	4095	256	3439	3804	480
3583	4095	256	3644	3811	483
3839	4095	256	3850	3816	486
4095	4095	256	4049	3822	489
0	0	512	6	7	410
256	0	512	218	15	413
512	0	512	433	22	416
768	0	512	644	29	420
1024	0	512	853	37	422
1280	0	512	1062	44	426
1536	0	512	1268	51	430
1792	0	512	1480	59	432
2048	0	512	1688	67	436
2303	0	512	1895	74	440
2559	0	512	2110	83	443
2815	0	512	2341	91	446
3071	0	512	2536	99	449
3327	0	512	2742	106	452
3583	0	512	2950	114	457
3839	0	512	3159	122	461
4095	0	512	3368	129	464
0	256	512	50	241	425
256	256	512	263	249	427
512	256	512	478	257	430
768	256	512	687	264	433
1024	256	512	897	271	436
1280	256	512	1105	279	440
1536	256	512	1313	286	443
1792	256	512	1522	292	446
2048	256	512	1731	300	449
2303	256	512	1939	308	453
2559	256	512	2160	314	457
2815	256	512	2382	322	460
3071	256	512	2580	330	463
3327	256	512	2787	337	468
3583	256	512	2995	344	471
3839	256	512	3204	352	475
4095	256	512	3413	359	478
0	512	512	95	471	438
256	512	512	309	477	442
512	512	512	524	485	444
768	512	512	732	493	447
1024	512	512	942	499	449
1280	512	512	1150	507	453
1536	512	512	1358	515	458
1792	512	512	1568	523	461
2048	512	512	1776	529	464
2303	512	512	1984	537	468
2559	512	512	2210	544	471
2815	512	512	2425	551	475
3071	512	512	2624	559	479
3327	512	512	2833	567	482
3583	512	512	3040	575	486
3839	512	512	3251	581	489
4095	512	512	3457	589	493
0	768	512	139	703	450
256	768	512	354	710	454
512	768	512	567	717	458
768	768	512	776	723	461
1024	768	512	986	731	464
1280	768	512	1193	739	469
1536	768	512	1403	746	472
1792	768	512	1612	754	475
2048	768	512	1821	762	478
2303	768	512	2028	769	482
2559	768	512	2260	777	486
2815	768	512	2466	785	490
3071	768	512	2669	791	494
3327	768	512	2876	799	497
3583	768	512	3084	807	500
3839	768	512	3295	814	504
4095	768	512	3500	820	507
0	1024	512	184	934	465
256	1024	512	399	941	469
512	1024	512	611	949	472
768	1024	512	819	955	476
1024	1024	512	1030	963	480
1280	1024	512	1236	971	483
1536	1024	512	1446	977	487
1792	1024	512	1656	984	490
2048	1024	512	1864	992	493
2303	1024	512	2075	999	497
2559	1024	512	2310	1006	501
2815	1024	512	2509	1013	505
3071	1024	512	2712	1021	508
3327	1024	512	2920	1027	511
3583	1024	512	3128	1035	515
3839	1024	512	3339	1042	518
4095	1024	512	3543	1052	522
0	1280	512	228	1159	480
256	1280	512	444	1167	484
512	1280	512	654	1174	487
768	1280	512	865	1182	491
1024	1280	512	1072	1188	495
1280	1280	512	1279	1196	498
1536	1280	512	1491	1203	501
1792	1280	512	1699	1210	505
2048	1280	512	1909	1218	508
2303	1280	512	2124	1226	512
2559	1280	512	2353	1233	515
2815	1280	512	2550	1240	519
3071	1280	512	2756	1248	523
3327	1280	512	2963	1255	526
3583	1280	512	3173	1262	529
3839	1280	512	3381	1271	533
4095	1280	512	3586	1284	537
0	1536	512	273	1393	495
256	1536	512	488	1400	498
512	1536	512	698	1408	502
768	1536	512	907	1415	506
1024	1536	512	1115	1423	509
1280	1536	512	1323	1430	513
1536	1536	512	1534	1437	516
1792	1536	512	1744	1445	519
2048	1536	512	1952	1452	523
2303	1536	512	2174	1460	527
2559	1536	512	2394	1468	531
2815	1536	512	2593	1476	534
3071	1536	512	2799	1483	537
3327	1536	512	3007	1490	540
3583	1536	512	3216	1497	544
3839	1536	512	3424	1505	548
4095	1536	512	3629	1514	551
0	1792	512	317	1627	509
256	1792	512	533	1636	513
512	1792	512	740	1642	517
768	1792	512	950	1650	520
1024	1792	512	1157	1658	523
1280	1792	512	1367	1665	527
1536	1792	512	1577	1673	531
1792	1792	512	1787	1680	534
2048	1792	512	1995	1688	537
2303	1792	512	2221	1695	541
2559	1792	512	2435	1702	545
2815	1792	512	2635	1709	548
3071	1792	512	2843	1717	551
3327	1792	512	3050	1724	555
3583	1792	512	3261	1731	559
3839	1792	512	3467	1739	562
4095	1792	512	3673	1746	566
0	2048	512	363	1859	524
256	2048	512	575	1867	527
512	2048	512	785	1875	531
768	2048	512	994	1881	534
1024	2048	512	1201	1889	538
1280	2048	512	1411	1897	541
1536	2048	512	1621	1905	546
1792	2048	512	1830	1911	549
2048	2048	512	2038	1918	553
2303	2048	512	2271	1927	556
2559	2048	512	2476	1933	559
2815	2048	512	2679	1941	562
3071	2048	512	2886	1949	566
3327	2048	512	3095	1957	570
3583	2048	512	3305	1964	574
3839	2048	512	3510	1972	577
4095	2048	512	3716	1980	580
0	2303	512	407	2097	538
256	2303	512	620	2104	542
512	2303	512	828	2112	545
768	2303	512	1039	2120	549
1024	2303	512	1245	2127	552
1280	2303	512	1456	2135	556
1536	2303	512	1665	2143	560
1792	2303	512	1875	2151	564
2048	2303	512	2087	2158	567
2303	2303	512	2321	2166	570
2559	2303	512	2518	2174	573
2815	2303	512	2723	2181	576
3071	2303	512	2931	2189	581
3327	2303	512	3139	2196	584
3583	2303	512	3350	2204	588
3839	2303	512	3553	2211	591
4095	2303	512	3761	2218	595
0	2559	512	453	2338	553
256	2559	512	663	2346	556
512	2559	512	873	2353	560
768	2559	512	1081	2361	563
1024	2559	512	1290	2369	567
1280	2559	512	1500	2376	571
1536	2559	512	1710	2384	574
1792	2559	512	1919	2392	578
2048	2559	512	2137	2399	582
2303	2559	512	2363	2406	585
2559	2559	512	2560	2415	587
2815	2559	512	2767	2423	592
3071	2559	512	2975	2429	595
3327	2559	512	3185	2436	599
3583	2559	512	3394	2443	602
3839	2559	512	3598	2451	605
4095	2559	512	3804	2457	609
0	2815	512	497	2567	567
256	2815	512	707	2575	571
512	2815	512	916	2582	575
768	2815	512	1124	2589	578
1024	2815	512	1333	2596	582
1280	2815	512	1544	2604	585
1536	2815	512	1753	2611	589
1792	2815	512	1961	2618	593
2048	2815	512	2184	2626	596
2303	2815	512	2403	2633	599
2559	2815	512	2602	2639	603
2815	2815	512	2809	2646	606
3071	2815	512	3018	2653	610
3327	2815	512	3228	2660	614
3583	2815	512	3436	2668	617
3839	2815	512	3641	2675	620
4095	2815	512	3848	2682	623
0	3071	512	541	2795	582
256	3071	512	749	2803	585
512	3071	512	960	2810	589
768	3071	512	1167	2818	593
1024	3071	512	1377	2825	596
1280	3071	512	1587	2832	600
1536	3071	512	1797	2841	604
1792	3071	512	2005	2847	607
2048	3071	512	2234	2855	610
2303	3071	512	2443	2862	614
2559	3071	512	2645	2870	618
2815	3071	512	2853	2876	621
3071	3071	512	3061	2884	624
3327	3071	512	3272	2891	628
3583	3071	512	3478	2897	631
3839	3071	512	3684	2904	634
4095	3071	512	3888	2911	639
0	3327	512	584	3026	596
256	3327	512	794	3033	599
512	3327	512	1003	3040	604
768	3327	512	1211	3048	607
1024	3327	512	1421	3055	610
1280	3327	512	1631	3062	614
1536	3327	512	1840	3070	618
1792	3327	512	2050	3077	621
2048	3327	512	2283	3083	626
2303	3327	512	2486	3092	629
2559	3327	512	2689	3099	632
2815	3327	512	2898	3107	636
3071	3327	512	3105	3113	639
3327	3327	512	3316	3120	642
3583	3327	512	3521	3128	646
3839	3327	512	3727	3134	650
4095	3327	512	3931	3140	653
0	3583	512	628	3253	610
256	3583	512	837	3261	614
512	3583	512	1047	3267	618
768	3583	512	1255	3275	622
1024	3583	512	1466	3283	625
1280	3583	512	1675	3290	629
1536	3583	512	1885	3297	632
1792	3583	512	2099	3304	637
2048	3583	512	2332	3311	639
2303	3583	512	2527	3318	643
2559	3583	512	2733	3325	647
2815	3583	512	2942	3333	651
3071	3583	512	3151	3341	654
3327	3583	512	3360	3346	657
3583	3583	512	3565	3354	661
3839	3583	512	3772	3361	664
4095	3583	512	3973	3366	667
0	3839	512	671	3485	626
256	3839	512	882	3492	629
512	3839	512	1092	3500	633
768	3839	512	1307	3507	636
1024	3839	512	1511	3515	640
1280	3839	512	1719	3523	643
1536	3839	512	1928	3531	647
1792	3839	512	2148	3538	651
2048	3839	512	2372	3545	655
2303	3839	512	2569	3552	657
2559	3839	512	2775	3559	661
2815	3839	512	2984	3567	664
3071	3839	512	3193	3574	668
3327	3839	512	3402	3581	672
3583	3839	512	3606	3587	675
3839	3839	512	3814	3594	679
4095	3839	512	4015	3600	681
0	4095	512	715	3717	640
256	4095	512	925	3724	644
512	4095	512	1137	3732	647
768	4095	512	1347	3739	650
1024	4095	512	1554	3746	654
1280	4095	512	1762	3754	658
1536	4095	512	1971	3761	661
1792	4095	512	2196	3768	664
2048	4095	512	2413	3775	668
2303	4095	512	2612	3782	672
2559	4095	512	2820	3789	675
2815	4095	512	3026	3796	678
3071	4095	512	3238	3803	683
3327	4095	512	3445	3810	687
3583	4095	512	3650	3816	690
3839	4095	512	3855	3822	693
4095	4095	512	4055	3828	696
0	0	768	9	11	615
256	0	768	221	19	619
512	0	768	436	25	622
768	0	768	648	33	626
1024	0	768	857	40	629
1280	0	768	1067	48	632
1536	0	768	1272	55	636
1792	0	768	1485	63	639
2048	0	768	1693	71	643
2303	0	768	1901	78	646
2559	0	768	2116	86	650
2815	0	768	2347	94	654
3071	0	768	2541	102	658
3327	0	768	2748	109	661
3583	0	768	2956	117	664
3839	0	768	3166	125	668
4095	0	768	3375	132	672
0	256	768	53	245	630
256	256	768	265	253	633
512	256	768	482	262	637
768	256	768	690	268	640
1024	256	768	901	276	643
1280	256	768	1109	283	647
1536	256	768	1317	290	650
1792	256	768	1528	297	653
2048	256	768	1737	305	657
2303	256	768	1944	313	661
2559	256	768	2166	319	665
2815	256	768	2388	327	668
3071	256	768	2586	334	671
3327	256	768	2792	342	673
3583	256	768	3001	349	678
3839	256	768	3210	356	682
4095	256	768	3419	364	685
0	512	768	98	476	644
256	512	768	312	482	649
512	512	768	527	490	651
768	512	768	737	498	654
1024	512	768	946	505	657
1280	512	768	1154	513	661
1536	512	768	1362	520	665
1792	512	768	1574	528	667
2048	512	768	1780	535	672
2303	512	768	1989	542	674
2559	512	768	2216	549	678
2815	512	768	2431	556	682
3071	512	768	2630	564	685
3327	512	768	2838	572	688
3583	512	768	3045	579	693
3839	512	768	3256	586	696
4095	512	768	3463	594	700
0	768	768	142	708	660
256	768	768	358	715	662
512	768	768	571	721	665
768	768	768	781	729	668
1024	768	768	991	737	672
1280	768	768	1197	744	675
1536	768	768	1407	752	678
1792	768	768	1617	759	682
2048	768	768	1826	766	686
2303	768	768	2033	775	689
2559	768	768	2266	782	693
2815	768	768	2472	790	696
3071	768	768	2674	797	700
3327	768	768	2881	804	704
3583	768	768	3089	811	707
3839	768	768	3300	819	711
4095	768	768	3506	826	715
0	1024	768	187	940	673
256	1024	768	402	947	676
512	1024	768	615	955	680
768	1024	768	824	962	683
1024	1024	768	1033	969	687
1280	1024	768	1240	976	690
1536	1024	768	1451	982	694
1792	1024	768	1661	990	697
2048	1024	768	1869	997	701
2303	1024	768	2081	1005	704
2559	1024	768	2316	1011	707
2815	1024	768	2514	1019	711
3071	1024	768	2718	1026	716
3327	1024	768	2926	1033	719
3583	1024	768	3133	1040	722
3839	1024	768	3345	1048	726
4095	1024	768	3548	1056	729
0	1280	768	231	1166	688
256	1280	768	447	1173	691
512	1280	768	658	1180	694
768	1280	768	869	1188	698
1024	1280	768	1077	1194	702
1280	1280	768	1284	1202	706
1536	1280	768	1497	1209	709
1792	1280	768	1705	1216	712
2048	1280	768	1914	1224	715
2303	1280	768	2130	1232	718
2559	1280	768	2359	1239	722
2815	1280	768	2555	1247	727
3071	1280	768	2762	1254	730
3327	1280	768	2969	1261	734
3583	1280	768	3178	1268	737
3839	1280	768	3387	1276	740
4095	1280	768	3592	1286	743
0	1536	768	277	1400	702
256	1536	768	492	1407	705
512	1536	768	702	1414	709
768	1536	768	911	1422	712
1024	1536	768	1120	1430	717
1280	1536	768	1328	1436	720
1536	1536	768	1539	1443	724
1792	1536	768	1749	1452	727
2048	1536	768	1957	1459	730
2303	1536	768	2179	1467	733
2559	1536	768	2400	1475	738
2815	1536	768	2598	1482	741
3071	1536	768	2804	1489	745
3327	1536	768	3013	1496	748
3583	1536	768	3222	1503	751
3839	1536	768	3430	1511	755
4095	1536	768	3635	1519	758
0	1792	768	321	1633	717
256	1792	768	536	1641	720
512	1792	768	744	1648	723
768	1792	768	955	1656	728
1024	1792	768	1162	1664	731
1280	1792	768	1372	1671	735
1536	1792	768	1582	1678	738
1792	1792	768	1791	1686	742
2048	1792	768	2001	1694	745
2303	1792	768	2227	1701	749
2559	1792	768	2441	1708	752
2815	1792	768	2640	1716	756
3071	1792	768	2848	1723	759
3327	1792	768	3056	1730	762
3583	1792	768	3266	1737	766
3839	1792	768	3472	1745	771
4095	1792	768	3678	1751	775
0	2048	768	366	1865	731
256	2048	768	579	1872	734
512	2048	768	789	1881	738
768	2048	768	998	1887	742
1024	2048	768	1206	1895	745
1280	2048	768	1416	1903	749
1536	2048	768	1627	1911	753
1792	2048	768	1835	1918	757
2048	2048	768	2043	1924	761
2303	2048	768	2277	1932	763
2559	2048	768	2481	1939	767
2815	2048	768	2684	1947	771
3071	2048	768	2892	1955	774
3327	2048	768	3100	1963	778
3583	2048	768	3311	1970	782
3839	2048	768	3516	1978	786
4095	2048	768	3721	1986	790
0	2303	768	411	2103	745
256	2303	768	623	2110	749
512	2303	768	832	2118	753
768	2303	768	1042	2126	756
1024	2303	768	1249	2133	760
1280	2303	768	1461	2141	764
1536	2303	768	1671	2149	767
1792	2303	768	1880	2157	772
2048	2303	768	2092	2164	776
2303	2303	768	2327	2172	779
2559	2303	768	2524	2180	782
2815	2303	768	2728	2188	785
3071	2303	768	2937	2195	789
3327	2303	768	3145	2202	793
3583	2303	768	3356	2210	797
3839	2303	768	3559	2217	800
4095	2303	768	3766	2225	804
0	2559	768	457	2344	761
256	2559	768	667	2352	764
512	2559	768	878	2359	769
768	2559	768	1085	2367	772
1024	2559	768	1294	2375	775
1280	2559	768	1506	2382	779
1536	2559	768	1715	2390	783
1792	2559	768	1924	2398	787
2048	2559	768	2143	2406	791
2303	2559	768	2368	2413	794
2559	2559	768	2565	2421	797
2815	2559	768	2772	2429	800
3071	2559	768	2981	2435	804
3327	2559	768	3191	2442	808
3583	2559	768	3399	2449	811
3839	2559	768	3604	2457	815
4095	2559	768	3810	2463	818
0	2815	768	501	2574	776
256	2815	768	711	2581	780
512	2815	768	920	2589	783
768	2815	768	1129	2595	787
1024	2815	768	1337	2602	790
1280	2815	768	1549	2610	794
1536	2815	768	1758	2617	798
1792	2815	768	1967	2624	802
2048	2815	768	2190	2632	805
2303	2815	768	2409	2639	809
2559	2815	768	2607	2645	812
2815	2815	768	2814	2653	815
3071	2815	768	3024	2659	819
3327	2815	768	3233	2666	822
3583	2815	768	3441	2674	826
3839	2815	768	3646	2681	830
4095	2815	768	3853	2689	833
0	3071	768	545	2801	791
256	3071	768	753	2809	794
512	3071	768	964	2817	798
768	3071	768	1171	2825	801
1024	3071	768	1382	2831	805
1280	3071	768	1592	2839	809
1536	3071	768	1802	2847	813
1792	3071	768	2010	2854	816
2048	3071	768	2240	2861	820
2303	3071	768	2449	2868	823
2559	3071	768	2651	2876	826
2815	3071	768	2858	2883	831
3071	3071	768	3066	2890	834
3327	3071	768	3278	2897	837
3583	3071	768	3483	2904	841
3839	3071	768	3689	2911	844
4095	3071	768	3894	2918	847
0	3327	768	588	3032	805
256	3327	768	798	3039	808
512	3327	768	1007	3046	812
768	3327	768	1215	3054	816
1024	3327	768	1425	3061	820
1280	3327	768	1636	3068	824
1536	3327	768	1845	3076	827
1792	3327	768	2055	3083	831
2048	3327	768	2288	3090	835
2303	3327	768	2491	3097	838
2559	3327	768	2694	3105	842
2815	3327	768	2903	3113	846
3071	3327	768	3111	3119	849
3327	3327	768	3322	3126	853
3583	3327	768	3527	3133	855
3839	3327	768	3732	3139	859
4095	3327	768	3936	3146	862
0	3583	768	632	3260	820
256	3583	768	841	3267	823
512	3583	768	1051	3274	826
768	3583	768	1258	3281	831
1024	3583	768	1471	3288	835
1280	3583	768	1679	3296	838
1536	3583	768	1890	3303	841
1792	3583	768	2104	3310	846
2048	3583	768	2337	3317	849
2303	3583	768	2532	3324	853
2559	3583	768	2738	3332	856
2815	3583	768	2946	3339	860
3071	3583	768	3155	3346	863
3327	3583	768	3365	3352	868
3583	3583	768	3569	3359	869
3839	3583	768	3777	3366	873
4095	3583	768	3978	3372	877
0	3839	768	675	3491	834
256	3839	768	886	3498	838
512	3839	768	1095	3506	842
768	3839	768	1308	3512	846
1024	3839	768	1515	3520	849
1280	3839	768	1724	3528	853
1536	3839	768	1933	3536	856
1792	3839	768	2153	3543	860
2048	3839	768	2377	3550	864
2303	3839	768	2574	3558	867
2559	3839	768	2780	3565	871
2815	3839	768	2989	3572	874
3071	3839	768	3198	3579	878
3327	3839	768	3408	3586	882
3583	3839	768	3612	3592	885
3839	3839	768	3819	3600	889
4095	3839	768	4019	3606	891
0	4095	768	719	3723	849
256	4095	768	928	3730	853
512	4095	768	1139	3737	857
768	4095	768	1349	3744	860
1024	4095	768	1559	3751	863
1280	4095	768	1767	3758	867
1536	4095	768	1977	3766	871
1792	4095	768	2201	3774	875
2048	4095	768	2418	3781	878
2303	4095	768	2616	3788	882
2559	4095	768	2824	3795	885
2815	4095	768	3032	3801	889
3071	4095	768	3242	3808	891
3327	4095	768	3449	3815	895
3583	4095	768	3655	3822	899
3839	4095	768	3861	3827	903
4095	4095	768	4059	3833	905
0	0	1024	13	15	825
256	0	1024	224	22	829
512	0	1024	440	28	831
768	0	1024	652	36	835
1024	0	1024	861	44	838
1280	0	1024	1072	52	843
1536	0	1024	1278	59	846
1792	0	1024	1490	67	850
2048	0	1024	1698	75	853
2303	0	1024	1906	82	856
2559	0	1024	2122	90	860
2815	0	1024	2353	97	864
3071	0	1024	2547	106	868
3327	0	1024	2754	112	871
3583	0	1024	2962	120	875
3839	0	1024	3172	128	878
4095	0	1024	3381	135	881
0	256	1024	56	249	840
256	256	1024	269	258	843
512	256	1024	485	266	846
768	256	1024	695	272	849
1024	256	1024	906	280	853
1280	256	1024	1114	287	857
1536	256	1024	1322	295	860
1792	256	1024	1534	302	864
2048	256	1024	1742	309	867
2303	256	1024	1949	317	870
2559	256	1024	2172	323	874
2815	256	1024	2395	331	878
3071	256	1024	2591	339	882
3327	256	1024	2798	347	885
3583	256	1024	3006	353	889
3839	256	1024	3216	360	893
4095	256	1024	3425	368	896
0	512	1024	101	481	855
256	512	1024	315	487	858
512	512	1024	531	495	860
768	512	1024	741	503	864
1024	512	1024	951	510	867
1280	512	1024	1158	517	871
1536	512	1024	1367	525	875
1792	512	1024	1579	533	878
2048	512	1024	1786	539	882
2303	512	1024	1994	546	885
2559	512	1024	2221	554	889
2815	512	1024	2437	561	893
3071	512	1024	2635	568	896
3327	512	1024	2844	576	899
3583	512	1024	3050	584	901
3839	512	1024	3261	590	905
4095	512	1024	3468	598	910
0	768	1024	145	713	869
256	768	1024	361	720	872
512	768	1024	575	727	876
768	768	1024	786	735	878
1024	768	1024	995	742	882
1280	768	1024	1201	749	886
1536	768	1024	1411	757	889
1792	768	1024	1621	764	892
2048	768	1024	1830	772	896
2303	768	1024	2038	779	899
2559	768	1024	2271	787	903
2815	768	1024	2477	794	906
3071	768	1024	2679	801	909
3327	768	1024	2887	809	912
3583	768	1024	3094	816	916
3839	768	1024	3305	824	920
4095	768	1024	3511	831	924
0	1024	1024	190	945	884
256	1024	1024	405	952	887
512	1024	1024	619	960	891
768	1024	1024	828	966	893
1024	1024	1024	1038	974	896
1280	1024	1024	1244	981	899
1536	1024	1024	1456	987	903
1792	1024	1024	1665	995	906
2048	1024	1024	1873	1002	910
2303	1024	1024	2086	1009	913
2559	1024	1024	2320	1016	917
2815	1024	1024	2518	1024	920
3071	1024	1024	2722	1032	924
3327	1024	1024	2931	1038	927
3583	1024	1024	3138	1045	931
3839	1024	1024	3350	1053	935
4095	1024	1024	3553	1060	938
0	1280	1024	234	1170	897
256	1280	1024	451	1178	900
512	1280	1024	662	1185	904
768	1280	1024	873	1193	907
1024	1280	1024	1081	1200	911
1280	1280	1024	1289	1206	914
1536	1280	1024	1501	1214	917
1792	1280	1024	1709	1221	921
2048	1280	1024	1918	1228	924
2303	1280	1024	2134	1236	928
2559	1280	1024	2364	1244	931
2815	1280	1024	2559	1251	935
3071	1280	1024	2766	1259	938
3327	1280	1024	2974	1267	942
3583	1280	1024	3183	1273	946
3839	1280	1024	3392	1282	949
4095	1280	1024	3597	1290	952
0	1536	1024	280	1405	912
256	1536	1024	495	1411	915
512	1536	1024	705	1419	919
768	1536	1024	915	1427	922
1024	1536	1024	1124	1435	925
1280	1536	1024	1332	1442	928
1536	1536	1024	1544	1449	932
1792	1536	1024	1752	1458	936
2048	1536	1024	1962	1465	939
2303	1536	1024	2184	1472	942
2559	1536	1024	2404	1480	946
2815	1536	1024	2602	1488	949
3071	1536	1024	2808	1494	953
3327	1536	1024	3017	1501	956
3583	1536	1024	3227	1509	960
3839	1536	1024	3436	1516	963
4095	1536	1024	3640	1523	967
0	1792	1024	324	1639	925
256	1792	1024	540	1647	929
512	1792	1024	748	1654	932
768	1792	1024	959	1662	935
1024	1792	1024	1166	1669	939
1280	1792	1024	1376	1677	943
1536	1792	1024	1587	1684	947
1792	1792	1024	1796	1692	950
2048	1792	1024	2005	1699	953
2303	1792	1024	2232	1706	957
2559	1792	1024	2446	1714	960
2815	1792	1024	2645	1721	964
3071	1792	1024	2854	1729	967
3327	1792	1024	3061	1736	971
3583	1792	1024	3272	1743	974
3839	1792	1024	3478	1750	978
4095	1792	1024	3683	1757	981
0	2048	1024	369	1871	939
256	2048	1024	582	1878	943
512	2048	1024	793	1886	946
768	2048	1024	1002	1893	950
1024	2048	1024	1210	1900	954
1280	2048	1024	1420	1908	958
1536	2048	1024	1631	1916	961
1792	2048	1024	1839	1923	965
2048	2048	1024	2048	1929	968
2303	2048	1024	2281	1938	971
2559	2048	1024	2486	1945	975
2815	2048	1024	2689	1953	978
3071	2048	1024	2896	1961	982
3327	2048	1024	3105	1969	985
3583	2048	1024	3316	1976	989
3839	2048	1024	3521	1984	992
4095	2048	1024	3726	1992	995
0	2303	1024	414	2109	954
256	2303	1024	627	2115	957
512	2303	1024	836	2124	961
768	2303	1024	1046	2132	965
1024	2303	1024	1252	2139	968
1280	2303	1024	1465	2147	972
1536	2303	1024	1674	2155	975
1792	2303	1024	1884	2163	979
2048	2303	1024	2097	2170	982
2303	2303	1024	2331	2178	985
2559	2303	1024	2528	2187	989
2815	2303	1024	2732	2193	992
3071	2303	1024	2941	2201	996
3327	2303	1024	3149	2208	999
3583	2303	1024	3361	2216	1003
3839	2303	1024	3564	2223	1006
4095	2303	1024	3771	2231	1010
0	2559	1024	460	2349	968
256	2559	1024	670	2357	971
512	2559	1024	881	2365	976
768	2559	1024	1090	2372	979
1024	2559	1024	1297	2381	982
1280	2559	1024	1510	2387	986
1536	2559	1024	1719	2395	990
1792	2559	1024	1928	2403	993
2048	2559	1024	2147	2412	996
2303	2559	1024	2373	2419	1001
2559	2559	1024	2569	2427	1004
2815	2559	1024	2776	2434	1007
3071	2559	1024	2985	2440	1010
3327	2559	1024	3195	2447	1013
3583	2559	1024	3403	2455	1017
3839	2559	1024	3608	2462	1021
4095	2559	1024	3814	2468	1024
0	2815	1024	504	2579	982
256	2815	1024	714	2586	987
512	2815	1024	924	2594	990
768	2815	1024	1133	2601	993
1024	2815	1024	1341	2608	997
1280	2815	1024	1554	2615	1000
1536	2815	1024	1761	2622	1004
1792	2815	1024	1971	2629	1007
2048	2815	1024	2195	2637	1012
2303	2815	1024	2413	2644	1015
2559	2815	1024	2611	2651	1018
2815	2815	1024	2819	2658	1021
3071	2815	1024	3028	2665	1024
3327	2815	1024	3237	2672	1028
3583	2815	1024	3445	2679	1032
3839	2815	1024	3650	2686	1035
4095	2815	1024	3857	2694	1038
0	3071	1024	548	2807	997
256	3071	1024	757	2814	1001
512	3071	1024	968	2823	1004
768	3071	1024	1175	2830	1008
1024	3071	1024	1386	2837	1011
1280	3071	1024	1596	2844	1014
1536	3071	1024	1806	2852	1018
1792	3071	1024	2014	2859	1022
2048	3071	1024	2244	2867	1026
2303	3071	1024	2454	2874	1029
2559	3071	1024	2655	2881	1032
2815	3071	1024	2862	2888	1036
3071	3071	1024	3070	2894	1038
3327	3071	1024	3282	2902	1043
3583	3071	1024	3488	2909	1046
3839	3071	1024	3694	2916	1050
4095	3071	1024	3898	2923	1053
0	3327	1024	591	3038	1011
256	3327	1024	802	3044	1015
512	3327	1024	1011	3052	1018
768	3327	1024	1218	3059	1022
1024	3327	1024	1429	3066	1025
1280	3327	1024	1640	3073	1029
1536	3327	1024	1849	3081	1033
1792	3327	1024	2059	3089	1036
2048	3327	1024	2292	3095	1040
2303	3327	1024	2495	3103	1043
2559	3327	1024	2698	3110	1047
2815	3327	1024	2907	3118	1050
3071	3327	1024	3114	3124	1054
3327	3327	1024	3326	3131	1058
3583	3327	1024	3531	3138	1061
3839	3327	1024	3737	3144	1063
4095	3327	1024	3940	3151	1067
0	3583	1024	635	3265	1026
256	3583	1024	845	3273	1029
512	3583	1024	1054	3279	1032
768	3583	1024	1261	3286	1036
1024	3583	1024	1474	3293	1039
1280	3583	1024	1683	3301	1043
1536	3583	1024	1894	3308	1047
1792	3583	1024	2108	3315	1050
2048	3583	1024	2341	3322	1054
2303	3583	1024	2536	3330	1057
2559	3583	1024	2742	3337	1061
2815	3583	1024	2949	3344	1065
3071	3583	1024	3159	3351	1068
3327	3583	1024	3370	3357	1072
3583	3583	1024	3573	3364	1075
3839	3583	1024	3780	3372	1077
4095	3583	1024	3981	3378	1081
0	3839	1024	678	3496	1041
256	3839	1024	889	3503	1043
512	3839	1024	1097	3511	1046
768	3839	1024	1307	3518	1050
1024	3839	1024	1518	3525	1054
1280	3839	1024	1727	3533	1057
1536	3839	1024	1936	3541	1061
1792	3839	1024	2157	3547	1065
2048	3839	1024	2381	3555	1068
2303	3839	1024	2577	3563	1071
2559	3839	1024	2784	3569	1075
2815	3839	1024	2993	3577	1079
3071	3839	1024	3202	3584	1082
3327	3839	1024	3412	3592	1086
3583	3839	1024	3616	3598	1089
3839	3839	1024	3823	3605	1092
4095	3839	1024	4022	3610	1094
0	4095	1024	721	3728	1054
256	4095	1024	931	3734	1058
512	4095	1024	1140	3741	1061
768	4095	1024	1349	3749	1065
1024	4095	1024	1561	3755	1068
1280	4095	1024	1769	3763	1072
1536	4095	1024	1979	3770	1075
1792	4095	1024	2205	3778	1079
2048	4095	1024	2422	3784	1082
2303	4095	1024	2620	3791	1086
2559	4095	1024	2828	3799	1089
2815	4095	1024	3034	3805	1093
3071	4095	1024	3246	3813	1097
3327	4095	1024	3453	3820	1100
3583	4095	1024	3658	3826	1103
3839	4095	1024	3864	3831	1107
4095	4095	1024	4064	3838	1110
0	0	1280	16	18	1031
256	0	1280	227	26	1034
512	0	1280	443	32	1037
768	0	1280	656	40	1041
1024	0	1280	866	48	1044
1280	0	1280	1076	56	1048
1536	0	1280	1282	63	1051
1792	0	1280	1494	71	1055
2048	0	1280	1702	79	1059
2303	0	1280	1911	86	1062
2559	0	1280	2127	94	1065
2815	0	1280	2359	101	1069
3071	0	1280	2552	109	1072
3327	0	1280	2758	116	1075
3583	0	1280	2966	124	1081
3839	0	1280	3176	132	1085
4095	0	1280	3385	139	1087
0	256	1280	60	254	1046
256	256	1280	272	262	1048
512	256	1280	489	270	1052
768	256	1280	699	276	1055
1024	256	1280	910	284	1059
1280	256	1280	1117	291	1062
1536	256	1280	1326	299	1066
1792	256	1280	1538	305	1069
2048	256	1280	1746	313	1073
2303	256	1280	1954	321	1076
2559	256	1280	2177	328	1079
2815	256	1280	2400	335	1082
3071	256	1280	2596	343	1086
3327	256	1280	2802	351	1090
3583	256	1280	3010	357	1096
3839	256	1280	3220	365	1099
4095	256	1280	3429	373	1101
0	512	1280	104	485	1060
256	512	1280	317	492	1063
512	512	1280	534	500	1066
768	512	1280	744	507	1069
1024	512	1280	954	514	1072
1280	512	1280	1162	522	1076
1536	512	1280	1371	529	1079
1792	512	1280	1583	537	1083
2048	512	1280	1790	543	1086
2303	512	1280	1999	551	1090
2559	512	1280	2226	559	1093
2815	512	1280	2441	565	1096
3071	512	1280	2639	573	1101
3327	512	1280	2847	581	1104
3583	512	1280	3054	588	1107
3839	512	1280	3265	595	1112
4095	512	1280	3472	603	1118
0	768	1280	148	717	1074
256	768	1280	364	725	1077
512	768	1280	577	731	1081
768	768	1280	788	739	1083
1024	768	1280	999	747	1087
1280	768	1280	1205	754	1090
1536	768	1280	1416	762	1094
1792	768	1280	1625	770	1096
2048	768	1280	1834	777	1100
2303	768	1280	2042	784	1103
2559	768	1280	2276	791	1107
2815	768	1280	2481	799	1111
3071	768	1280	2682	806	1115
3327	768	1280	2890	814	1118
3583	768	1280	3099	821	1121
3839	768	1280	3310	828	1124
4095	768	1280	3515	836	1129
0	1024	1280	193	949	1088
256	1024	1280	408	957	1091
512	1024	1280	622	965	1095
768	1024	1280	831	971	1098
1024	1024	1280	1042	979	1102
1280	1024	1280	1249	986	1104
1536	1024	1280	1459	992	1108
1792	1024	1280	1669	999	1111
2048	1024	1280	1878	1007	1114
2303	1024	1280	2090	1015	1118
2559	1024	1280	2326	1021	1122
2815	1024	1280	2522	1029	1125
3071	1024	1280	2725	1036	1129
3327	1024	1280	2934	1043	1132
3583	1024	1280	3143	1050	1135
3839	1024	1280	3354	1057	1138
4095	1024	1280	3557	1065	1144
0	1280	1280	237	1175	1102
256	1280	1280	454	1183	1104
512	1280	1280	665	1190	1109
768	1280	1280	876	1198	1113
1024	1280	1280	1085	1205	1116
1280	1280	1280	1292	1212	1119
1536	1280	1280	1505	1220	1122
1792	1280	1280	1713	1226	1125
2048	1280	1280	1923	1233	1129
2303	1280	1280	2139	1241	1133
2559	1280	1280	2369	1249	1136
2815	1280	1280	2563	1256	1139
3071	1280	1280	2769	1264	1143
3327	1280	1280	2977	1271	1146
3583	1280	1280	3188	1278	1150
3839	1280	1280	3397	1287	1154
4095	1280	1280	3601	1294	1157
0	1536	1280	283	1410	1116
256	1536	1280	498	1417	1120
512	1536	1280	708	1424	1123
768	1536	1280	919	1433	1126
1024	1536	1280	1128	1441	1130
1280	1536	1280	1335	1448	1133
1536	1536	1280	1548	1455	1137
1792	1536	1280	1756	1462	1139
2048	1536	1280	1965	1470	1144
2303	1536	1280	2188	1478	1147
2559	1536	1280	2408	1485	1150
2815	1536	1280	2606	1492	1153
3071	1536	1280	2812	1499	1158
3327	1536	1280	3022	1507	1161
3583	1536	1280	3231	1514	1165
3839	1536	1280	3440	1521	1169
4095	1536	1280	3644	1529	1172
0	1792	1280	326	1644	1129
256	1792	1280	542	1652	1133
512	1792	1280	751	1659	1137
768	1792	1280	962	1667	1140
1024	1792	1280	1169	1674	1144
1280	1792	1280	1380	1682	1147
1536	1792	1280	1591	1689	1151
1792	1792	1280	1800	1697	1155
2048	1792	1280	2009	1704	1159
2303	1792	1280	2236	1711	1162
2559	1792	1280	2449	1719	1165
2815	1792	1280	2649	1727	1169
3071	1792	1280	2857	1735	1172
3327	1792	1280	3065	1741	1176
3583	1792	1280	3276	1748	1180
3839	1792	1280	3482	1756	1183
4095	1792	1280	3687	1762	1187
0	2048	1280	371	1876	1144
256	2048	1280	585	1884	1148
512	2048	1280	796	1891	1152
768	2048	1280	1006	1898	1155
1024	2048	1280	1213	1906	1158
1280	2048	1280	1423	1913	1162
1536	2048	1280	1634	1921	1166
1792	2048	1280	1842	1927	1170
2048	2048	1280	2052	1935	1174
2303	2048	1280	2286	1942	1176
2559	2048	1280	2490	1950	1180
2815	2048	1280	2692	1958	1183
3071	2048	1280	2900	1966	1187
3327	2048	1280	3109	1974	1191
3583	2048	1280	3320	1981	1195
3839	2048	1280	3525	1989	1198
4095	2048	1280	3730	1996	1201
0	2303	1280	417	2114	1159
256	2303	1280	630	2121	1162
512	2303	1280	839	2129	1166
768	2303	1280	1050	2137	1169
1024	2303	1280	1255	2145	1173
1280	2303	1280	1468	2153	1177
1536	2303	1280	1677	2160	1181
1792	2303	1280	1887	2168	1184
2048	2303	1280	2101	2176	1188
2303	2303	1280	2336	2184	1191
2559	2303	1280	2532	2192	1194
2815	2303	1280	2735	2198	1197
3071	2303	1280	2944	2206	1202
3327	2303	1280	3153	2213	1205
3583	2303	1280	3364	2221	1208
3839	2303	1280	3567	2227	1212
4095	2303	1280	3774	2235	1215
0	2559	1280	463	2354	1173
256	2559	1280	673	2362	1176
512	2559	1280	884	2369	1180
768	2559	1280	1093	2377	1183
1024	2559	1280	1301	2385	1188
1280	2559	1280	1513	2392	1191
1536	2559	1280	1722	2399	1195
1792	2559	1280	1931	2408	1199
2048	2559	1280	2151	2416	1202
2303	2559	1280	2376	2423	1206
2559	2559	1280	2572	2432	1209
2815	2559	1280	2779	2439	1212
3071	2559	1280	2987	2445	1216
3327	2559	1280	3198	2452	1219
3583	2559	1280	3406	2459	1223
3839	2559	1280	3611	2466	1226
4095	2559	1280	3817	2472	1229
0	2815	1280	507	2583	1187
256	2815	1280	717	2591	1191
512	2815	1280	927	2598	1194
768	2815	1280	1136	2605	1198
1024	2815	1280	1344	2613	1202
1280	2815	1280	1557	2620	1206
1536	2815	1280	1764	2626	1209
1792	2815	1280	1974	2633	1213
2048	2815	1280	2198	2641	1216
2303	2815	1280	2417	2648	1220
2559	2815	1280	2614	2655	1224
2815	2815	1280	2822	2662	1226
3071	2815	1280	3031	2670	1230
3327	2815	1280	3241	2676	1234
3583	2815	1280	3449	2684	1237
3839	2815	1280	3653	2691	1240
4095	2815	1280	3860	2698	1244
0	3071	1280	551	2811	1202
256	3071	1280	760	2820	1206
512	3071	1280	971	2827	1210
768	3071	1280	1178	2835	1213
1024	3071	1280	1388	2841	1217
1280	3071	1280	1599	2849	1220
1536	3071	1280	1809	2857	1223
1792	3071	1280	2017	2864	1227
2048	3071	1280	2248	2871	1231
2303	3071	1280	2457	2878	1235
2559	3071	1280	2658	2885	1238
2815	3071	1280	2865	2892	1241
3071	3071	1280	3073	2899	1244
3327	3071	1280	3285	2906	1248
3583	3071	1280	3491	2913	1251
3839	3071	1280	3697	2920	1255
4095	3071	1280	3901	2928	1259
0	3327	1280	594	3042	1216
256	3327	1280	805	3049	1221
512	3327	1280	1014	3056	1224
768	3327	1280	1221	3063	1228
1024	3327	1280	1432	3071	1231
1280	3327	1280	1643	3077	1234
1536	3327	1280	1852	3085	1238
1792	3327	1280	2063	3093	1242
2048	3327	1280	2296	3100	1246
2303	3327	1280	2498	3107	1249
2559	3327	1280	2701	3115	1253
2815	3327	1280	2909	3122	1256
3071	3327	1280	3117	3128	1259
3327	3327	1280	3329	3135	1262
3583	3327	1280	3534	3142	1266
3839	3327	1280	3740	3148	1269
4095	3327	1280	3943	3155	1273
0	3583	1280	638	3269	1233
256	3583	1280	848	3277	1234
512	3583	1280	1058	3283	1238
768	3583	1280	1264	3291	1242
1024	3583	1280	1477	3298	1245
1280	3583	1280	1686	3305	1248
1536	3583	1280	1897	3312	1252
1792	3583	1280	2112	3319	1257
2048	3583	1280	2345	3326	1260
2303	3583	1280	2539	3334	1263
2559	3583	1280	2744	3341	1266
2815	3583	1280	2952	3348	1270
3071	3583	1280	3162	3355	1273
3327	3583	1280	3372	3361	1278
3583	3583	1280	3575	3369	1281
3839	3583	1280	3784	3376	1285
4095	3583	1280	3984	3381	1288
0	3839	1280	681	3500	1247
256	3839	1280	892	3508	1249
512	3839	1280	1100	3515	1252
768	3839	1280	1308	3522	1256
1024	3839	1280	1521	3530	1259
1280	3839	1280	1730	3537	1263
1536	3839	1280	1939	3545	1267
1792	3839	1280	2160	3552	1271
2048	3839	1280	2384	3559	1274
2303	3839	1280	2580	3566	1277
2559	3839	1280	2786	3573	1282
2815	3839	1280	2996	3580	1285
3071	3839	1280	3205	3588	1290
3327	3839	1280	3415	3595	1293
3583	3839	1280	3618	3601	1296
3839	3839	1280	3825	3608	1298
4095	3839	1280	4025	3614	1302
0	4095	1280	724	3732	1260
256	4095	1280	934	3738	1263
512	4095	1280	1142	3745	1267
768	4095	1280	1351	3753	1270
1024	4095	1280	1564	3760	1273
1280	4095	1280	1772	3767	1278
1536	4095	1280	1981	3774	1282
1792	4095	1280	2207	3782	1286
2048	4095	1280	2425	3788	1289
2303	4095	1280	2622	3795	1293
2559	4095	1280	2830	3802	1296
2815	4095	1280	3037	3809	1300
3071	4095	1280	3249	3815	1304
3327	4095	1280	3456	3822	1308
3583	4095	1280	3661	3830	1310
3839	4095	1280	3866	3836	1313
4095	4095	1280	4066	3843	1316
0	0	1536	19	22	1238
256	0	1536	230	30	1239
512	0	1536	446	36	1243
768	0	1536	659	44	1248
1024	0	1536	869	52	1251
1280	0	1536	1079	60	1254
1536	0	1536	1285	67	1258
1792	0	1536	1498	75	1260
2048	0	1536	1706	83	1264
2303	0	1536	1914	90	1269
2559	0	1536	2131	97	1272
2815	0	1536	2362	105	1275
3071	0	1536	2556	113	1279
3327	0	1536	2762	120	1284
3583	0	1536	2969	128	1291
3839	0	1536	3179	136	1294
4095	0	1536	3388	143	1295
0	256	1536	63	259	1252
256	256	1536	275	266	1254
512	256	1536	492	273	1258
768	256	1536	702	280	1261
1024	256	1536	913	287	1265
1280	256	1536	1120	295	1268
1536	256	1536	1329	302	1271
1792	256	1536	1541	309	1274
2048	256	1536	1749	317	1279
2303	256	1536	1958	325	1284
2559	256	1536	2181	331	1287
2815	256	1536	2403	339	1291
3071	256	1536	2599	347	1294
3327	256	1536	2805	354	1297
3583	256	1536	3014	361	1304
3839	256	1536	3223	369	1309
4095	256	1536	3432	376	1310
0	512	1536	107	489	1266
256	512	1536	321	496	1269
512	512	1536	537	504	1273
768	512	1536	747	511	1276
1024	512	1536	957	518	1279
1280	512	1536	1165	526	1283
1536	512	1536	1374	533	1286
1792	512	1536	1586	540	1290
2048	512	1536	1794	547	1294
2303	512	1536	2002	555	1298
2559	512	1536	2230	562	1302
2815	512	1536	2444	569	1305
3071	512	1536	2642	577	1308
3327	512	1536	2851	585	1312
3583	512	1536	3058	592	1316
3839	512	1536	3269	599	1321
4095	512	1536	3475	607	1327
0	768	1536	151	722	1283
256	768	1536	366	729	1284
512	768	1536	580	735	1289
768	768	1536	790	744	1291
1024	768	1536	1001	751	1295
1280	768	1536	1208	758	1297
1536	768	1536	1419	766	1301
1792	768	1536	1629	774	1305
2048	768	1536	1838	782	1308
2303	768	1536	2045	787	1312
2559	768	1536	2279	796	1316
2815	768	1536	2484	803	1319
3071	768	1536	2685	810	1322
3327	768	1536	2893	818	1327
3583	768	1536	3102	825	1330
3839	768	1536	3312	832	1334
4095	768	1536	3518	839	1341
0	1024	1536	196	954	1296
256	1024	1536	411	961	1299
512	1024	1536	624	968	1303
768	1024	1536	834	976	1306
1024	1024	1536	1044	983	1309
1280	1024	1536	1252	991	1313
1536	1024	1536	1462	997	1315
1792	1024	1536	1672	1004	1319
2048	1024	1536	1881	1011	1324
2303	1024	1536	2093	1019	1327
2559	1024	1536	2329	1026	1330
2815	1024	1536	2526	1033	1334
3071	1024	1536	2729	1041	1338
3327	1024	1536	2937	1047	1341
3583	1024	1536	3146	1053	1344
3839	1024	1536	3358	1061	1347
4095	1024	1536	3560	1069	1351
0	1280	1536	240	1179	1310
256	1280	1536	456	1186	1313
512	1280	1536	667	1194	1318
768	1280	1536	878	1202	1320
1024	1280	1536	1088	1208	1325
1280	1280	1536	1295	1216	1328
1536	1280	1536	1508	1223	1330
1792	1280	1536	1716	1230	1333
2048	1280	1536	1926	1237	1338
2303	1280	1536	2143	1245	1342
2559	1280	1536	2373	1254	1344
2815	1280	1536	2567	1260	1348
3071	1280	1536	2772	1268	1352
3327	1280	1536	2981	1275	1356
3583	1280	1536	3191	1283	1359
3839	1280	1536	3399	1291	1362
4095	1280	1536	3604	1298	1365
0	1536	1536	284	1414	1324
256	1536	1536	500	1420	1327
512	1536	1536	711	1428	1331
768	1536	1536	921	1437	1335
1024	1536	1536	1130	1445	1339
1280	1536	1536	1338	1452	1343
1536	1536	1536	1551	1460	1345
1792	1536	1536	1760	1467	1348
2048	1536	1536	1968	1474	1351
2303	1536	1536	2191	1482	1355
2559	1536	1536	2412	1489	1360
2815	1536	1536	2609	1497	1364
3071	1536	1536	2816	1504	1367
3327	1536	1536	3025	1511	1371
3583	1536	1536	3234	1518	1375
3839	1536	1536	3442	1525	1378
4095	1536	1536	3647	1533	1382
0	1792	1536	329	1649	1338
256	1792	1536	545	1656	1342
512	1792	1536	754	1663	1345
768	1792	1536	965	1670	1349
1024	1792	1536	1172	1679	1353
1280	1792	1536	1383	1687	1356
1536	1792	1536	1593	1693	1361
1792	1792	1536	1802	1700	1364
2048	1792	1536	2012	1709	1368
2303	1792	1536	2239	1716	1372
2559	1792	1536	2452	1724	1376
2815	1792	1536	2651	1731	1379
3071	1792	1536	2860	1738	1382
3327	1792	1536	3068	1744	1386
3583	1792	1536	3279	1752	1390
3839	1792	1536	3484	1759	1394
4095	1792	1536	3690	1766	1397
0	2048	1536	375	1880	1353
256	2048	1536	588	1888	1358
512	2048	1536	798	1896	1361
768	2048	1536	1008	1902	1364
1024	2048	1536	1216	1910	1369
1280	2048	1536	1427	1918	1372
1536	2048	1536	1638	1925	1376
1792	2048	1536	1846	1931	1379
2048	2048	1536	2055	1940	1385
2303	2048	1536	2289	1947	1388
2559	2048	1536	2493	1954	1391
2815	2048	1536	2695	1963	1394
3071	2048	1536	2903	1971	1398
3327	2048	1536	3112	1979	1402
3583	2048	1536	3323	1985	1406
3839	2048	1536	3528	1993	1409
4095	2048	1536	3733	2000	1412
0	2303	1536	420	2118	1368
256	2303	1536	633	2125	1372
512	2303	1536	843	2134	1376
768	2303	1536	1052	2142	1379
1024	2303	1536	1259	2150	1384
1280	2303	1536	1472	2158	1387
1536	2303	1536	1681	2165	1391
1792	2303	1536	1890	2173	1396
2048	2303	1536	2104	2181	1400
2303	2303	1536	2340	2188	1403
2559	2303	1536	2535	2196	1406
2815	2303	1536	2738	2202	1409
3071	2303	1536	2947	2210	1413
3327	2303	1536	3156	2218	1416
3583	2303	1536	3367	2225	1420
3839	2303	1536	3570	2232	1423
4095	2303	1536	3778	2240	1427
0	2559	1536	465	2358	1383
256	2559	1536	676	2366	1387
512	2559	1536	887	2373	1391
768	2559	1536	1095	2381	1394
1024	2559	1536	1303	2389	1398
1280	2559	1536	1516	2396	1402
1536	2559	1536	1724	2404	1407
1792	2559	1536	1933	2412	1410
2048	2559	1536	2154	2420	1414
2303	2559	1536	2379	2427	1418
2559	2559	1536	2574	2435	1421
2815	2559	1536	2782	2443	1424
3071	2559	1536	2990	2449	1428
3327	2559	1536	3200	2455	1432
3583	2559	1536	3409	2462	1436
3839	2559	1536	3614	2470	1439
4095	2559	1536	3820	2476	1443
0	2815	1536	509	2587	1398
256	2815	1536	719	2595	1402
512	2815	1536	930	2602	1406
768	2815	1536	1138	2609	1409
1024	2815	1536	1347	2616	1413
1280	2815	1536	1559	2624	1418
1536	2815	1536	1767	2630	1422
1792	2815	1536	1977	2637	1425
2048	2815	1536	2201	2645	1429
2303	2815	1536	2420	2652	1432
2559	2815	1536	2617	2659	1436
2815	2815	1536	2825	2666	1439
3071	2815	1536	3034	2674	1443
3327	2815	1536	3243	2680	1447
3583	2815	1536	3451	2688	1451
3839	2815	1536	3656	2695	1454
4095	2815	1536	3863	2702	1458
0	3071	1536	553	2816	1414
256	3071	1536	762	2823	1417
512	3071	1536	973	2831	1421
768	3071	1536	1180	2838	1425
1024	3071	1536	1391	2845	1429
1280	3071	1536	1602	2853	1433
1536	3071	1536	1811	2860	1437
1792	3071	1536	2020	2867	1441
2048	3071	1536	2251	2874	1444
2303	3071	1536	2460	2881	1448
2559	3071	1536	2660	2889	1451
2815	3071	1536	2868	2895	1455
3071	3071	1536	3076	2903	1459
3327	3071	1536	3288	2911	1463
3583	3071	1536	3494	2917	1466
3839	3071	1536	3699	2924	1469
4095	3071	1536	3904	2931	1472
0	3327	1536	596	3046	1429
256	3327	1536	807	3052	1432
512	3327	1536	1016	3059	1436
768	3327	1536	1223	3067	1441
1024	3327	1536	1434	3075	1444
1280	3327	1536	1645	3081	1448
1536	3327	1536	1855	3089	1452
1792	3327	1536	2065	3097	1456
2048	3327	1536	2299	3103	1459
2303	3327	1536	2501	3111	1463
2559	3327	1536	2703	3118	1467
2815	3327	1536	2912	3126	1471
3071	3327	1536	3120	3131	1475
3327	3327	1536	3332	3139	1479
3583	3327	1536	3537	3146	1481
3839	3327	1536	3742	3152	1484
4095	3327	1536	3946	3158	1489
0	3583	1536	641	3273	1445
256	3583	1536	851	3281	1448
512	3583	1536	1061	3287	1452
768	3583	1536	1266	3295	1456
1024	3583	1536	1480	3302	1459
1280	3583	1536	1689	3309	1463
1536	3583	1536	1899	3315	1467
1792	3583	1536	2114	3323	1471
2048	3583	1536	2349	3331	1474
2303	3583	1536	2542	3338	1479
2559	3583	1536	2748	3345	1482
2815	3583	1536	2956	3353	1486
3071	3583	1536	3165	3360	1490
3327	3583	1536	3375	3366	1494
3583	3583	1536	3578	3373	1496
3839	3583	1536	3787	3379	1500
4095	3583	1536	3987	3385	1504
0	3839	1536	684	3504	1460
256	3839	1536	895	3512	1463
512	3839	1536	1103	3520	1467
768	3839	1536	1311	3526	1470
1024	3839	1536	1524	3534	1474
1280	3839	1536	1732	3541	1478
1536	3839	1536	1942	3549	1482
1792	3839	1536	2163	3556	1486
2048	3839	1536	2388	3563	1490
2303	3839	1536	2584	3570	1494
2559	3839	1536	2790	3577	1498
2815	3839	1536	2999	3584	1501
3071	3839	1536	3209	3592	1505
3327	3839	1536	3418	3599	1509
3583	3839	1536	3621	3605	1513
3839	3839	1536	3828	3612	1515
4095	3839	1536	4028	3619	1519
0	4095	1536	726	3736	1474
256	4095	1536	937	3742	1478
512	4095	1536	1145	3750	1482
768	4095	1536	1354	3757	1486
1024	4095	1536	1567	3764	1490
1280	4095	1536	1774	3771	1493
1536	4095	1536	1984	3778	1497
1792	4095	1536	2210	3786	1502
2048	4095	1536	2428	3792	1505
2303	4095	1536	2625	3799	1509
2559	4095	1536	2833	3807	1513
2815	4095	1536	3040	3813	1517
3071	4095	1536	3252	3819	1520
3327	4095	1536	3459	3827	1525
3583	4095	1536	3664	3834	1528
3839	4095	1536	3870	3841	1531
4095	4095	1536	4068	3847	1534
0	0	1792	22	26	1451
256	0	1792	233	33	1453
512	0	1792	449	40	1457
768	0	1792	662	48	1460
1024	0	1792	871	56	1464
1280	0	1792	1081	64	1468
1536	0	1792	1288	70	1472
1792	0	1792	1500	79	1475
2048	0	1792	1708	86	1478
2303	0	1792	1917	93	1482
2559	0	1792	2134	101	1486
2815	0	1792	2366	108	1491
3071	0	1792	2559	117	1495
3327	0	1792	2765	124	1498
3583	0	1792	2973	131	1504
3839	0	1792	3182	139	1507
4095	0	1792	3391	146	1510
0	256	1792	65	262	1466
256	256	1792	277	269	1467
512	256	1792	494	277	1471
768	256	1792	704	283	1475
1024	256	1792	915	291	1479
1280	256	1792	1123	299	1483
1536	256	1792	1331	306	1486
1792	256	1792	1544	313	1490
2048	256	1792	1752	320	1494
2303	256	1792	1960	328	1497
2559	256	1792	2184	335	1502
2815	256	1792	2406	342	1506
3071	256	1792	2602	350	1510
3327	256	1792	2808	358	1513
3583	256	1792	3018	364	1518
3839	256	1792	3227	372	1522
4095	256	1792	3435	379	1525
0	512	1792	110	493	1481
256	512	1792	323	500	1483
512	512	1792	540	507	1486
768	512	1792	749	515	1491
1024	512	1792	960	521	1495
1280	512	1792	1168	529	1497
1536	512	1792	1376	536	1501
1792	512	1792	1589	544	1505
2048	512	1792	1797	551	1509
2303	512	1792	2004	558	1513
2559	512	1792	2232	566	1517
2815	512	1792	2448	573	1521
3071	512	1792	2645	581	1524
3327	512	1792	2854	589	1528
3583	512	1792	3061	596	1531
3839	512	1792	3272	603	1535
4095	512	1792	3478	610	1541
0	768	1792	154	725	1496
256	768	1792	369	732	1499
512	768	1792	583	739	1503
768	768	1792	794	747	1506
1024	768	1792	1004	755	1509
1280	768	1792	1210	761	1513
1536	768	1792	1422	770	1516
1792	768	1792	1631	778	1520
2048	768	1792	1840	785	1525
2303	768	1792	2047	792	1529
2559	768	1792	2283	799	1532
2815	768	1792	2488	807	1536
3071	768	1792	2688	814	1540
3327	768	1792	2896	821	1543
3583	768	1792	3105	829	1546
3839	768	1792	3316	836	1551
4095	768	1792	3522	843	1555
0	1024	1792	199	957	1511
256	1024	1792	413	964	1515
512	1024	1792	627	972	1518
768	1024	1792	836	979	1522
1024	1024	1792	1047	986	1525
1280	1024	1792	1254	994	1529
1536	1024	1792	1466	1000	1532
1792	1024	1792	1676	1008	1537
2048	1024	1792	1884	1016	1541
2303	1024	1792	2096	1023	1544
2559	1024	1792	2333	1029	1548
2815	1024	1792	2529	1037	1551
3071	1024	1792	2731	1044	1554
3327	1024	1792	2940	1050	1558
3583	1024	1792	3148	1057	1562
3839	1024	1792	3360	1064	1566
4095	1024	1792	3563	1072	1570
0	1280	1792	242	1182	1527
256	1280	1792	458	1190	1530
512	1280	1792	670	1197	1534
768	1280	1792	881	1205	1537
1024	1280	1792	1090	1211	1540
1280	1280	1792	1297	1218	1544
1536	1280	1792	1510	1226	1548
1792	1280	1792	1719	1233	1552
2048	1280	1792	1929	1241	1556
2303	1280	1792	2146	1249	1560
2559	1280	1792	2376	1257	1563
2815	1280	1792	2569	1264	1567
3071	1280	1792	2775	1272	1570
3327	1280	1792	2984	1279	1574
3583	1280	1792	3193	1287	1578
3839	1280	1792	3402	1294	1581
4095	1280	1792	3606	1302	1584
0	1536	1792	288	1418	1540
256	1536	1792	502	1424	1544
512	1536	1792	713	1432	1548
768	1536	1792	924	1440	1551
1024	1536	1792	1133	1448	1555
1280	1536	1792	1341	1455	1561
1536	1536	1792	1554	1463	1563
1792	1536	1792	1762	1470	1567
2048	1536	1792	1971	1477	1571
2303	1536	1792	2195	1485	1575
2559	1536	1792	2415	1493	1578
2815	1536	1792	2612	1501	1581
3071	1536	1792	2819	1507	1586
3327	1536	1792	3028	1515	1589
3583	1536	1792	3237	1522	1593
3839	1536	1792	3445	1529	1596
4095	1536	1792	3649	1537	1599
0	1792	1792	332	1652	1556
256	1792	1792	548	1659	1559
512	1792	1792	756	1666	1563
768	1792	1792	968	1674	1566
1024	1792	1792	1175	1682	1572
1280	1792	1792	1385	1690	1576
1536	1792	1792	1596	1697	1579
1792	1792	1792	1805	1704	1582
2048	1792	1792	2014	1712	1586
2303	1792	1792	2243	1719	1589
2559	1792	1792	2456	1727	1592
2815	1792	1792	2654	1735	1596
3071	1792	1792	2863	1742	1600
3327	1792	1792	3070	1748	1604
3583	1792	1792	3281	1756	1607
3839	1792	1792	3487	1763	1610
4095	1792	1792	3693	1769	1613
0	2048	1792	377	1884	1572
256	2048	1792	591	1891	1575
512	2048	1792	802	1899	1578
768	2048	1792	1011	1906	1583
1024	2048	1792	1219	1914	1587
1280	2048	1792	1430	1921	1591
1536	2048	1792	1641	1929	1594
1792	2048	1792	1848	1935	1597
2048	2048	1792	2057	1942	1601
2303	2048	1792	2292	1951	1603
2559	2048	1792	2495	1958	1608
2815	2048	1792	2698	1967	1612
3071	2048	1792	2905	1975	1615
3327	2048	1792	3115	1982	1619
3583	2048	1792	3325	1989	1622
3839	2048	1792	3531	1996	1625
4095	2048	1792	3737	2004	1629
0	2303	1792	422	2123	1586
256	2303	1792	635	2130	1589
512	2303	1792	845	2138	1593
768	2303	1792	1056	2146	1597
1024	2303	1792	1262	2153	1601
1280	2303	1792	1475	2161	1605
1536	2303	1792	1683	2169	1609
1792	2303	1792	1892	2177	1612
2048	2303	1792	2106	2184	1615
2303	2303	1792	2343	2191	1619
2559	2303	1792	2537	2200	1623
2815	2303	1792	2741	2207	1626
3071	2303	1792	2950	2215	1630
3327	2303	1792	3158	2222	1633
3583	2303	1792	3370	2229	1636
3839	2303	1792	3574	2237	1639
4095	2303	1792	3781	2244	1643
0	2559	1792	468	2362	1600
256	2559	1792	678	2370	1603
512	2559	1792	890	2377	1608
768	2559	1792	1098	2385	1612
1024	2559	1792	1307	2393	1615
1280	2559	1792	1519	2400	1620
1536	2559	1792	1727	2408	1623
1792	2559	1792	1936	2416	1626
2048	2559	1792	2156	2424	1630
2303	2559	1792	2382	2430	1634
2559	2559	1792	2578	2439	1637
2815	2559	1792	2786	2446	1640
3071	2559	1792	2993	2452	1644
3327	2559	1792	3203	2459	1647
3583	2559	1792	3412	2467	1651
3839	2559	1792	3617	2474	1655
4095	2559	1792	3824	2480	1658
0	2815	1792	511	2591	1615
256	2815	1792	722	2599	1619
512	2815	1792	932	2607	1622
768	2815	1792	1142	2613	1626
1024	2815	1792	1350	2620	1630
1280	2815	1792	1563	2628	1633
1536	2815	1792	1769	2635	1637
1792	2815	1792	1980	2642	1642
2048	2815	1792	2204	2649	1645
2303	2815	1792	2423	2656	1649
2559	2815	1792	2619	2664	1652
2815	2815	1792	2829	2671	1655
3071	2815	1792	3036	2678	1659
3327	2815	1792	3246	2685	1662
3583	2815	1792	3454	2692	1667
3839	2815	1792	3659	2699	1670
4095	2815	1792	3867	2706	1673
0	3071	1792	556	2820	1630
256	3071	1792	764	2828	1634
512	3071	1792	976	2835	1637
768	3071	1792	1183	2842	1641
1024	3071	1792	1394	2849	1645
1280	3071	1792	1604	2857	1648
1536	3071	1792	1814	2865	1653
1792	3071	1792	2023	2871	1656
2048	3071	1792	2255	2878	1660
2303	3071	1792	2463	2886	1663
2559	3071	1792	2663	2893	1667
2815	3071	1792	2871	2900	1670
3071	3071	1792	3079	2907	1674
3327	3071	1792	3291	2915	1678
3583	3071	1792	3497	2922	1681
3839	3071	1792	3703	2929	1685
4095	3071	1792	3907	2936	1687
0	3327	1792	599	3050	1645
256	3327	1792	810	3056	1648
512	3327	1792	1019	3064	1652
768	3327	1792	1226	3071	1656
1024	3327	1792	1437	3079	1659
1280	3327	1792	1648	3086	1664
1536	3327	1792	1857	3093	1668
1792	3327	1792	2068	3101	1671
2048	3327	1792	2304	3108	1674
2303	3327	1792	2504	3115	1678
2559	3327	1792	2706	3123	1681
2815	3327	1792	2915	3130	1685
3071	3327	1792	3123	3136	1690
3327	3327	1792	3336	3144	1693
3583	3327	1792	3540	3151	1696
3839	3327	1792	3746	3157	1699
4095	3327	1792	3950	3163	1702
0	3583	1792	644	3278	1659
256	3583	1792	854	3285	1663
512	3583	1792	1063	3291	1667
768	3583	1792	1269	3299	1670
1024	3583	1792	1483	3306	1675
1280	3583	1792	1692	3314	1678
1536	3583	1792	1902	3320	1682
1792	3583	1792	2117	3329	1685
2048	3583	1792	2352	3336	1689
2303	3583	1792	2545	3343	1692
2559	3583	1792	2751	3350	1696
2815	3583	1792	2959	3358	1701
3071	3583	1792	3169	3364	1705
3327	3583	1792	3378	3370	1708
3583	3583	1792	3582	3378	1711
3839	3583	1792	3790	3384	1713
4095	3583	1792	3991	3390	1716
0	3839	1792	686	3509	1673
256	3839	1792	898	3517	1677
512	3839	1792	1106	3524	1681
768	3839	1792	1314	3531	1685
1024	3839	1792	1526	3539	1689
1280	3839	1792	1736	3546	1692
1536	3839	1792	1945	3554	1696
1792	3839	1792	2166	3560	1700
2048	3839	1792	2391	3567	1703
2303	3839	1792	2586	3575	1707
2559	3839	1792	2793	3582	1711
2815	3839	1792	3002	3589	1715
3071	3839	1792	3211	3597	1718
3327	3839	1792	3421	3604	1722
3583	3839	1792	3625	3610	1725
3839	3839	1792	3832	3617	1728
4095	3839	1792	4031	3624	1732
0	4095	1792	729	3740	1688
256	4095	1792	940	3747	1691
512	4095	1792	1148	3754	1696
768	4095	1792	1357	3762	1700
1024	4095	1792	1570	3769	1703
1280	4095	1792	1777	3776	1707
1536	4095	1792	1987	3783	1710
1792	4095	1792	2214	3790	1714
2048	4095	1792	2431	3797	1718
2303	4095	1792	2628	3805	1722
2559	4095	1792	2837	3811	1726
2815	4095	1792	3045	3817	1730
3071	4095	1792	3255	3824	1732
3327	4095	1792	3462	3831	1735
3583	4095	1792	3668	3838	1739
3839	4095	1792	3873	3845	1744
4095	4095	1792	4072	3852	1747
0	0	2048	25	29	1666
256	0	2048	236	37	1668
512	0	2048	451	44	1671
768	0	2048	664	52	1675
1024	0	2048	874	60	1678
1280	0	2048	1083	68	1682
1536	0	2048	1291	74	1686
1792	0	2048	1503	82	1690
2048	0	2048	1710	90	1693
2303	0	2048	1919	97	1697
2559	0	2048	2137	105	1701
2815	0	2048	2370	112	1704
3071	0	2048	2561	120	1708
3327	0	2048	2767	127	1712
3583	0	2048	2976	135	1715
3839	0	2048	3185	143	1719
4095	0	2048	3394	150	1722
0	256	2048	68	265	1680
256	256	2048	279	272	1683
512	256	2048	496	280	1685
768	256	2048	707	287	1689
1024	256	2048	918	294	1693
1280	256	2048	1126	302	1696
1536	256	2048	1334	310	1701
1792	256	2048	1547	317	1704
2048	256	2048	1755	324	1708
2303	256	2048	1962	332	1711
2559	256	2048	2187	338	1715
2815	256	2048	2410	346	1719
3071	256	2048	2604	354	1723
3327	256	2048	2811	362	1727
3583	256	2048	3021	368	1730
3839	256	2048	3230	375	1733
4095	256	2048	3438	383	1737
0	512	2048	113	497	1695
256	512	2048	326	503	1698
512	512	2048	542	510	1701
768	512	2048	751	518	1704
1024	512	2048	962	525	1707
1280	512	2048	1170	532	1712
1536	512	2048	1379	540	1715
1792	512	2048	1592	548	1719
2048	512	2048	1800	555	1722
2303	512	2048	2007	563	1726
2559	512	2048	2236	570	1729
2815	512	2048	2451	577	1734
3071	512	2048	2648	585	1738
3327	512	2048	2857	593	1741
3583	512	2048	3064	600	1744
3839	512	2048	3275	607	1748
4095	512	2048	3482	614	1751
0	768	2048	157	729	1710
256	768	2048	371	736	1712
512	768	2048	585	743	1716
768	768	2048	796	751	1719
1024	768	2048	1006	759	1723
1280	768	2048	1213	765	1727
1536	768	2048	1424	774	1730
1792	768	2048	1634	782	1733
2048	768	2048	1843	789	1737
2303	768	2048	2050	796	1741
2559	768	2048	2286	804	1745
2815	768	2048	2491	811	1749
3071	768	2048	2692	818	1752
3327	768	2048	2899	826	1755
3583	768	2048	3108	833	1759
3839	768	2048	3319	841	1763
4095	768	2048	3525	848	1766
0	1024	2048	201	961	1724
256	1024	2048	415	968	1727
512	1024	2048	629	976	1730
768	1024	2048	839	983	1735
1024	1024	2048	1050	990	1739
1280	1024	2048	1256	998	1741
1536	1024	2048	1468	1004	1744
1792	1024	2048	1678	1012	1748
2048	1024	2048	1887	1020	1752
2303	1024	2048	2099	1027	1757
2559	1024	2048	2336	1033	1760
2815	1024	2048	2531	1041	1764
3071	1024	2048	2734	1048	1767
3327	1024	2048	2943	1054	1769
3583	1024	2048	3151	1062	1774
3839	1024	2048	3363	1069	1777
4095	1024	2048	3566	1077	1782
0	1280	2048	245	1187	1739
256	1280	2048	460	1194	1742
512	1280	2048	672	1201	1746
768	1280	2048	884	1208	1749
1024	1280	2048	1093	1215	1754
1280	1280	2048	1300	1223	1757
1536	1280	2048	1514	1231	1760
1792	1280	2048	1722	1237	1763
2048	1280	2048	1931	1246	1768
2303	1280	2048	2149	1254	1772
2559	1280	2048	2380	1262	1775
2815	1280	2048	2572	1269	1779
3071	1280	2048	2779	1276	1782
3327	1280	2048	2987	1285	1785
3583	1280	2048	3197	1291	1788
3839	1280	2048	3405	1299	1794
4095	1280	2048	3610	1307	1796
0	1536	2048	290	1423	1752
256	1536	2048	505	1429	1757
512	1536	2048	716	1437	1760
768	1536	2048	926	1445	1764
1024	1536	2048	1136	1453	1768
1280	1536	2048	1344	1460	1772
1536	1536	2048	1556	1468	1774
1792	1536	2048	1765	1475	1778
2048	1536	2048	1973	1482	1782
2303	1536	2048	2197	1490	1785
2559	1536	2048	2419	1497	1789
2815	1536	2048	2615	1505	1793
3071	1536	2048	2823	1512	1797
3327	1536	2048	3031	1520	1801
3583	1536	2048	3240	1527	1805
3839	1536	2048	3448	1534	1808
4095	1536	2048	3652	1542	1812
0	1792	2048	334	1656	1768
256	1792	2048	550	1664	1771
512	1792	2048	759	1671	1775
768	1792	2048	970	1679	1778
1024	1792	2048	1177	1686	1782
1280	1792	2048	1388	1694	1786
1536	1792	2048	1600	1702	1790
1792	1792	2048	1808	1710	1794
2048	1792	2048	2017	1718	1798
2303	1792	2048	2246	1724	1802
2559	1792	2048	2459	1732	1805
2815	1792	2048	2657	1739	1808
3071	1792	2048	2866	1747	1812
3327	1792	2048	3074	1753	1815
3583	1792	2048	3284	1760	1819
3839	1792	2048	3489	1767	1822
4095	1792	2048	3695	1774	1825
0	2048	2048	379	1888	1783
256	2048	2048	593	1896	1787
512	2048	2048	804	1904	1790
768	2048	2048	1013	1910	1795
1024	2048	2048	1221	1917	1798
1280	2048	2048	1432	1925	1803
1536	2048	2048	1643	1933	1806
1792	2048	2048	1851	1940	1809
2048	2048	2048	2060	1948	1812
2303	2048	2048	2296	1956	1815
2559	2048	2048	2499	1963	1819
2815	2048	2048	2701	1971	1823
3071	2048	2048	2909	1979	1827
3327	2048	2048	3118	1986	1830
3583	2048	2048	3328	1993	1833
3839	2048	2048	3533	2001	1837
4095	2048	2048	3739	2009	1840
0	2303	2048	424	2127	1798
256	2303	2048	638	2135	1802
512	2303	2048	848	2143	1806
768	2303	2048	1058	2151	1809
1024	2303	2048	1265	2158	1813
1280	2303	2048	1478	2166	1816
1536	2303	2048	1687	2174	1820
1792	2303	2048	1895	2181	1824
2048	2303	2048	2109	2188	1827
2303	2303	2048	2345	2196	1830
2559	2303	2048	2541	2204	1833
2815	2303	2048	2744	2211	1838
3071	2303	2048	2953	2219	1841
3327	2303	2048	3162	2226	1844
3583	2303	2048	3373	2234	1848
3839	2303	2048	3576	2241	1851
4095	2303	2048	3784	2249	1855
0	2559	2048	470	2366	1812
256	2559	2048	681	2375	1815
512	2559	2048	893	2382	1819
768	2559	2048	1101	2390	1823
1024	2559	2048	1310	2398	1828
1280	2559	2048	1522	2405	1832
1536	2559	2048	1731	2413	1835
1792	2559	2048	1939	2421	1838
2048	2559	2048	2159	2428	1841
2303	2559	2048	2385	2435	1845
2559	2559	2048	2580	2444	1849
2815	2559	2048	2788	2450	1852
3071	2559	2048	2996	2457	1856
3327	2559	2048	3206	2464	1859
3583	2559	2048	3415	2471	1863
3839	2559	2048	3620	2479	1866
4095	2559	2048	3828	2485	1869
0	2815	2048	514	2596	1827
256	2815	2048	725	2604	1831
512	2815	2048	935	2612	1834
768	2815	2048	1145	2618	1838
1024	2815	2048	1354	2625	1842
1280	2815	2048	1566	2633	1846
1536	2815	2048	1773	2640	1849
1792	2815	2048	1983	2647	1852
2048	2815	2048	2208	2654	1856
2303	2815	2048	2427	2662	1861
2559	2815	2048	2622	2668	1864
2815	2815	2048	2831	2675	1867
3071	2815	2048	3040	2683	1870
3327	2815	2048	3249	2689	1874
3583	2815	2048	3458	2697	1878
3839	2815	2048	3663	2703	1881
4095	2815	2048	3870	2710	1885
0	3071	2048	559	2825	1841
256	3071	2048	767	2833	1845
512	3071	2048	978	2840	1849
768	3071	2048	1186	2847	1852
1024	3071	2048	1397	2854	1856
1280	3071	2048	1608	2862	1859
1536	3071	2048	1817	2870	1863
1792	3071	2048	2026	2876	1866
2048	3071	2048	2258	2883	1871
2303	3071	2048	2466	2891	1875
2559	3071	2048	2666	2899	1879
2815	3071	2048	2874	2905	1882
3071	3071	2048	3083	2913	1885
3327	3071	2048	3294	2920	1888
3583	3071	2048	3500	2927	1892
3839	3071	2048	3707	2934	1896
4095	3071	2048	3911	2940	1898
0	3327	2048	602	3055	1855
256	3327	2048	812	3062	1859
512	3327	2048	1021	3069	1863
768	3327	2048	1229	3076	1867
1024	3327	2048	1441	3084	1871
1280	3327	2048	1652	3091	1874
1536	3327	2048	1860	3098	1878
1792	3327	2048	2071	3105	1882
2048	3327	2048	2308	3113	1885
2303	3327	2048	2508	3120	1889
2559	3327	2048	2709	3128	1893
2815	3327	2048	2919	3135	1897
3071	3327	2048	3127	3141	1900
3327	3327	2048	3339	3148	1903
3583	3327	2048	3543	3156	1907
3839	3327	2048	3750	3162	1910
4095	3327	2048	3953	3168	1913
0	3583	2048	646	3282	1870
256	3583	2048	856	3290	1874
512	3583	2048	1066	3296	1878
768	3583	2048	1273	3303	1881
1024	3583	2048	1486	3311	1885
1280	3583	2048	1695	3318	1888
1536	3583	2048	1905	3325	1893
1792	3583	2048	2120	3333	1896
2048	3583	2048	2355	3341	1900
2303	3583	2048	2548	3347	1903
2559	3583	2048	2754	3355	1907
2815	3583	2048	2962	3362	1911
3071	3583	2048	3172	3368	1914
3327	3583	2048	3382	3374	1918
3583	3583	2048	3586	3382	1921
3839	3583	2048	3793	3389	1924
4095	3583	2048	3993	3395	1927
0	3839	2048	689	3514	1884
256	3839	2048	900	3521	1888
512	3839	2048	1109	3529	1892
768	3839	2048	1317	3535	1895
1024	3839	2048	1529	3544	1899
1280	3839	2048	1739	3551	1904
1536	3839	2048	1948	3558	1907
1792	3839	2048	2169	3564	1910
2048	3839	2048	2394	3572	1914
2303	3839	2048	2589	3580	1918
2559	3839	2048	2797	3587	1921
2815	3839	2048	3006	3594	1924
3071	3839	2048	3215	3601	1929
3327	3839	2048	3424	3608	1932
3583	3839	2048	3628	3615	1935
3839	3839	2048	3835	3622	1939
4095	3839	2048	4035	3628	1942
0	4095	2048	732	3745	1899
256	4095	2048	942	3752	1903
512	4095	2048	1151	3759	1906
768	4095	2048	1360	3767	1910
1024	4095	2048	1572	3774	1914
1280	4095	2048	1780	3781	1918
1536	4095	2048	1991	3788	1921
1792	4095	2048	2217	3795	1924
2048	4095	2048	2435	3802	1928
2303	4095	2048	2631	3809	1932
2559	4095	2048	2840	3815	1936
2815	4095	2048	3047	3821	1940
3071	4095	2048	3258	3828	1943
3327	4095	2048	3465	3835	1946
3583	4095	2048	3671	3843	1950
3839	4095	2048	3877	3849	1954
4095	4095	2048	4075	3856	1957
0	0	2303	28	33	1875
256	0	2303	237	41	1878
512	0	2303	453	48	1882
768	0	2303	666	56	1885
1024	0	2303	877	64	1888
1280	0	2303	1086	72	1893
1536	0	2303	1293	78	1897
1792	0	2303	1507	86	1900
2048	0	2303	1714	94	1904
2303	0	2303	1922	101	1908
2559	0	2303	2140	108	1911
2815	0	2303	2374	116	1915
3071	0	2303	2564	124	1918
3327	0	2303	2771	131	1922
3583	0	2303	2979	139	1925
3839	0	2303	3189	147	1929
4095	0	2303	3398	154	1933
0	256	2303	71	269	1890
256	256	2303	281	276	1894
512	256	2303	499	284	1896
768	256	2303	710	291	1899
1024	256	2303	921	298	1903
1280	256	2303	1129	306	1907
1536	256	2303	1338	314	1911
1792	256	2303	1550	321	1915
2048	256	2303	1758	328	1919
2303	256	2303	1966	336	1922
2559	256	2303	2190	342	1925
2815	256	2303	2413	349	1929
3071	256	2303	2607	358	1933
3327	256	2303	2816	365	1936
3583	256	2303	3024	372	1941
3839	256	2303	3233	379	1944
4095	256	2303	3442	387	1947
0	512	2303	116	500	1906
256	512	2303	329	507	1909
512	512	2303	545	514	1911
768	512	2303	754	521	1915
1024	512	2303	964	528	1918
1280	512	2303	1173	536	1922
1536	512	2303	1383	544	1926
1792	512	2303	1595	552	1930
2048	512	2303	1803	559	1933
2303	512	2303	2011	567	1936
2559	512	2303	2240	574	1940
2815	512	2303	2455	581	1944
3071	512	2303	2651	589	1948
3327	512	2303	2861	596	1952
3583	512	2303	3067	604	1955
3839	512	2303	3278	611	1959
4095	512	2303	3485	618	1962
0	768	2303	160	733	1920
256	768	2303	374	741	1923
512	768	2303	588	747	1926
768	768	2303	798	755	1930
1024	768	2303	1009	763	1933
1280	768	2303	1216	771	1938
1536	768	2303	1427	778	1940
1792	768	2303	1637	786	1943
2048	768	2303	1846	793	1948
2303	768	2303	2054	800	1951
2559	768	2303	2290	808	1955
2815	768	2303	2494	815	1958
3071	768	2303	2695	822	1963
3327	768	2303	2903	830	1966
3583	768	2303	3111	837	1969
3839	768	2303	3322	845	1973
4095	768	2303	3528	852	1977
0	1024	2303	204	965	1935
256	1024	2303	418	973	1937
512	1024	2303	631	980	1941
768	1024	2303	842	987	1945
1024	1024	2303	1053	995	1950
1280	1024	2303	1259	1002	1952
1536	1024	2303	1470	1009	1955
1792	1024	2303	1680	1016	1958
2048	1024	2303	1889	1023	1962
2303	1024	2303	2103	1031	1966
2559	1024	2303	2339	1037	1969
2815	1024	2303	2534	1045	1974
3071	1024	2303	2738	1052	1977
3327	1024	2303	2947	1058	1980
3583	1024	2303	3155	1066	1984
3839	1024	2303	3367	1073	1988
4095	1024	2303	3570	1081	1991
0	1280	2303	247	1191	1950
256	1280	2303	464	1198	1952
512	1280	2303	675	1205	1956
768	1280	2303	886	1213	1960
1024	1280	2303	1095	1219	1964
1280	1280	2303	1304	1227	1966
1536	1280	2303	1517	1235	1970
1792	1280	2303	1725	1242	1973
2048	1280	2303	1935	1250	1978
2303	1280	2303	2152	1258	1981
2559	1280	2303	2383	1266	1985
2815	1280	2303	2575	1273	1988
3071	1280	2303	2783	1281	1992
3327	1280	2303	2991	1289	1995
3583	1280	2303	3200	1295	1999
3839	1280	2303	3409	1303	2002
4095	1280	2303	3614	1312	2006
0	1536	2303	293	1427	1963
256	1536	2303	508	1434	1967
512	1536	2303	719	1442	1971
768	1536	2303	930	1450	1975
1024	1536	2303	1139	1458	1978
1280	1536	2303	1347	1464	1981
1536	1536	2303	1560	1471	1984
1792	1536	2303	1768	1479	1988
2048	1536	2303	1977	1487	1992
2303	1536	2303	2201	1494	1995
2559	1536	2303	2421	1501	1999
2815	1536	2303	2618	1510	2002
3071	1536	2303	2826	1517	2006
3327	1536	2303	3035	1524	2010
3583	1536	2303	3243	1531	2013
3839	1536	2303	3451	1538	2016
4095	1536	2303	3655	1546	2019
0	1792	2303	337	1661	1978
256	1792	2303	553	1669	1982
512	1792	2303	762	1675	1986
768	1792	2303	973	1683	1989
1024	1792	2303	1181	1691	1993
1280	1792	2303	1391	1699	1996
1536	1792	2303	1603	1706	1999
1792	1792	2303	1812	1714	2003
2048	1792	2303	2022	1722	2008
2303	1792	2303	2250	1727	2010
2559	1792	2303	2462	1735	2013
2815	1792	2303	2660	1743	2018
3071	1792	2303	2870	1751	2021
3327	1792	2303	3078	1757	2024
3583	1792	2303	3287	1764	2028
3839	1792	2303	3493	1771	2031
4095	1792	2303	3698	1778	2033
0	2048	2303	382	1892	1992
256	2048	2303	596	1899	1996
512	2048	2303	807	1907	2000
768	2048	2303	1016	1914	2003
1024	2048	2303	1224	1922	2007
1280	2048	2303	1435	1930	2011
1536	2048	2303	1646	1937	2013
1792	2048	2303	1854	1944	2019
2048	2048	2303	2065	1952	2021
2303	2048	2303	2300	1960	2024
2559	2048	2303	2502	1967	2027
2815	2048	2303	2703	1975	2031
3071	2048	2303	2912	1983	2034
3327	2048	2303	3122	1989	2039
3583	2048	2303	3332	1997	2042
3839	2048	2303	3536	2005	2045
4095	2048	2303	3741	2013	2049
0	2303	2303	427	2131	2006
256	2303	2303	640	2138	2010
512	2303	2303	850	2147	2013
768	2303	2303	1060	2155	2017
1024	2303	2303	1267	2162	2021
1280	2303	2303	1481	2170	2025
1536	2303	2303	1689	2178	2029
1792	2303	2303	1898	2186	2032
2048	2303	2303	2113	2193	2036
2303	2303	2303	2349	2201	2039
2559	2303	2303	2543	2209	2043
2815	2303	2303	2747	2216	2045
3071	2303	2303	2956	2223	2048
3327	2303	2303	3165	2231	2052
3583	2303	2303	3377	2239	2057
3839	2303	2303	3580	2246	2060
4095	2303	2303	3787	2253	2065
0	2559	2303	473	2371	2020
256	2559	2303	684	2379	2024
512	2559	2303	895	2386	2029
768	2559	2303	1104	2394	2032
1024	2559	2303	1313	2401	2035
1280	2559	2303	1525	2409	2040
1536	2559	2303	1734	2417	2044
1792	2559	2303	1942	2425	2047
2048	2559	2303	2163	2432	2050
2303	2559	2303	2390	2439	2055
2559	2559	2303	2582	2446	2058
2815	2559	2303	2790	2454	2061
3071	2559	2303	3000	2460	2066
3327	2559	2303	3210	2467	2069
3583	2559	2303	3419	2475	2072
3839	2559	2303	3624	2483	2077
4095	2559	2303	3831	2489	2080
0	2815	2303	517	2600	2036
256	2815	2303	728	2607	2039
512	2815	2303	938	2615	2043
768	2815	2303	1147	2622	2047
1024	2815	2303	1356	2629	2052
1280	2815	2303	1570	2637	2055
1536	2815	2303	1777	2644	2059
1792	2815	2303	1986	2652	2063
2048	2815	2303	2212	2659	2066
2303	2815	2303	2430	2666	2070
2559	2815	2303	2625	2672	2073
2815	2815	2303	2834	2680	2078
3071	2815	2303	3043	2687	2080
3327	2815	2303	3253	2693	2084
3583	2815	2303	3461	2700	2088
3839	2815	2303	3666	2708	2091
4095	2815	2303	3873	2715	2095
0	3071	2303	562	2830	2051
256	3071	2303	771	2837	2055
512	3071	2303	982	2845	2058
768	3071	2303	1189	2852	2062
1024	3071	2303	1400	2859	2066
1280	3071	2303	1612	2867	2069
1536	3071	2303	1821	2874	2074
1792	3071	2303	2028	2881	2077
2048	3071	2303	2261	2888	2081
2303	3071	2303	2470	2895	2085
2559	3071	2303	2669	2903	2090
2815	3071	2303	2878	2910	2093
3071	3071	2303	3087	2917	2096
3327	3071	2303	3297	2925	2099
3583	3071	2303	3504	2931	2103
3839	3071	2303	3710	2938	2106
4095	3071	2303	3915	2944	2110
0	3327	2303	605	3059	2065
256	3327	2303	815	3066	2069
512	3327	2303	1025	3073	2073
768	3327	2303	1233	3081	2076
1024	3327	2303	1444	3088	2081
1280	3327	2303	1655	3095	2084
1536	3327	2303	1863	3103	2088
1792	3327	2303	2073	3110	2092
2048	3327	2303	2311	3116	2096
2303	3327	2303	2511	3124	2101
2559	3327	2303	2713	3131	2104
2815	3327	2303	2922	3138	2108
3071	3327	2303	3130	3145	2112
3327	3327	2303	3341	3152	2115
3583	3327	2303	3546	3160	2117
3839	3327	2303	3752	3166	2122
4095	3327	2303	3956	3173	2125
0	3583	2303	649	3287	2080
256	3583	2303	859	3294	2085
512	3583	2303	1070	3300	2089
768	3583	2303	1275	3307	2092
1024	3583	2303	1489	3315	2095
1280	3583	2303	1698	3323	2099
1536	3583	2303	1907	3330	2103
1792	3583	2303	2123	3338	2107
2048	3583	2303	2358	3345	2112
2303	3583	2303	2551	3352	2116
2559	3583	2303	2757	3359	2119
2815	3583	2303	2965	3366	2123
3071	3583	2303	3175	3373	2127
3327	3583	2303	3385	3379	2130
3583	3583	2303	3590	3386	2134
3839	3583	2303	3796	3393	2137
4095	3583	2303	3996	3399	2140
0	3839	2303	692	3518	2096
256	3839	2303	903	3526	2100
512	3839	2303	1112	3533	2104
768	3839	2303	1320	3539	2107
1024	3839	2303	1532	3548	2111
1280	3839	2303	1741	3555	2114
1536	3839	2303	1950	3562	2118
1792	3839	2303	2172	3569	2123
2048	3839	2303	2398	3577	2127
2303	3839	2303	2592	3585	2130
2559	3839	2303	2799	3591	2135
2815	3839	2303	3009	3598	2137
3071	3839	2303	3217	3606	2141
3327	3839	2303	3426	3613	2146
3583	3839	2303	3630	3620	2149
3839	3839	2303	3840	3627	2152
4095	3839	2303	4038	3632	2155
0	4095	2303	735	3750	2111
256	4095	2303	945	3757	2115
512	4095	2303	1154	3764	2118
768	4095	2303	1363	3771	2122
1024	4095	2303	1575	3778	2126
1280	4095	2303	1783	3785	2129
1536	4095	2303	1994	3793	2134
1792	4095	2303	2221	3800	2137
2048	4095	2303	2438	3806	2141
2303	4095	2303	2634	3813	2145
2559	4095	2303	2843	3820	2149
2815	4095	2303	3050	3826	2153
3071	4095	2303	3261	3833	2157
3327	4095	2303	3469	3842	2160
3583	4095	2303	3675	3849	2164
3839	4095	2303	3880	3854	2168
4095	4095	2303	4079	3860	2171
0	0	2559	32	37	2087
256	0	2559	240	45	2090
512	0	2559	456	52	2093
768	0	2559	669	60	2096
1024	0	2559	880	68	2101
1280	0	2559	1089	75	2105
1536	0	2559	1297	82	2109
1792	0	2559	1510	90	2113
2048	0	2559	1718	98	2116
2303	0	2559	1926	105	2120
2559	0	2559	2143	112	2124
2815	0	2559	2376	120	2128
3071	0	2559	2567	129	2132
3327	0	2559	2774	135	2135
3583	0	2559	2982	143	2138
3839	0	2559	3192	151	2143
4095	0	2559	3402	158	2147
0	256	2559	74	272	2103
256	256	2559	285	280	2106
512	256	2559	502	288	2108
768	256	2559	712	295	2112
1024	256	2559	923	302	2116
1280	256	2559	1132	310	2120
1536	256	2559	1341	318	2124
1792	256	2559	1553	325	2128
2048	256	2559	1761	332	2131
2303	256	2559	1969	340	2135
2559	256	2559	2193	346	2139
2815	256	2559	2416	354	2143
3071	256	2559	2610	362	2147
3327	256	2559	2819	369	2150
3583	256	2559	3027	376	2153
3839	256	2559	3236	383	2157
4095	256	2559	3445	391	2162
0	512	2559	119	504	2117
256	512	2559	331	511	2120
512	512	2559	547	518	2124
768	512	2559	757	525	2127
1024	512	2559	967	533	2131
1280	512	2559	1176	540	2135
1536	512	2559	1385	548	2139
1792	512	2559	1598	556	2143
2048	512	2559	1806	563	2147
2303	512	2559	2015	571	2151
2559	512	2559	2243	578	2154
2815	512	2559	2457	585	2158
3071	512	2559	2654	593	2162
3327	512	2559	2863	600	2165
3583	512	2559	3071	608	2168
3839	512	2559	3281	614	2173
4095	512	2559	3487	622	2177
0	768	2559	162	737	2132
256	768	2559	376	745	2136
512	768	2559	590	751	2139
768	768	2559	800	759	2143
1024	768	2559	1011	767	2147
1280	768	2559	1218	774	2150
1536	768	2559	1430	782	2154
1792	768	2559	1640	789	2158
2048	768	2559	1849	797	2162
2303	768	2559	2057	804	2166
2559	768	2559	2293	812	2169
2815	768	2559	2497	820	2172
3071	768	2559	2698	827	2177
3327	768	2559	2906	834	2180
3583	768	2559	3115	841	2184
3839	768	2559	3324	849	2188
4095	768	2559	3530	856	2191
0	1024	2559	206	970	2148
256	1024	2559	420	977	2151
512	1024	2559	634	984	2155
768	1024	2559	844	991	2158
1024	1024	2559	1055	1000	2162
1280	1024	2559	1262	1006	2165
1536	1024	2559	1473	1013	2170
1792	1024	2559	1683	1020	2173
2048	1024	2559	1892	1027	2177
2303	1024	2559	2106	1035	2181
2559	1024	2559	2342	1042	2185
2815	1024	2559	2538	1049	2188
3071	1024	2559	2741	1057	2192
3327	1024	2559	2950	1063	2197
3583	1024	2559	3158	1070	2200
3839	1024	2559	3369	1078	2203
4095	1024	2559	3572	1086	2207
0	1280	2559	250	1195	2164
256	1280	2559	466	1202	2167
512	1280	2559	678	1210	2170
768	1280	2559	889	1217	2173
1024	1280	2559	1097	1223	2177
1280	1280	2559	1307	1231	2181
1536	1280	2559	1520	1239	2185
1792	1280	2559	1727	1246	2189
2048	1280	2559	1937	1255	2193
2303	1280	2559	2155	1263	2196
2559	1280	2559	2385	1270	2200
2815	1280	2559	2578	1277	2204
3071	1280	2559	2785	1285	2208
3327	1280	2559	2993	1293	2211
3583	1280	2559	3203	1300	2215
3839	1280	2559	3411	1308	2218
4095	1280	2559	3615	1315	2222
0	1536	2559	295	1432	2179
256	1536	2559	510	1439	2182
512	1536	2559	721	1447	2185
768	1536	2559	932	1454	2189
1024	1536	2559	1141	1462	2194
1280	1536	2559	1349	1469	2197
1536	1536	2559	1563	1477	2200
1792	1536	2559	1771	1484	2204
2048	1536	2559	1980	1491	2208
2303	1536	2559	2204	1499	2211
2559	1536	2559	2424	1506	2215
2815	1536	2559	2620	1515	2220
3071	1536	2559	2828	1521	2224
3327	1536	2559	3037	1529	2227
3583	1536	2559	3246	1537	2230
3839	1536	2559	3454	1543	2234
4095	1536	2559	3658	1550	2237
0	1792	2559	339	1666	2194
256	1792	2559	555	1673	2197
512	1792	2559	764	1681	2201
768	1792	2559	976	1688	2205
1024	1792	2559	1183	1696	2209
1280	1792	2559	1394	1704	2213
1536	1792	2559	1605	1711	2216
1792	1792	2559	1814	1718	2220
2048	1792	2559	2024	1726	2223
2303	1792	2559	2252	1732	2227
2559	1792	2559	2464	1740	2231
2815	1792	2559	2662	1748	2235
3071	1792	2559	2872	1755	2239
3327	1792	2559	3080	1762	2242
3583	1792	2559	3291	1769	2246
3839	1792	2559	3496	1777	2249
4095	1792	2559	3702	1783	2253
0	2048	2559	384	1897	2208
256	2048	2559	598	1904	2212
512	2048	2559	809	1912	2217
768	2048	2559	1019	1919	2221
1024	2048	2559	1227	1927	2225
1280	2048	2559	1438	1935	2228
1536	2048	2559	1649	1943	2232
1792	2048	2559	1857	1949	2235
2048	2048	2559	2067	1957	2238
2303	2048	2559	2302	1965	2242
2559	2048	2559	2504	1972	2245
2815	2048	2559	2706	1980	2249
3071	2048	2559	2915	1987	2253
3327	2048	2559	3124	1995	2258
3583	2048	2559	3336	2002	2262
3839	2048	2559	3539	2010	2265
4095	2048	2559	3745	2018	2269
0	2303	2559	429	2137	2223
256	2303	2559	642	2144	2227
512	2303	2559	852	2152	2232
768	2303	2559	1063	2160	2235
1024	2303	2559	1271	2167	2238
1280	2303	2559	1484	2175	2243
1536	2303	2559	1692	2183	2248
1792	2303	2559	1901	2191	2251
2048	2303	2559	2115	2198	2255
2303	2303	2559	2352	2207	2257
2559	2303	2559	2545	2214	2261
2815	2303	2559	2750	2221	2264
3071	2303	2559	2960	2228	2268
3327	2303	2559	3169	2236	2271
3583	2303	2559	3380	2244	2274
3839	2303	2559	3583	2250	2280
4095	2303	2559	3790	2257	2283
0	2559	2559	475	2376	2238
256	2559	2559	686	2383	2242
512	2559	2559	897	2390	2246
768	2559	2559	1106	2398	2251
1024	2559	2559	1315	2406	2254
1280	2559	2559	1528	2413	2258
1536	2559	2559	1736	2421	2262
1792	2559	2559	1944	2429	2267
2048	2559	2559	2165	2436	2270
2303	2559	2559	2391	2443	2273
2559	2559	2559	2585	2451	2275
2815	2559	2559	2794	2458	2279
3071	2559	2559	3002	2465	2282
3327	2559	2559	3213	2472	2286
3583	2559	2559	3422	2480	2290
3839	2559	2559	3627	2487	2294
4095	2559	2559	3833	2494	2297
0	2815	2559	520	2604	2254
256	2815	2559	730	2612	2257
512	2815	2559	940	2619	2261
768	2815	2559	1149	2626	2265
1024	2815	2559	1358	2634	2269
1280	2815	2559	1572	2642	2272
1536	2815	2559	1779	2649	2277
1792	2815	2559	1988	2656	2281
2048	2815	2559	2214	2663	2284
2303	2815	2559	2433	2670	2287
2559	2815	2559	2627	2677	2291
2815	2815	2559	2838	2684	2294
3071	2815	2559	3046	2691	2299
3327	2815	2559	3256	2698	2304
3583	2815	2559	3464	2705	2308
3839	2815	2559	3669	2713	2311
4095	2815	2559	3876	2719	2314
0	3071	2559	564	2834	2270
256	3071	2559	773	2842	2274
512	3071	2559	984	2849	2275
768	3071	2559	1192	2856	2279
1024	3071	2559	1402	2863	2284
1280	3071	2559	1613	2872	2290
1536	3071	2559	1823	2879	2293
1792	3071	2559	2032	2886	2296
2048	3071	2559	2264	2893	2300
2303	3071	2559	2472	2900	2304
2559	3071	2559	2672	2907	2307
2815	3071	2559	2880	2914	2311
3071	3071	2559	3090	2922	2317
3327	3071	2559	3300	2929	2320
3583	3071	2559	3506	2936	2323
3839	3071	2559	3713	2942	2326
4095	3071	2559	3917	2949	2329
0	3327	2559	607	3064	2284
256	3327	2559	817	3071	2287
512	3327	2559	1027	3079	2291
768	3327	2559	1235	3085	2295
1024	3327	2559	1446	3093	2300
1280	3327	2559	1657	3100	2305
1536	3327	2559	1866	3108	2308
1792	3327	2559	2076	3115	2312
2048	3327	2559	2314	3121	2315
2303	3327	2559	2514	3128	2319
2559	3327	2559	2715	3136	2323
2815	3327	2559	2924	3144	2327
3071	3327	2559	3133	3150	2332
3327	3327	2559	3345	3158	2335
3583	3327	2559	3549	3165	2338
3839	3327	2559	3755	3171	2341
4095	3327	2559	3958	3177	2343
0	3583	2559	651	3292	2300
256	3583	2559	861	3300	2304
512	3583	2559	1072	3306	2307
768	3583	2559	1277	3313	2312
1024	3583	2559	1492	3321	2315
1280	3583	2559	1701	3329	2319
1536	3583	2559	1910	3336	2322
1792	3583	2559	2125	3343	2326
2048	3583	2559	2362	3350	2330
2303	3583	2559	2554	3357	2334
2559	3583	2559	2759	3364	2338
2815	3583	2559	2967	3371	2342
3071	3583	2559	3177	3378	2346
3327	3583	2559	3388	3384	2350
3583	3583	2559	3593	3391	2353
3839	3583	2559	3799	3398	2355
4095	3583	2559	3999	3404	2359
0	3839	2559	694	3523	2315
256	3839	2559	906	3531	2319
512	3839	2559	1114	3539	2323
768	3839	2559	1322	3545	2327
1024	3839	2559	1535	3553	2331
1280	3839	2559	1744	3560	2334
1536	3839	2559	1953	3568	2337
1792	3839	2559	2176	3575	2341
2048	3839	2559	2401	3582	2345
2303	3839	2559	2595	3590	2350
2559	3839	2559	2801	3596	2353
2815	3839	2559	3011	3604	2356
3071	3839	2559	3220	3611	2360
3327	3839	2559	3430	3618	2364
3583	3839	2559	3634	3624	2368
3839	3839	2559	3843	3631	2372
4095	3839	2559	4040	3637	2374
0	4095	2559	738	3755	2329
256	4095	2559	948	3761	2334
512	4095	2559	1156	3769	2337
768	4095	2559	1365	3776	2341
1024	4095	2559	1579	3783	2345
1280	4095	2559	1785	3790	2348
1536	4095	2559	1997	3797	2352
1792	4095	2559	2224	3805	2355
2048	4095	2559	2441	3811	2360
2303	4095	2559	2637	3818	2364
2559	4095	2559	2846	3825	2367
2815	4095	2559	3054	3831	2371
3071	4095	2559	3264	3838	2375
3327	4095	2559	3471	3847	2378
3583	4095	2559	3677	3854	2382
3839	4095	2559	3883	3859	2386
4095	4095	2559	4082	3865	2389
0	0	2815	34	41	2309
256	0	2815	243	49	2309
512	0	2815	458	56	2313
768	0	2815	670	65	2316
1024	0	2815	881	72	2319
1280	0	2815	1091	79	2324
1536	0	2815	1299	86	2328
1792	0	2815	1512	94	2331
2048	0	2815	1720	102	2336
2303	0	2815	1929	109	2340
2559	0	2815	2146	116	2343
2815	0	2815	2378	124	2346
3071	0	2815	2569	133	2351
3327	0	2815	2776	139	2354
3583	0	2815	2985	147	2357
3839	0	2815	3195	155	2362
4095	0	2815	3404	161	2366
0	256	2815	78	277	2321
256	256	2815	287	285	2324
512	256	2815	503	292	2327
768	256	2815	714	299	2331
1024	256	2815	925	306	2335
1280	256	2815	1133	314	2339
1536	256	2815	1343	322	2344
1792	256	2815	1555	328	2346
2048	256	2815	1763	336	2350
2303	256	2815	1972	343	2354
2559	256	2815	2196	350	2357
2815	256	2815	2418	357	2362
3071	256	2815	2612	366	2365
3327	256	2815	2820	373	2369
3583	256	2815	3030	380	2372
3839	256	2815	3239	387	2376
4095	256	2815	3448	395	2380
0	512	2815	122	508	2335
256	512	2815	333	514	2339
512	512	2815	549	522	2342
768	512	2815	760	530	2345
1024	512	2815	970	536	2350
1280	512	2815	1179	544	2354
1536	512	2815	1388	552	2358
1792	512	2815	1601	560	2362
2048	512	2815	1809	567	2366
2303	512	2815	2018	575	2369
2559	512	2815	2245	582	2373
2815	512	2815	2459	589	2376
3071	512	2815	2656	597	2380
3327	512	2815	2866	604	2384
3583	512	2815	3074	612	2387
3839	512	2815	3284	618	2391
4095	512	2815	3490	626	2395
0	768	2815	165	741	2350
256	768	2815	378	749	2353
512	768	2815	592	755	2357
768	768	2815	803	762	2361
1024	768	2815	1014	771	2365
1280	768	2815	1220	778	2368
1536	768	2815	1432	786	2373
1792	768	2815	1643	793	2377
2048	768	2815	1852	801	2380
2303	768	2815	2060	808	2385
2559	768	2815	2295	816	2388
2815	768	2815	2500	824	2392
3071	768	2815	2701	831	2396
3327	768	2815	2909	838	2400
3583	768	2815	3118	845	2403
3839	768	2815	3329	852	2406
4095	768	2815	3533	860	2410
0	1024	2815	209	974	2366
256	1024	2815	423	981	2369
512	1024	2815	636	988	2373
768	1024	2815	846	995	2377
1024	1024	2815	1057	1003	2380
1280	1024	2815	1264	1011	2384
1536	1024	2815	1477	1017	2388
1792	1024	2815	1687	1024	2392
2048	1024	2815	1895	1031	2396
2303	1024	2815	2108	1039	2400
2559	1024	2815	2346	1046	2404
2815	1024	2815	2541	1054	2408
3071	1024	2815	2744	1061	2412
3327	1024	2815	2953	1067	2415
3583	1024	2815	3161	1074	2418
3839	1024	2815	3373	1082	2422
4095	1024	2815	3576	1090	2426
0	1280	2815	253	1199	2382
256	1280	2815	468	1206	2385
512	1280	2815	680	1213	2389
768	1280	2815	891	1221	2392
1024	1280	2815	1100	1227	2396
1280	1280	2815	1309	1235	2400
1536	1280	2815	1522	1243	2403
1792	1280	2815	1730	1250	2408
2048	1280	2815	1940	1259	2412
2303	1280	2815	2158	1266	2416
2559	1280	2815	2389	1274	2419
2815	1280	2815	2580	1282	2422
3071	1280	2815	2788	1290	2426
3327	1280	2815	2996	1297	2430
3583	1280	2815	3206	1304	2434
3839	1280	2815	3415	1312	2438
4095	1280	2815	3620	1319	2441
0	1536	2815	297	1436	2397
256	1536	2815	513	1443	2401
512	1536	2815	724	1450	2404
768	1536	2815	934	1458	2407
1024	1536	2815	1143	1466	2412
1280	1536	2815	1352	1473	2416
1536	1536	2815	1566	1481	2419
1792	1536	2815	1774	1489	2423
2048	1536	2815	1983	1496	2427
2303	1536	2815	2207	1503	2431
2559	1536	2815	2427	1511	2434
2815	1536	2815	2622	1519	2437
3071	1536	2815	2832	1525	2441
3327	1536	2815	3040	1533	2446
3583	1536	2815	3249	1541	2449
3839	1536	2815	3458	1547	2453
4095	1536	2815	3662	1555	2456
0	1792	2815	342	1670	2412
256	1792	2815	558	1678	2416
512	1792	2815	767	1684	2419
768	1792	2815	978	1692	2423
1024	1792	2815	1186	1700	2427
1280	1792	2815	1397	1708	2432
1536	1792	2815	1608	1715	2435
1792	1792	2815	1817	1722	2438
2048	1792	2815	2027	1730	2441
2303	1792	2815	2255	1736	2445
2559	1792	2815	2467	1744	2448
2815	1792	2815	2665	1752	2452
3071	1792	2815	2875	1759	2457
3327	1792	2815	3082	1766	2461
3583	1792	2815	3293	1773	2465
3839	1792	2815	3500	1780	2468
4095	1792	2815	3705	1787	2471
0	2048	2815	387	1901	2427
256	2048	2815	601	1909	2431
512	2048	2815	811	1916	2435
768	2048	2815	1022	1923	2438
1024	2048	2815	1230	1931	2443
1280	2048	2815	1441	1939	2447
1536	2048	2815	1652	1947	2450
1792	2048	2815	1860	1953	2454
2048	2048	2815	2070	1961	2456
2303	2048	2815	2307	1969	2460
2559	2048	2815	2508	1976	2463
2815	2048	2815	2709	1984	2468
3071	2048	2815	2918	1991	2472
3327	2048	2815	3127	1999	2475
3583	2048	2815	3338	2006	2479
3839	2048	2815	3543	2014	2483
4095	2048	2815	3748	2022	2486
0	2303	2815	432	2141	2442
256	2303	2815	645	2148	2445
512	2303	2815	855	2156	2449
768	2303	2815	1065	2164	2453
1024	2303	2815	1273	2171	2458
1280	2303	2815	1487	2179	2461
1536	2303	2815	1695	2188	2465
1792	2303	2815	1905	2196	2469
2048	2303	2815	2120	2203	2472
2303	2303	2815	2356	2210	2475
2559	2303	2815	2548	2219	2480
2815	2303	2815	2752	2226	2482
3071	2303	2815	2962	2233	2486
3327	2303	2815	3172	2240	2491
3583	2303	2815	3383	2248	2494
3839	2303	2815	3585	2255	2498
4095	2303	2815	3793	2263	2500
0	2559	2815	478	2380	2457
256	2559	2815	689	2388	2460
512	2559	2815	900	2395	2464
768	2559	2815	1109	2403	2469
1024	2559	2815	1318	2410	2473
1280	2559	2815	1530	2418	2477
1536	2559	2815	1740	2425	2480
1792	2559	2815	1948	2433	2484
2048	2559	2815	2170	2441	2488
2303	2559	2815	2397	2448	2492
2559	2559	2815	2588	2456	2494
2815	2559	2815	2796	2463	2497
3071	2559	2815	3005	2470	2502
3327	2559	2815	3216	2477	2505
3583	2559	2815	3424	2484	2508
3839	2559	2815	3628	2492	2512
4095	2559	2815	3835	2498	2516
0	2815	2815	522	2609	2472
256	2815	2815	733	2616	2476
512	2815	2815	944	2624	2480
768	2815	2815	1152	2630	2483
1024	2815	2815	1361	2638	2487
1280	2815	2815	1574	2646	2491
1536	2815	2815	1782	2652	2495
1792	2815	2815	1993	2660	2498
2048	2815	2815	2219	2667	2503
2303	2815	2815	2437	2675	2506
2559	2815	2815	2631	2681	2509
2815	2815	2815	2841	2687	2513
3071	2815	2815	3049	2695	2517
3327	2815	2815	3259	2702	2520
3583	2815	2815	3466	2709	2523
3839	2815	2815	3671	2717	2527
4095	2815	2815	3879	2724	2530
0	3071	2815	567	2838	2487
256	3071	2815	777	2846	2491
512	3071	2815	987	2853	2495
768	3071	2815	1195	2860	2499
1024	3071	2815	1406	2867	2502
1280	3071	2815	1617	2875	2507
1536	3071	2815	1826	2882	2510
1792	3071	2815	2035	2889	2514
2048	3071	2815	2268	2896	2517
2303	3071	2815	2476	2904	2520
2559	3071	2815	2675	2911	2524
2815	3071	2815	2884	2919	2528
3071	3071	2815	3092	2926	2532
3327	3071	2815	3304	2933	2535
3583	3071	2815	3509	2939	2539
3839	3071	2815	3715	2946	2542
4095	3071	2815	3920	2953	2545
0	3327	2815	610	3068	2502
256	3327	2815	820	3075	2506
512	3327	2815	1030	3082	2510
768	3327	2815	1238	3089	2513
1024	3327	2815	1450	3097	2516
1280	3327	2815	1661	3104	2520
1536	3327	2815	1869	3111	2525
1792	3327	2815	2080	3118	2529
2048	3327	2815	2318	3125	2532
2303	3327	2815	2517	3132	2535
2559	3327	2815	2719	3140	2539
2815	3327	2815	2928	3148	2542
3071	3327	2815	3135	3154	2546
3327	3327	2815	3349	3161	2551
3583	3327	2815	3553	3168	2553
3839	3327	2815	3758	3175	2557
4095	3327	2815	3961	3181	2559
0	3583	2815	653	3296	2517
256	3583	2815	864	3304	2521
512	3583	2815	1074	3310	2524
768	3583	2815	1281	3317	2527
1024	3583	2815	1495	3325	2531
1280	3583	2815	1704	3333	2535
1536	3583	2815	1914	3339	2539
1792	3583	2815	2130	3347	2542
2048	3583	2815	2366	3354	2546
2303	3583	2815	2557	3360	2549
2559	3583	2815	2762	3367	2552
2815	3583	2815	2970	3374	2556
3071	3583	2815	3180	3382	2561
3327	3583	2815	3391	3388	2565
3583	3583	2815	3595	3395	2568
3839	3583	2815	3803	3403	2570
4095	3583	2815	4002	3409	2573
0	3839	2815	697	3527	2530
256	3839	2815	908	3535	2534
512	3839	2815	1116	3542	2538
768	3839	2815	1325	3548	2541
1024	3839	2815	1538	3556	2546
1280	3839	2815	1747	3564	2549
1536	3839	2815	1957	3572	2553
1792	3839	2815	2179	3578	2556
2048	3839	2815	2404	3586	2560
2303	3839	2815	2598	3593	2563
2559	3839	2815	2804	3600	2566
2815	3839	2815	3014	3607	2570
3071	3839	2815	3223	3614	2574
3327	3839	2815	3433	3621	2578
3583	3839	2815	3637	3628	2582
3839	3839	2815	3845	3635	2585
4095	3839	2815	4043	3641	2587
0	4095	2815	741	3758	2544
256	4095	2815	950	3765	2548
512	4095	2815	1159	3772	2551
768	4095	2815	1368	3780	2556
1024	4095	2815	1581	3787	2560
1280	4095	2815	1789	3793	2563
1536	4095	2815	1999	3801	2567
1792	4095	2815	2226	3808	2570
2048	4095	2815	2444	3815	2573
2303	4095	2815	2640	3822	2577
2559	4095	2815	2848	3829	2581
2815	4095	2815	3056	3835	2585
3071	4095	2815	3267	3843	2588
3327	4095	2815	3474	3850	2592
3583	4095	2815	3680	3857	2596
3839	4095	2815	3886	3863	2599
4095	4095	2815	4084	3869	2603
0	0	3071	38	45	2522
256	0	3071	246	53	2525
512	0	3071	461	60	2529
768	0	3071	674	67	2533
1024	0	3071	884	75	2537
1280	0	3071	1094	83	2541
1536	0	3071	1302	90	2544
1792	0	3071	1515	97	2547
2048	0	3071	1723	105	2552
2303	0	3071	1932	112	2556
2559	0	3071	2148	120	2559
2815	0	3071	2380	128	2562
3071	0	3071	2572	136	2565
3327	0	3071	2779	143	2569
3583	0	3071	2988	151	2573
3839	0	3071	3198	158	2577
4095	0	3071	3407	165	2580
0	256	3071	81	280	2538
256	256	3071	290	287	2540
512	256	3071	506	295	2543
768	256	3071	716	302	2547
1024	256	3071	928	310	2551
1280	256	3071	1136	317	2554
1536	256	3071	1347	325	2559
1792	256	3071	1558	331	2563
2048	256	3071	1766	339	2566
2303	256	3071	1975	347	2570
2559	256	3071	2199	353	2573
2815	256	3071	2421	361	2576
3071	256	3071	2615	369	2579
3327	256	3071	2824	377	2584
3583	256	3071	3033	383	2587
3839	256	3071	3242	391	2591
4095	256	3071	3451	399	2594
0	512	3071	124	511	2551
256	512	3071	335	517	2554
512	512	3071	552	525	2558
768	512	3071	762	533	2561
1024	512	3071	973	540	2565
1280	512	3071	1182	548	2569
1536	512	3071	1391	556	2573
1792	512	3071	1603	563	2578
2048	512	3071	1811	570	2581
2303	512	3071	2020	578	2584
2559	512	3071	2248	585	2587
2815	512	3071	2462	592	2590
3071	512	3071	2659	600	2595
3327	512	3071	2869	608	2598
3583	512	3071	3077	615	2602
3839	512	3071	3287	622	2606
4095	512	3071	3494	630	2609
0	768	3071	168	744	2566
256	768	3071	381	752	2568
512	768	3071	595	759	2572
768	768	3071	807	766	2576
1024	768	3071	1017	775	2580
1280	768	3071	1224	782	2584
1536	768	3071	1435	790	2588
1792	768	3071	1646	798	2592
2048	768	3071	1856	806	2595
2303	768	3071	2064	812	2598
2559	768	3071	2298	820	2602
2815	768	3071	2503	828	2607
3071	768	3071	2704	835	2610
3327	768	3071	2912	842	2614
3583	768	3071	3121	849	2617
3839	768	3071	3333	856	2621
4095	768	3071	3537	863	2624
0	1024	3071	212	977	2581
256	1024	3071	426	985	2584
512	1024	3071	639	992	2587
768	1024	3071	849	999	2591
1024	1024	3071	1059	1006	2596
1280	1024	3071	1267	1014	2599
1536	1024	3071	1480	1020	2603
1792	1024	3071	1690	1028	2606
2048	1024	3071	1898	1035	2609
2303	1024	3071	2112	1043	2613
2559	1024	3071	2349	1049	2618
2815	1024	3071	2544	1057	2621
3071	1024	3071	2747	1065	2625
3327	1024	3071	2956	1071	2628
3583	1024	3071	3164	1078	2631
3839	1024	3071	3377	1085	2635
4095	1024	3071	3579	1093	2639
0	1280	3071	257	1202	2596
256	1280	3071	472	1210	2599
512	1280	3071	682	1217	2602
768	1280	3071	893	1224	2607
1024	1280	3071	1102	1231	2611
1280	1280	3071	1311	1239	2614
1536	1280	3071	1525	1247	2617
1792	1280	3071	1733	1254	2621
2048	1280	3071	1943	1262	2624
2303	1280	3071	2161	1270	2629
2559	1280	3071	2392	1277	2633
2815	1280	3071	2584	1285	2636
3071	1280	3071	2791	1293	2639
3327	1280	3071	3000	1301	2642
3583	1280	3071	3210	1307	2645
3839	1280	3071	3419	1315	2649
4095	1280	3071	3623	1323	2654
0	1536	3071	301	1440	2610
256	1536	3071	516	1446	2613
512	1536	3071	726	1453	2617
768	1536	3071	937	1462	2621
1024	1536	3071	1146	1470	2625
1280	1536	3071	1355	1477	2629
1536	1536	3071	1569	1485	2632
1792	1536	3071	1776	1493	2636
2048	1536	3071	1987	1500	2640
2303	1536	3071	2210	1508	2644
2559	1536	3071	2430	1515	2646
2815	1536	3071	2626	1523	2650
3071	1536	3071	2835	1529	2653
3327	1536	3071	3043	1537	2657
3583	1536	3071	3252	1544	2660
3839	1536	3071	3461	1551	2665
4095	1536	3071	3665	1559	2668
0	1792	3071	344	1674	2624
256	1792	3071	561	1682	2628
512	1792	3071	771	1688	2632
768	1792	3071	981	1696	2636
1024	1792	3071	1189	1704	2640
1280	1792	3071	1400	1712	2643
1536	1792	3071	1611	1719	2647
1792	1792	3071	1820	1726	2651
2048	1792	3071	2030	1734	2654
2303	1792	3071	2258	1740	2657
2559	1792	3071	2470	1748	2661
2815	1792	3071	2668	1756	2664
3071	1792	3071	2878	1763	2668
3327	1792	3071	3086	1770	2671
3583	1792	3071	3296	1777	2676
3839	1792	3071	3503	1785	2679
4095	1792	3071	3709	1791	2682
0	2048	3071	390	1905	2640
256	2048	3071	603	1912	2643
512	2048	3071	814	1920	2647
768	2048	3071	1024	1927	2650
1024	2048	3071	1232	1935	2654
1280	2048	3071	1444	1943	2658
1536	2048	3071	1655	1951	2663
1792	2048	3071	1863	1958	2666
2048	2048	3071	2074	1965	2669
2303	2048	3071	2310	1973	2672
2559	2048	3071	2510	1980	2675
2815	2048	3071	2713	1988	2679
3071	2048	3071	2921	1996	2682
3327	2048	3071	3131	2004	2687
3583	2048	3071	3341	2011	2690
3839	2048	3071	3546	2018	2694
4095	2048	3071	3751	2026	2697
0	2303	3071	435	2145	2654
256	2303	3071	648	2152	2657
512	2303	3071	858	2160	2661
768	2303	3071	1068	2169	2665
1024	2303	3071	1276	2176	2669
1280	2303	3071	1489	2184	2672
1536	2303	3071	1698	2192	2677
1792	2303	3071	1908	2201	2680
2048	2303	3071	2124	2208	2684
2303	2303	3071	2360	2216	2687
2559	2303	3071	2552	2224	2689
2815	2303	3071	2756	2230	2693
3071	2303	3071	2966	2238	2698
3327	2303	3071	3175	2245	2701
3583	2303	3071	3385	2252	2705
3839	2303	3071	3589	2259	2708
4095	2303	3071	3795	2267	2711
0	2559	3071	481	2384	2668
256	2559	3071	692	2392	2672
512	2559	3071	903	2399	2675
768	2559	3071	1112	2407	2679
1024	2559	3071	1322	2415	2683
1280	2559	3071	1533	2422	2688
1536	2559	3071	1743	2429	2691
1792	2559	3071	1953	2437	2694
2048	2559	3071	2174	2445	2698
2303	2559	3071	2400	2452	2702
2559	2559	3071	2592	2459	2704
2815	2559	3071	2800	2467	2708
3071	2559	3071	3009	2473	2712
3327	2559	3071	3219	2481	2716
3583	2559	3071	3427	2488	2719
3839	2559	3071	3632	2496	2722
4095	2559	3071	3840	2502	2726
0	2815	3071	525	2613	2683
256	2815	3071	736	2621	2686
512	2815	3071	946	2628	2690
768	2815	3071	1155	2635	2694
1024	2815	3071	1365	2642	2698
1280	2815	3071	1577	2650	2702
1536	2815	3071	1785	2657	2705
1792	2815	3071	1996	2664	2709
2048	2815	3071	2222	2671	2712
2303	2815	3071	2439	2678	2716
2559	2815	3071	2634	2684	2720
2815	2815	3071	2845	2691	2722
3071	2815	3071	3052	2699	2726
3327	2815	3071	3262	2706	2729
3583	2815	3071	3470	2713	2733
3839	2815	3071	3674	2721	2736
4095	2815	3071	3881	2728	2739
0	3071	3071	569	2842	2697
256	3071	3071	779	2849	2701
512	3071	3071	989	2857	2704
768	3071	3071	1197	2865	2709
1024	3071	3071	1409	2871	2713
1280	3071	3071	1620	2879	2716
1536	3071	3071	1830	2887	2720
1792	3071	3071	2038	2893	2723
2048	3071	3071	2271	2900	2727
2303	3071	3071	2478	2908	2730
2559	3071	3071	2678	2915	2735
2815	3071	3071	2887	2922	2737
3071	3071	3071	3095	2930	2742
3327	3071	3071	3306	2937	2744
3583	3071	3071	3512	2943	2748
3839	3071	3071	3718	2950	2751
4095	3071	3071	3922	2957	2755
0	3327	3071	612	3072	2712
256	3327	3071	823	3078	2715
512	3327	3071	1032	3086	2719
768	3327	3071	1240	3093	2723
1024	3327	3071	1453	3101	2727
1280	3327	3071	1664	3108	2731
1536	3327	3071	1873	3114	2734
1792	3327	3071	2084	3122	2737
2048	3327	3071	2320	3129	2742
2303	3327	3071	2519	3136	2745
2559	3327	3071	2721	3144	2748
2815	3327	3071	2931	3151	2752
3071	3327	3071	3138	3158	2755
3327	3327	3071	3351	3164	2760
3583	3327	3071	3555	3173	2761
3839	3327	3071	3761	3178	2766
4095	3327	3071	3964	3184	2769
0	3583	3071	656	3299	2726
256	3583	3071	866	3307	2730
512	3583	3071	1076	3313	2734
768	3583	3071	1284	3320	2738
1024	3583	3071	1498	3329	2740
1280	3583	3071	1708	3337	2744
1536	3583	3071	1918	3343	2748
1792	3583	3071	2133	3351	2752
2048	3583	3071	2368	3358	2756
2303	3583	3071	2559	3364	2760
2559	3583	3071	2765	3371	2763
2815	3583	3071	2973	3378	2766
3071	3583	3071	3183	3385	2769
3327	3583	3071	3393	3391	2773
3583	3583	3071	3598	3399	2777
3839	3583	3071	3805	3406	2780
4095	3583	3071	4005	3412	2783
0	3839	3071	699	3531	2739
256	3839	3071	910	3538	2742
512	3839	3071	1118	3545	2746
768	3839	3071	1328	3551	2751
1024	3839	3071	1542	3560	2754
1280	3839	3071	1751	3568	2758
1536	3839	3071	1960	3575	2763
1792	3839	3071	2182	3582	2767
2048	3839	3071	2408	3590	2770
2303	3839	3071	2602	3597	2773
2559	3839	3071	2807	3604	2777
2815	3839	3071	3017	3611	2779
3071	3839	3071	3226	3618	2783
3327	3839	3071	3435	3625	2788
3583	3839	3071	3640	3632	2792
3839	3839	3071	3848	3639	2795
4095	3839	3071	4047	3645	2797
0	4095	3071	742	3763	2753
256	4095	3071	952	3769	2757
512	4095	3071	1161	3776	2760
768	4095	3071	1371	3783	2764
1024	4095	3071	1585	3790	2768
1280	4095	3071	1793	3797	2773
1536	4095	3071	2003	3804	2777
1792	4095	3071	2230	3812	2781
2048	4095	3071	2448	3819	2784
2303	4095	3071	2643	3826	2787
2559	4095	3071	2851	3833	2790
2815	4095	3071	3060	3840	2794
3071	4095	3071	3271	3846	2798
3327	4095	3071	3477	3854	2802
3583	4095	3071	3683	3861	2805
3839	4095	3071	3889	3866	2809
4095	4095	3071	4087	3872	2812
0	0	3327	41	49	2732
256	0	3327	249	57	2736
512	0	3327	463	64	2739
768	0	3327	676	71	2743
1024	0	3327	887	79	2748
1280	0	3327	1096	87	2753
1536	0	3327	1304	93	2753
1792	0	3327	1518	101	2757
2048	0	3327	1726	109	2761
2303	0	3327	1935	116	2764
2559	0	3327	2153	124	2769
2815	0	3327	2384	132	2773
3071	0	3327	2575	140	2775
3327	0	3327	2782	147	2779
3583	0	3327	2991	154	2783
3839	0	3327	3201	162	2786
4095	0	3327	3410	168	2791
0	256	3327	83	283	2747
256	256	3327	292	291	2749
512	256	3327	508	299	2753
768	256	3327	719	306	2756
1024	256	3327	931	314	2760
1280	256	3327	1140	321	2763
1536	256	3327	1349	328	2766
1792	256	3327	1561	335	2771
2048	256	3327	1769	343	2775
2303	256	3327	1979	350	2779
2559	256	3327	2203	357	2783
2815	256	3327	2425	364	2786
3071	256	3327	2619	373	2790
3327	256	3327	2828	380	2794
3583	256	3327	3036	387	2797
3839	256	3327	3246	394	2801
4095	256	3327	3455	402	2805
0	512	3327	128	515	2760
256	512	3327	338	522	2765
512	512	3327	554	529	2768
768	512	3327	765	537	2771
1024	512	3327	975	544	2774
1280	512	3327	1184	551	2778
1536	512	3327	1393	559	2781
1792	512	3327	1605	567	2785
2048	512	3327	1814	574	2790
2303	512	3327	2023	581	2793
2559	512	3327	2251	589	2797
2815	512	3327	2465	596	2801
3071	512	3327	2663	604	2804
3327	512	3327	2872	612	2808
3583	512	3327	3080	619	2812
3839	512	3327	3291	626	2817
4095	512	3327	3497	634	2820
0	768	3327	171	747	2775
256	768	3327	384	755	2779
512	768	3327	597	762	2782
768	768	3327	809	771	2786
1024	768	3327	1020	779	2790
1280	768	3327	1227	786	2793
1536	768	3327	1439	793	2797
1792	768	3327	1649	801	2802
2048	768	3327	1859	809	2805
2303	768	3327	2068	816	2808
2559	768	3327	2301	823	2812
2815	768	3327	2505	831	2817
3071	768	3327	2706	838	2820
3327	768	3327	2915	845	2825
3583	768	3327	3125	853	2828
3839	768	3327	3336	860	2832
4095	768	3327	3541	867	2835
0	1024	3327	215	980	2790
256	1024	3327	428	988	2794
512	1024	3327	642	996	2797
768	1024	3327	852	1003	2801
1024	1024	3327	1063	1010	2805
1280	1024	3327	1270	1017	2807
1536	1024	3327	1482	1024	2813
1792	1024	3327	1693	1031	2817
2048	1024	3327	1902	1039	2820
2303	1024	3327	2116	1047	2825
2559	1024	3327	2352	1053	2828
2815	1024	3327	2547	1061	2832
3071	1024	3327	2750	1068	2836
3327	1024	3327	2960	1075	2839
3583	1024	3327	3168	1082	2843
3839	1024	3327	3381	1089	2846
4095	1024	3327	3583	1096	2850
0	1280	3327	260	1208	2805
256	1280	3327	475	1214	2808
512	1280	3327	686	1220	2812
768	1280	3327	897	1228	2817
1024	1280	3327	1105	1235	2821
1280	1280	3327	1314	1242	2824
1536	1280	3327	1527	1250	2828
1792	1280	3327	1736	1258	2832
2048	1280	3327	1947	1266	2836
2303	1280	3327	2165	1273	2840
2559	1280	3327	2395	1282	2843
2815	1280	3327	2587	1289	2847
3071	1280	3327	2795	1297	2850
3327	1280	3327	3003	1304	2853
3583	1280	3327	3213	1311	2857
3839	1280	3327	3422	1319	2861
4095	1280	3327	3626	1327	2864
0	1536	3327	303	1444	2821
256	1536	3327	519	1449	2824
512	1536	3327	730	1457	2828
768	1536	3327	940	1465	2832
1024	1536	3327	1149	1474	2836
1280	1536	3327	1358	1481	2840
1536	1536	3327	1571	1489	2843
1792	1536	3327	1779	1496	2847
2048	1536	3327	1990	1504	2851
2303	1536	3327	2214	1511	2854
2559	1536	3327	2434	1519	2858
2815	1536	3327	2630	1526	2861
3071	1536	3327	2838	1532	2865
3327	1536	3327	3046	1540	2868
3583	1536	3327	3256	1548	2871
3839	1536	3327	3464	1555	2875
4095	1536	3327	3668	1563	2879
0	1792	3327	347	1678	2835
256	1792	3327	563	1685	2839
512	1792	3327	773	1692	2843
768	1792	3327	984	1700	2847
1024	1792	3327	1191	1707	2851
1280	1792	3327	1403	1715	2855
1536	1792	3327	1614	1722	2858
1792	1792	3327	1823	1730	2862
2048	1792	3327	2035	1738	2865
2303	1792	3327	2262	1744	2869
2559	1792	3327	2474	1752	2873
2815	1792	3327	2672	1760	2876
3071	1792	3327	2882	1767	2879
3327	1792	3327	3089	1774	2883
3583	1792	3327	3300	1781	2886
3839	1792	3327	3506	1788	2890
4095	1792	3327	3712	1796	2894
0	2048	3327	392	1909	2850
256	2048	3327	606	1916	2854
512	2048	3327	817	1924	2858
768	2048	3327	1027	1931	2862
1024	2048	3327	1235	1939	2865
1280	2048	3327	1446	1947	2870
1536	2048	3327	1658	1954	2873
1792	2048	3327	1867	1961	2877
2048	2048	3327	2078	1968	2881
2303	2048	3327	2313	1976	2884
2559	2048	3327	2513	1984	2887
2815	2048	3327	2716	1992	2891
3071	2048	3327	2925	2000	2894
3327	2048	3327	3134	2008	2898
3583	2048	3327	3344	2014	2901
3839	2048	3327	3549	2022	2905
4095	2048	3327	3754	2030	2908
0	2303	3327	438	2149	2864
256	2303	3327	651	2156	2869
512	2303	3327	862	2164	2872
768	2303	3327	1071	2172	2876
1024	2303	3327	1279	2180	2880
1280	2303	3327	1492	2188	2884
1536	2303	3327	1701	2196	2888
1792	2303	3327	1912	2204	2892
2048	2303	3327	2127	2212	2895
2303	2303	3327	2362	2220	2898
2559	2303	3327	2555	2227	2902
2815	2303	3327	2760	2234	2905
3071	2303	3327	2969	2241	2909
3327	2303	3327	3178	2248	2912
3583	2303	3327	3389	2256	2917
3839	2303	3327	3592	2263	2920
4095	2303	3327	3799	2271	2923
0	2559	3327	484	2388	2880
256	2559	3327	695	2396	2883
512	2559	3327	906	2403	2887
768	2559	3327	1115	2410	2891
1024	2559	3327	1324	2418	2895
1280	2559	3327	1537	2425	2898
1536	2559	3327	1745	2433	2902
1792	2559	3327	1956	2441	2907
2048	2559	3327	2177	2448	2910
2303	2559	3327	2402	2455	2913
2559	2559	3327	2595	2463	2916
2815	2559	3327	2803	2470	2919
3071	2559	3327	3012	2476	2923
3327	2559	3327	3223	2484	2928
3583	2559	3327	3432	2492	2931
3839	2559	3327	3635	2499	2934
4095	2559	3327	3843	2505	2938
0	2815	3327	528	2617	2895
256	2815	3327	738	2625	2898
512	2815	3327	948	2632	2901
768	2815	3327	1158	2638	2905
1024	2815	3327	1368	2646	2910
1280	2815	3327	1580	2653	2913
1536	2815	3327	1788	2661	2917
1792	2815	3327	1999	2668	2921
2048	2815	3327	2225	2674	2925
2303	2815	3327	2442	2681	2928
2559	2815	3327	2637	2688	2931
2815	2815	3327	2846	2695	2933
3071	2815	3327	3055	2703	2938
3327	2815	3327	3265	2710	2941
3583	2815	3327	3474	2717	2946
3839	2815	3327	3678	2724	2949
4095	2815	3327	3884	2731	2952
0	3071	3327	572	2846	2909
256	3071	3327	781	2853	2912
512	3071	3327	992	2860	2916
768	3071	3327	1200	2868	2920
1024	3071	3327	1412	2875	2924
1280	3071	3327	1623	2883	2929
1536	3071	3327	1833	2890	2932
1792	3071	3327	2042	2897	2935
2048	3071	3327	2273	2904	2939
2303	3071	3327	2481	2912	2942
2559	3071	3327	2681	2919	2945
2815	3071	3327	2889	2926	2950
3071	3071	3327	3097	2932	2953
3327	3071	3327	3310	2939	2957
3583	3071	3327	3515	2947	2960
3839	3071	3327	3721	2953	2964
4095	3071	3327	3925	2960	2967
0	3327	3327	615	3075	2923
256	3327	3327	826	3082	2926
512	3327	3327	1035	3089	2930
768	3327	3327	1243	3097	2934
1024	3327	3327	1455	3104	2940
1280	3327	3327	1667	3111	2943
1536	3327	3327	1876	3118	2946
1792	3327	3327	2087	3126	2949
2048	3327	3327	2323	3132	2953
2303	3327	3327	2522	3140	2957
2559	3327	3327	2724	3147	2962
2815	3327	3327	2934	3155	2965
3071	3327	3327	3141	3161	2968
3327	3327	3327	3353	3168	2971
3583	3327	3327	3558	3176	2972
3839	3327	3327	3764	3181	2975
4095	3327	3327	3966	3187	2979
0	3583	3327	659	3303	2938
256	3583	3327	869	3310	2942
512	3583	3327	1080	3317	2946
768	3583	3327	1288	3324	2950
1024	3583	3327	1500	3333	2954
1280	3583	3327	1710	3340	2958
1536	3583	3327	1921	3347	2961
1792	3583	3327	2137	3354	2964
2048	3583	3327	2371	3361	2967
2303	3583	3327	2563	3368	2971
2559	3583	3327	2769	3375	2974
2815	3583	3327	2977	3382	2977
3071	3583	3327	3187	3389	2980
3327	3583	3327	3396	3395	2984
3583	3583	3327	3600	3402	2987
3839	3583	3327	3808	3409	2990
4095	3583	3327	4008	3415	2994
0	3839	3327	702	3534	2952
256	3839	3327	913	3541	2956
512	3839	3327	1122	3549	2960
768	3839	3327	1331	3556	2964
1024	3839	3327	1544	3564	2968
1280	3839	3327	1753	3571	2970
1536	3839	3327	1963	3579	2974
1792	3839	3327	2186	3586	2978
2048	3839	3327	2412	3593	2982
2303	3839	3327	2603	3601	2984
2559	3839	3327	2812	3608	2988
2815	3839	3327	3021	3614	2991
3071	3839	3327	3229	3621	2994
3327	3839	3327	3438	3629	2997
3583	3839	3327	3643	3636	3001
3839	3839	3327	3852	3643	3006
4095	3839	3327	4050	3649	3007
0	4095	3327	745	3766	2966
256	4095	3327	956	3772	2970
512	4095	3327	1165	3780	2973
768	4095	3327	1374	3787	2976
1024	4095	3327	1587	3793	2979
1280	4095	3327	1795	3800	2983
1536	4095	3327	2006	3808	2986
1792	4095	3327	2234	3815	2991
2048	4095	3327	2450	3822	2995
2303	4095	3327	2645	3829	2998
2559	4095	3327	2855	3836	3001
2815	4095	3327	3063	3843	3003
3071	4095	3327	3273	3850	3008
3327	4095	3327	3479	3858	3011
3583	4095	3327	3685	3865	3014
3839	4095	3327	3891	3869	3018
4095	4095	3327	4088	3875	3022
0	0	3583	43	52	2945
256	0	3583	251	60	2948
512	0	3583	466	67	2952
768	0	3583	679	75	2956
1024	0	3583	889	82	2959
1280	0	3583	1100	90	2964
1536	0	3583	1307	97	2968
1792	0	3583	1520	105	2971
2048	0	3583	1729	113	2975
2303	0	3583	1939	120	2978
2559	0	3583	2156	128	2982
2815	0	3583	2387	135	2984
3071	0	3583	2579	143	2988
3327	0	3583	2786	150	2991
3583	0	3583	2994	158	2994
3839	0	3583	3203	166	2997
4095	0	3583	3413	172	3001
0	256	3583	87	287	2960
256	256	3583	295	295	2962
512	256	3583	512	302	2965
768	256	3583	722	309	2969
1024	256	3583	934	316	2975
1280	256	3583	1143	324	2977
1536	256	3583	1353	332	2981
1792	256	3583	1565	339	2983
2048	256	3583	1773	346	2987
2303	256	3583	1982	354	2991
2559	256	3583	2206	360	2994
2815	256	3583	2427	368	2998
3071	256	3583	2622	376	3001
3327	256	3583	2831	384	3005
3583	256	3583	3039	390	3007
3839	256	3583	3248	398	3011
4095	256	3583	3457	406	3014
0	512	3583	131	518	2975
256	512	3583	342	525	2977
512	512	3583	557	533	2980
768	512	3583	767	540	2983
1024	512	3583	978	547	2987
1280	512	3583	1187	555	2990
1536	512	3583	1396	563	2993
1792	512	3583	1609	570	2997
2048	512	3583	1817	577	3000
2303	512	3583	2027	584	3004
2559	512	3583	2255	592	3009
2815	512	3583	2469	599	3012
3071	512	3583	2666	607	3015
3327	512	3583	2876	615	3018
3583	512	3583	3084	622	3022
3839	512	3583	3294	630	3025
4095	512	3583	3500	637	3029
0	768	3583	174	751	2987
256	768	3583	387	758	2990
512	768	3583	601	765	2994
768	768	3583	811	773	2998
1024	768	3583	1022	782	3000
1280	768	3583	1230	788	3004
1536	768	3583	1441	796	3007
1792	768	3583	1651	804	3011
2048	768	3583	1862	812	3015
2303	768	3583	2071	819	3018
2559	768	3583	2306	827	3022
2815	768	3583	2508	834	3026
3071	768	3583	2709	841	3029
3327	768	3583	2918	848	3032
3583	768	3583	3128	856	3036
3839	768	3583	3339	864	3040
4095	768	3583	3544	870	3043
0	1024	3583	218	984	3001
256	1024	3583	431	991	3004
512	1024	3583	645	999	3008
768	1024	3583	855	1006	3011
1024	1024	3583	1065	1014	3015
1280	1024	3583	1273	1020	3018
1536	1024	3583	1486	1027	3021
1792	1024	3583	1696	1035	3025
2048	1024	3583	1905	1042	3029
2303	1024	3583	2119	1050	3033
2559	1024	3583	2354	1056	3036
2815	1024	3583	2549	1064	3039
3071	1024	3583	2752	1072	3042
3327	1024	3583	2962	1078	3046
3583	1024	3583	3171	1085	3050
3839	1024	3583	3383	1092	3054
4095	1024	3583	3585	1100	3057
0	1280	3583	262	1216	3015
256	1280	3583	477	1219	3018
512	1280	3583	689	1224	3022
768	1280	3583	900	1231	3026
1024	1280	3583	1109	1239	3030
1280	1280	3583	1317	1246	3032
1536	1280	3583	1530	1254	3035
1792	1280	3583	1738	1261	3040
2048	1280	3583	1949	1268	3043
2303	1280	3583	2167	1276	3047
2559	1280	3583	2396	1285	3050
2815	1280	3583	2589	1292	3053
3071	1280	3583	2797	1300	3056
3327	1280	3583	3006	1307	3060
3583	1280	3583	3215	1314	3064
3839	1280	3583	3424	1323	3067
4095	1280	3583	3628	1331	3070
0	1536	3583	305	1449	3029
256	1536	3583	521	1453	3032
512	1536	3583	732	1461	3035
768	1536	3583	942	1469	3039
1024	1536	3583	1151	1477	3043
1280	1536	3583	1361	1484	3047
1536	1536	3583	1574	1492	3051
1792	1536	3583	1782	1500	3054
2048	1536	3583	1993	1507	3057
2303	1536	3583	2217	1515	3060
2559	1536	3583	2436	1522	3064
2815	1536	3583	2632	1530	3067
3071	1536	3583	2840	1536	3071
3327	1536	3583	3049	1544	3074
3583	1536	3583	3258	1551	3078
3839	1536	3583	3467	1559	3081
4095	1536	3583	3671	1566	3084
0	1792	3583	349	1681	3043
256	1792	3583	565	1689	3046
512	1792	3583	775	1696	3050
768	1792	3583	986	1703	3053
1024	1792	3583	1194	1710	3057
1280	1792	3583	1405	1719	3061
1536	1792	3583	1616	1726	3065
1792	1792	3583	1826	1734	3068
2048	1792	3583	2038	1741	3071
2303	1792	3583	2265	1748	3074
2559	1792	3583	2476	1756	3078
2815	1792	3583	2674	1764	3082
3071	1792	3583	2884	1771	3085
3327	1792	3583	3091	1777	3088
3583	1792	3583	3302	1785	3091
3839	1792	3583	3508	1793	3095
4095	1792	3583	3714	1799	3098
0	2048	3583	395	1912	3057
256	2048	3583	608	1920	3061
512	2048	3583	820	1928	3064
768	2048	3583	1029	1934	3067
1024	2048	3583	1237	1942	3072
1280	2048	3583	1448	1950	3075
1536	2048	3583	1660	1957	3079
1792	2048	3583	1869	1964	3083
2048	2048	3583	2081	1971	3086
2303	2048	3583	2315	1980	3088
2559	2048	3583	2516	1987	3092
2815	2048	3583	2718	1995	3096
3071	2048	3583	2927	2003	3099
3327	2048	3583	3136	2011	3102
3583	2048	3583	3346	2018	3105
3839	2048	3583	3551	2026	3108
4095	2048	3583	3756	2034	3112
0	2303	3583	440	2153	3071
256	2303	3583	653	2160	3074
512	2303	3583	864	2168	3077
768	2303	3583	1074	2176	3082
1024	2303	3583	1282	2184	3086
1280	2303	3583	1494	2192	3089
1536	2303	3583	1703	2200	3092
1792	2303	3583	1914	2208	3096
2048	2303	3583	2129	2216	3099
2303	2303	3583	2364	2223	3101
2559	2303	3583	2557	2231	3106
2815	2303	3583	2762	2238	3109
3071	2303	3583	2971	2245	3112
3327	2303	3583	3180	2252	3115
3583	2303	3583	3391	2260	3119
3839	2303	3583	3594	2267	3122
4095	2303	3583	3801	2275	3127
0	2559	3583	486	2392	3084
256	2559	3583	697	2399	3087
512	2559	3583	908	2406	3092
768	2559	3583	1117	2414	3096
1024	2559	3583	1326	2422	3100
1280	2559	3583	1539	2429	3103
1536	2559	3583	1748	2437	3106
1792	2559	3583	1957	2444	3110
2048	2559	3583	2178	2452	3113
2303	2559	3583	2404	2459	3117
2559	2559	3583	2597	2467	3120
2815	2559	3583	2805	2474	3122
3071	2559	3583	3013	2480	3126
3327	2559	3583	3224	2488	3129
3583	2559	3583	3433	2495	3132
3839	2559	3583	3637	2502	3137
4095	2559	3583	3845	2509	3140
0	2815	3583	530	2621	3098
256	2815	3583	740	2628	3102
512	2815	3583	950	2635	3105
768	2815	3583	1160	2642	3109
1024	2815	3583	1369	2650	3113
1280	2815	3583	1583	2657	3117
1536	2815	3583	1790	2664	3120
1792	2815	3583	2002	2671	3123
2048	2815	3583	2227	2678	3127
2303	2815	3583	2444	2685	3131
2559	2815	3583	2639	2692	3134
2815	2815	3583	2848	2700	3136
3071	2815	3583	3056	2707	3139
3327	2815	3583	3268	2713	3143
3583	2815	3583	3476	2721	3147
3839	2815	3583	3679	2728	3151
4095	2815	3583	3886	2735	3154
0	3071	3583	574	2849	3112
256	3071	3583	783	2857	3116
512	3071	3583	994	2864	3119
768	3071	3583	1202	2872	3123
1024	3071	3583	1413	2879	3126
1280	3071	3583	1624	2887	3130
1536	3071	3583	1835	2894	3134
1792	3071	3583	2044	2901	3138
2048	3071	3583	2275	2908	3141
2303	3071	3583	2483	2915	3145
2559	3071	3583	2682	2923	3147
2815	3071	3583	2891	2929	3151
3071	3071	3583	3099	2935	3153
3327	3071	3583	3311	2943	3158
3583	3071	3583	3517	2950	3162
3839	3071	3583	3722	2957	3164
4095	3071	3583	3927	2964	3167
0	3327	3583	617	3079	3126
256	3327	3583	828	3085	3130
512	3327	3583	1038	3093	3133
768	3327	3583	1246	3100	3137
1024	3327	3583	1457	3108	3141
1280	3327	3583	1668	3115	3144
1536	3327	3583	1877	3123	3148
1792	3327	3583	2090	3130	3151
2048	3327	3583	2325	3136	3155
2303	3327	3583	2524	3144	3158
2559	3327	3583	2727	3151	3162
2815	3327	3583	2936	3158	3165
3071	3327	3583	3143	3165	3169
3327	3327	3583	3355	3173	3171
3583	3327	3583	3559	3179	3175
3839	3327	3583	3766	3185	3178
4095	3327	3583	3968	3192	3181
0	3583	3583	661	3307	3140
256	3583	3583	872	3315	3144
512	3583	3583	1082	3321	3147
768	3583	3583	1290	3329	3151
1024	3583	3583	1502	3337	3154
1280	3583	3583	1711	3345	3158
1536	3583	3583	1922	3351	3162
1792	3583	3583	2139	3358	3165
2048	3583	3583	2373	3365	3169
2303	3583	3583	2564	3372	3173
2559	3583	3583	2771	3379	3175
2815	3583	3583	2979	3386	3180
3071	3583	3583	3188	3394	3183
3327	3583	3583	3398	3400	3186
3583	3583	3583	3602	3407	3189
3839	3583	3583	3810	3414	3191
4095	3583	3583	4010	3420	3195
0	3839	3583	704	3538	3153
256	3839	3583	915	3546	3157
512	3839	3583	1124	3554	3161
768	3839	3583	1333	3561	3164
1024	3839	3583	1545	3568	3168
1280	3839	3583	1755	3576	3172
1536	3839	3583	1965	3584	3175
1792	3839	3583	2188	3590	3179
2048	3839	3583	2413	3598	3183
2303	3839	3583	2605	3605	3185
2559	3839	3583	2814	3611	3189
2815	3839	3583	3023	3618	3192
3071	3839	3583	3232	3626	3195
3327	3839	3583	3441	3633	3199
3583	3839	3583	3645	3639	3202
3839	3839	3583	3853	3646	3206
4095	3839	3583	4052	3653	3207
0	4095	3583	747	3769	3166
256	4095	3583	958	3776	3170
512	4095	3583	1167	3784	3174
768	4095	3583	1376	3791	3178
1024	4095	3583	1589	3797	3182
1280	4095	3583	1798	3805	3185
1536	4095	3583	2009	3812	3188
1792	4095	3583	2236	3820	3191
2048	4095	3583	2452	3826	3194
2303	4095	3583	2647	3833	3199
2559	4095	3583	2857	3841	3202
2815	4095	3583	3064	3847	3205
3071	4095	3583	3275	3854	3209
3327	4095	3583	3481	3861	3213
3583	4095	3583	3687	3868	3216
3839	4095	3583	3893	3873	3218
4095	4095	3583	4091	3879	3223
0	0	3839	46	56	3147
256	0	3839	253	64	3149
512	0	3839	468	71	3153
768	0	3839	681	78	3157
1024	0	3839	892	86	3160
1280	0	3839	1101	94	3163
1536	0	3839	1309	101	3167
1792	0	3839	1522	109	3171
2048	0	3839	1730	117	3175
2303	0	3839	1940	124	3179
2559	0	3839	2158	132	3181
2815	0	3839	2388	139	3185
3071	0	3839	2581	147	3189
3327	0	3839	2788	154	3192
3583	0	3839	2996	161	3196
3839	0	3839	3205	169	3199
4095	0	3839	3415	176	3200
0	256	3839	89	291	3161
256	256	3839	298	298	3162
512	256	3839	513	307	3166
768	256	3839	724	313	3169
1024	256	3839	936	320	3173
1280	256	3839	1144	328	3177
1536	256	3839	1354	336	3180
1792	256	3839	1566	342	3184
2048	256	3839	1773	350	3187
2303	256	3839	1984	358	3190
2559	256	3839	2207	365	3194
2815	256	3839	2428	372	3197
3071	256	3839	2624	380	3200
3327	256	3839	2833	388	3204
3583	256	3839	3040	394	3208
3839	256	3839	3250	401	3211
4095	256	3839	3458	409	3215
0	512	3839	134	522	3174
256	512	3839	343	529	3177
512	512	3839	559	537	3179
768	512	3839	769	544	3183
1024	512	3839	979	551	3186
1280	512	3839	1188	559	3191
1536	512	3839	1398	566	3194
1792	512	3839	1609	573	3197
2048	512	3839	1818	580	3201
2303	512	3839	2028	589	3203
2559	512	3839	2256	596	3207
2815	512	3839	2470	603	3211
3071	512	3839	2667	611	3216
3327	512	3839	2877	619	3219
3583	512	3839	3085	626	3223
3839	512	3839	3296	633	3227
4095	512	3839	3502	641	3230
0	768	3839	176	754	3187
256	768	3839	388	762	3191
512	768	3839	602	769	3194
768	768	3839	813	777	3197
1024	768	3839	1024	785	3201
1280	768	3839	1231	792	3205
1536	768	3839	1443	800	3208
1792	768	3839	1653	808	3212
2048	768	3839	1863	815	3216
2303	768	3839	2073	822	3219
2559	768	3839	2307	829	3222
2815	768	3839	2510	837	3227
3071	768	3839	2711	844	3231
3327	768	3839	2920	852	3234
3583	768	3839	3129	859	3238
3839	768	3839	3341	867	3242
4095	768	3839	3544	874	3245
0	1024	3839	219	988	3201
256	1024	3839	432	995	3204
512	1024	3839	646	1002	3207
768	1024	3839	856	1009	3212
1024	1024	3839	1067	1017	3217
1280	1024	3839	1275	1025	3219
1536	1024	3839	1487	1031	3223
1792	1024	3839	1697	1039	3227
2048	1024	3839	1906	1046	3230
2303	1024	3839	2121	1053	3234
2559	1024	3839	2355	1060	3238
2815	1024	3839	2550	1068	3241
3071	1024	3839	2754	1075	3245
3327	1024	3839	2964	1081	3249
3583	1024	3839	3172	1088	3252
3839	1024	3839	3384	1096	3256
4095	1024	3839	3586	1104	3260
0	1280	3839	263	1217	3215
256	1280	3839	478	1222	3218
512	1280	3839	690	1228	3223
768	1280	3839	902	1236	3227
1024	1280	3839	1110	1242	3231
1280	1280	3839	1319	1249	3234
1536	1280	3839	1532	1257	3238
1792	1280	3839	1740	1264	3241
2048	1280	3839	1950	1272	3245
2303	1280	3839	2168	1279	3249
2559	1280	3839	2397	1288	3252
2815	1280	3839	2590	1296	3255
3071	1280	3839	2798	1304	3260
3327	1280	3839	3007	1311	3263
3583	1280	3839	3217	1318	3267
3839	1280	3839	3425	1326	3271
4095	1280	3839	3629	1334	3274
0	1536	3839	307	1452	3229
256	1536	3839	522	1457	3234
512	1536	3839	734	1465	3238
768	1536	3839	944	1473	3242
1024	1536	3839	1153	1481	3245
1280	1536	3839	1363	1488	3249
1536	1536	3839	1576	1496	3253
1792	1536	3839	1784	1505	3256
2048	1536	3839	1995	1511	3260
2303	1536	3839	2218	1518	3264
2559	1536	3839	2438	1525	3267
2815	1536	3839	2633	1534	3271
3071	1536	3839	2842	1541	3275
3327	1536	3839	3051	1548	3278
3583	1536	3839	3260	1555	3282
3839	1536	3839	3468	1562	3286
4095	1536	3839	3672	1570	3289
0	1792	3839	351	1685	3246
256	1792	3839	567	1692	3249
512	1792	3839	777	1699	3253
768	1792	3839	987	1706	3257
1024	1792	3839	1196	1714	3260
1280	1792	3839	1407	1722	3263
1536	1792	3839	1618	1729	3267
1792	1792	3839	1828	1737	3272
2048	1792	3839	2039	1745	3275
2303	1792	3839	2267	1752	3278
2559	1792	3839	2478	1759	3282
2815	1792	3839	2676	1767	3285
3071	1792	3839	2885	1774	3289
3327	1792	3839	3093	1780	3293
3583	1792	3839	3304	1788	3297
3839	1792	3839	3510	1796	3300
4095	1792	3839	3715	1803	3303
0	2048	3839	397	1916	3261
256	2048	3839	610	1924	3264
512	2048	3839	822	1932	3268
768	2048	3839	1030	1938	3271
1024	2048	3839	1239	1946	3275
1280	2048	3839	1450	1953	3278
1536	2048	3839	1662	1960	3283
1792	2048	3839	1871	1967	3287
2048	2048	3839	2082	1975	3290
2303	2048	3839	2317	1983	3293
2559	2048	3839	2518	1991	3296
2815	2048	3839	2720	1999	3300
3071	2048	3839	2928	2007	3304
3327	2048	3839	3137	2015	3307
3583	2048	3839	3348	2022	3311
3839	2048	3839	3552	2030	3314
4095	2048	3839	3758	2038	3318
0	2303	3839	442	2157	3275
256	2303	3839	655	2164	3278
512	2303	3839	865	2172	3282
768	2303	3839	1075	2180	3285
1024	2303	3839	1284	2187	3289
1280	2303	3839	1496	2196	3294
1536	2303	3839	1705	2204	3297
1792	2303	3839	1916	2212	3301
2048	2303	3839	2131	2220	3305
2303	2303	3839	2366	2226	3308
2559	2303	3839	2559	2235	3311
2815	2303	3839	2763	2242	3314
3071	2303	3839	2973	2249	3318
3327	2303	3839	3181	2257	3321
3583	2303	3839	3393	2264	3325
3839	2303	3839	3595	2271	3329
4095	2303	3839	3802	2279	3333
0	2559	3839	488	2395	3289
256	2559	3839	698	2403	3293
512	2559	3839	909	2410	3296
768	2559	3839	1119	2417	3300
1024	2559	3839	1328	2425	3305
1280	2559	3839	1541	2432	3308
1536	2559	3839	1749	2440	3312
1792	2559	3839	1959	2448	3315
2048	2559	3839	2180	2456	3319
2303	2559	3839	2405	2463	3323
2559	2559	3839	2599	2470	3326
2815	2559	3839	2807	2478	3330
3071	2559	3839	3015	2484	3333
3327	2559	3839	3226	2491	3337
3583	2559	3839	3435	2498	3340
3839	2559	3839	3639	2505	3344
4095	2559	3839	3847	2512	3347
0	2815	3839	532	2624	3304
256	2815	3839	742	2632	3307
512	2815	3839	952	2639	3311
768	2815	3839	1161	2646	3315
1024	2815	3839	1371	2653	3319
1280	2815	3839	1584	2660	3323
1536	2815	3839	1793	2667	3326
1792	2815	3839	2004	2675	3331
2048	2815	3839	2228	2682	3334
2303	2815	3839	2445	2689	3338
2559	2815	3839	2641	2695	3342
2815	2815	3839	2850	2704	3344
3071	2815	3839	3059	2710	3348
3327	2815	3839	3269	2717	3351
3583	2815	3839	3477	2724	3355
3839	2815	3839	3681	2732	3358
4095	2815	3839	3888	2739	3362
0	3071	3839	576	2853	3318
256	3071	3839	785	2860	3321
512	3071	3839	996	2868	3326
768	3071	3839	1203	2876	3331
1024	3071	3839	1414	2882	3334
1280	3071	3839	1625	2890	3338
1536	3071	3839	1836	2898	3341
1792	3071	3839	2046	2905	3345
2048	3071	3839	2277	2912	3349
2303	3071	3839	2485	2919	3353
2559	3071	3839	2685	2926	3356
2815	3071	3839	2892	2932	3359
3071	3071	3839	3101	2940	3363
3327	3071	3839	3313	2947	3366
3583	3071	3839	3518	2954	3369
3839	3071	3839	3724	2961	3373
4095	3071	3839	3928	2968	3376
0	3327	3839	619	3083	3333
256	3327	3839	830	3089	3338
512	3327	3839	1039	3096	3341
768	3327	3839	1248	3104	3345
1024	3327	3839	1459	3111	3348
1280	3327	3839	1669	3118	3352
1536	3327	3839	1878	3126	3356
1792	3327	3839	2092	3133	3359
2048	3327	3839	2327	3140	3364
2303	3327	3839	2526	3147	3367
2559	3327	3839	2728	3155	3370
2815	3327	3839	2937	3162	3374
3071	3327	3839	3145	3169	3378
3327	3327	3839	3357	3175	3381
3583	3327	3839	3561	3183	3384
3839	3327	3839	3767	3189	3388
4095	3327	3839	3970	3195	3391
0	3583	3839	663	3311	3348
256	3583	3839	873	3318	3352
512	3583	3839	1084	3325	3355
768	3583	3839	1292	3333	3359
1024	3583	3839	1505	3341	3362
1280	3583	3839	1713	3348	3366
1536	3583	3839	1924	3355	3370
1792	3583	3839	2141	3362	3374
2048	3583	3839	2375	3369	3378
2303	3583	3839	2566	3376	3381
2559	3583	3839	2772	3383	3385
2815	3583	3839	2981	3390	3388
3071	3583	3839	3191	3397	3392
3327	3583	3839	3399	3403	3396
3583	3583	3839	3604	3412	3399
3839	3583	3839	3812	3418	3401
4095	3583	3839	4012	3424	3405
0	3839	3839	706	3542	3361
256	3839	3839	917	3550	3366
512	3839	3839	1126	3557	3369
768	3839	3839	1336	3564	3372
1024	3839	3839	1548	3572	3376
1280	3839	3839	1757	3579	3380
1536	3839	3839	1968	3587	3385
1792	3839	3839	2190	3594	3388
2048	3839	3839	2414	3601	3391
2303	3839	3839	2607	3608	3395
2559	3839	3839	2816	3614	3398
2815	3839	3839	3025	3622	3402
3071	3839	3839	3234	3629	3406
3327	3839	3839	3443	3637	3410
3583	3839	3839	3647	3643	3414
3839	3839	3839	3855	3650	3414
4095	3839	3839	4053	3657	3417
0	4095	3839	749	3774	3375
256	4095	3839	959	3780	3379
512	4095	3839	1168	3787	3383
768	4095	3839	1379	3794	3387
1024	4095	3839	1591	3801	3390
1280	4095	3839	1800	3809	3395
1536	4095	3839	2011	3816	3398
1792	4095	3839	2237	3823	3402
2048	4095	3839	2454	3829	3405
2303	4095	3839	2649	3836	3409
2559	4095	3839	2859	3845	3412
2815	4095	3839	3065	3852	3415
3071	4095	3839	3277	3858	3418
3327	4095	3839	3484	3864	3422
3583	4095	3839	3689	3871	3425
3839	4095	3839	3895	3877	3429
4095	4095	3839	4093	3883	3433
0	0	4095	49	60	3356
256	0	4095	257	68	3358
512	0	4095	470	75	3363
768	0	4095	683	83	3367
1024	0	4095	894	90	3370
1280	0	4095	1103	98	3372
1536	0	4095	1310	106	3376
1792	0	4095	1523	114	3381
2048	0	4095	1731	121	3384
2303	0	4095	1942	128	3388
2559	0	4095	2159	135	3392
2815	0	4095	2389	143	3396
3071	0	4095	2582	151	3399
3327	0	4095	2790	157	3403
3583	0	4095	2998	165	3407
3839	0	4095	3207	173	3410
4095	0	4095	3417	180	3415
0	256	4095	92	295	3371
256	256	4095	300	303	3372
512	256	4095	515	309	3376
768	256	4095	726	316	3380
1024	256	4095	937	324	3382
1280	256	4095	1146	332	3387
1536	256	4095	1357	339	3390
1792	256	4095	1567	346	3394
2048	256	4095	1775	354	3398
2303	256	4095	1985	361	3402
2559	256	4095	2209	368	3406
2815	256	4095	2429	376	3410
3071	256	4095	2625	384	3413
3327	256	4095	2834	391	3417
3583	256	4095	3042	397	3420
3839	256	4095	3251	405	3424
4095	256	4095	3460	413	3428
0	512	4095	136	526	3385
256	512	4095	344	533	3388
512	512	4095	561	540	3390
768	512	4095	772	548	3393
1024	512	4095	981	555	3398
1280	512	4095	1193	562	3401
1536	512	4095	1403	569	3405
1792	512	4095	1611	577	3410
2048	512	4095	1819	584	3413
2303	512	4095	2031	591	3417
2559	512	4095	2257	599	3420
2815	512	4095	2471	606	3423
3071	512	4095	2669	614	3427
3327	512	4095	2879	621	3431
3583	512	4095	3086	630	3435
3839	512	4095	3297	636	3438
4095	512	4095	3503	644	3442
0	768	4095	178	758	3399
256	768	4095	390	765	3403
512	768	4095	604	773	3405
768	768	4095	814	781	3408
1024	768	4095	1026	788	3413
1280	768	4095	1233	795	3416
1536	768	4095	1444	803	3421
1792	768	4095	1654	811	3424
2048	768	4095	1865	818	3428
2303	768	4095	2075	825	3431
2559	768	4095	2308	833	3435
2815	768	4095	2511	841	3438
3071	768	4095	2713	848	3442
3327	768	4095	2922	855	3447
3583	768	4095	3130	863	3450
3839	768	4095	3341	870	3454
4095	768	4095	3546	877	3457
0	1024	4095	222	991	3414
256	1024	4095	435	998	3416
512	1024	4095	648	1005	3420
768	1024	4095	858	1012	3423
1024	1024	4095	1068	1020	3427
1280	1024	4095	1277	1027	3431
1536	1024	4095	1488	1034	3435
1792	1024	4095	1698	1042	3438
2048	1024	4095	1908	1050	3442
2303	1024	4095	2123	1057	3446
2559	1024	4095	2356	1063	3450
2815	1024	4095	2552	1071	3453
3071	1024	4095	2756	1078	3458
3327	1024	4095	2965	1085	3462
3583	1024	4095	3174	1092	3466
3839	1024	4095	3385	1099	3469
4095	1024	4095	3588	1107	3473
0	1280	4095	266	1217	3426
256	1280	4095	480	1229	3430
512	1280	4095	692	1238	3435
768	1280	4095	903	1243	3438
1024	1280	4095	1112	1245	3443
1280	1280	4095	1320	1251	3447
1536	1280	4095	1534	1260	3450
1792	1280	4095	1742	1267	3454
2048	1280	4095	1953	1275	3458
2303	1280	4095	2171	1284	3461
2559	1280	4095	2399	1292	3465
2815	1280	4095	2592	1299	3470
3071	1280	4095	2800	1307	3473
3327	1280	4095	3009	1315	3477
3583	1280	4095	3219	1322	3481
3839	1280	4095	3428	1329	3485
4095	1280	4095	3632	1337	3488
0	1536	4095	310	1454	3443
256	1536	4095	525	1463	3446
512	1536	4095	736	1471	3450
768	1536	4095	946	1478	3455
1024	1536	4095	1155	1485	3459
1280	1536	4095	1365	1492	3462
1536	1536	4095	1578	1500	3466
1792	1536	4095	1786	1508	3469
2048	1536	4095	1997	1514	3473
2303	1536	4095	2220	1521	3477
2559	1536	4095	2440	1529	3481
2815	1536	4095	2636	1537	3485
3071	1536	4095	2844	1544	3489
3327	1536	4095	3053	1551	3492
3583	1536	4095	3262	1559	3496
3839	1536	4095	3471	1566	3500
4095	1536	4095	3674	1573	3504
0	1792	4095	354	1688	3458
256	1792	4095	570	1695	3462
512	1792	4095	780	1702	3467
768	1792	4095	990	1710	3470
1024	1792	4095	1198	1718	3474
1280	1792	4095	1409	1726	3478
1536	1792	4095	1621	1732	3481
1792	1792	4095	1830	1741	3485
2048	1792	4095	2041	1748	3488
2303	1792	4095	2268	1755	3493
2559	1792	4095	2480	1762	3496
2815	1792	4095	2678	1770	3500
3071	1792	4095	2887	1777	3504
3327	1792	4095	3095	1783	3507
3583	1792	4095	3306	1791	3511
3839	1792	4095	3512	1799	3516
4095	1792	4095	3718	1806	3519
0	2048	4095	399	1919	3473
256	2048	4095	612	1927	3478
512	2048	4095	824	1935	3482
768	2048	4095	1033	1942	3485
1024	2048	4095	1242	1948	3489
1280	2048	4095	1453	1956	3493
1536	2048	4095	1664	1964	3496
1792	2048	4095	1873	1970	3500
2048	2048	4095	2084	1978	3505
2303	2048	4095	2319	1986	3508
2559	2048	4095	2519	1994	3512
2815	2048	4095	2722	2002	3515
3071	2048	4095	2931	2010	3519
3327	2048	4095	3139	2018	3522
3583	2048	4095	3351	2026	3527
3839	2048	4095	3555	2033	3531
4095	2048	4095	3760	2041	3535
0	2303	4095	444	2161	3489
256	2303	4095	657	2168	3493
512	2303	4095	868	2176	3497
768	2303	4095	1078	2184	3500
1024	2303	4095	1286	2191	3504
1280	2303	4095	1499	2199	3508
1536	2303	4095	1708	2208	3512
1792	2303	4095	1918	2216	3517
2048	2303	4095	2133	2223	3521
2303	2303	4095	2368	2230	3524
2559	2303	4095	2561	2238	3528
2815	2303	4095	2766	2245	3531
3071	2303	4095	2975	2253	3534
3327	2303	4095	3184	2260	3538
3583	2303	4095	3396	2268	3542
3839	2303	4095	3598	2274	3546
4095	2303	4095	3805	2283	3550
0	2559	4095	490	2399	3504
256	2559	4095	701	2407	3508
512	2559	4095	912	2413	3512
768	2559	4095	1121	2421	3516
1024	2559	4095	1330	2428	3520
1280	2559	4095	1543	2436	3523
1536	2559	4095	1751	2444	3528
1792	2559	4095	1961	2451	3532
2048	2559	4095	2183	2459	3536
2303	2559	4095	2408	2466	3540
2559	2559	4095	2601	2473	3543
2815	2559	4095	2810	2481	3546
3071	2559	4095	3018	2487	3549
3327	2559	4095	3229	2494	3554
3583	2559	4095	3438	2501	3558
3839	2559	4095	3641	2509	3561
4095	2559	4095	3849	2516	3565
0	2815	4095	534	2627	3520
256	2815	4095	744	2635	3523
512	2815	4095	954	2643	3527
768	2815	4095	1164	2649	3531
1024	2815	4095	1373	2656	3535
1280	2815	4095	1585	2664	3539
1536	2815	4095	1794	2670	3543
1792	2815	4095	2006	2678	3547
2048	2815	4095	2231	2685	3551
2303	2815	4095	2447	2693	3555
2559	2815	4095	2643	2699	3558
2815	2815	4095	2853	2707	3561
3071	2815	4095	3061	2713	3565
3327	2815	4095	3272	2720	3569
3583	2815	4095	3480	2727	3573
3839	2815	4095	3683	2735	3576
4095	2815	4095	3890	2742	3579
0	3071	4095	578	2856	3534
256	3071	4095	788	2864	3539
512	3071	4095	998	2871	3542
768	3071	4095	1206	2879	3546
1024	3071	4095	1417	2885	3551
1280	3071	4095	1628	2893	3554
1536	3071	4095	1837	2901	3558
1792	3071	4095	2049	2908	3562
2048	3071	4095	2280	2915	3566
2303	3071	4095	2488	2922	3570
2559	3071	4095	2687	2929	3573
2815	3071	4095	2895	2936	3578
3071	3071	4095	3104	2944	3581
3327	3071	4095	3317	2951	3585
3583	3071	4095	3521	2957	3588
3839	3071	4095	3726	2964	3592
4095	3071	4095	3930	2972	3595
0	3327	4095	621	3086	3549
256	3327	4095	832	3092	3554
512	3327	4095	1042	3100	3558
768	3327	4095	1250	3107	3562
1024	3327	4095	1461	3114	3566
1280	3327	4095	1672	3121	3569
1536	3327	4095	1881	3129	3573
1792	3327	4095	2095	3137	3577
2048	3327	4095	2330	3143	3581
2303	3327	4095	2529	3151	3585
2559	3327	4095	2730	3158	3589
2815	3327	4095	2939	3166	3593
3071	3327	4095	3148	3172	3597
3327	3327	4095	3360	3178	3600
3583	3327	4095	3564	3186	3603
3839	3327	4095	3769	3192	3606
4095	3327	4095	3972	3199	3611
0	3583	4095	666	3314	3564
256	3583	4095	875	3322	3568
512	3583	4095	1086	3329	3573
768	3583	4095	1294	3336	3577
1024	3583	4095	1507	3343	3581
1280	3583	4095	1716	3351	3584
1536	3583	4095	1927	3358	3588
1792	3583	4095	2144	3365	3592
2048	3583	4095	2377	3372	3595
2303	3583	4095	2568	3379	3600
2559	3583	4095	2775	3386	3604
2815	3583	4095	2983	3394	3608
3071	3583	4095	3193	3401	3612
3327	3583	4095	3403	3407	3615
3583	3583	4095	3606	3414	3618
3839	3583	4095	3814	3421	3622
4095	3583	4095	4014	3427	3626
0	3839	4095	708	3545	3578
256	3839	4095	920	3553	3584
512	3839	4095	1129	3560	3588
768	3839	4095	1338	3567	3591
1024	3839	4095	1551	3575	3595
1280	3839	4095	1760	3582	3599
1536	3839	4095	1971	3590	3603
1792	3839	4095	2193	3596	3606
2048	3839	4095	2416	3604	3611
2303	3839	4095	2609	3611	3614
2559	3839	4095	2819	3617	3618
2815	3839	4095	3027	3625	3622
3071	3839	4095	3237	3633	3626
3327	3839	4095	3446	3640	3630
3583	3839	4095	3650	3646	3634
3839	3839	4095	3857	3653	3636
4095	3839	4095	4056	3659	3640
0	4095	4095	752	3776	3594
256	4095	4095	962	3783	3598
512	4095	4095	1171	3790	3602
768	4095	4095	1381	3798	3606
1024	4095	4095	1594	3804	3610
1280	4095	4095	1802	3812	3613
1536	4095	4095	2014	3819	3617
1792	4095	4095	2240	3826	3622
2048	4095	4095	2456	3833	3625
2303	4095	4095	2652	3841	3629
2559	4095	4095	2862	3848	3632
2815	4095	4095	3069	3854	3636
3071	4095	4095	3280	3860	3640
3327	4095	4095	3487	3867	3645
3583	4095	4095	3693	3874	3648
3839	4095	4095	3898	3880	3652
4095	4095	4095	4095	3887	3655
